po_id,order_date,store_id,supplier_id,product_id,quantity_ordered,unit_cost_pkr,expected_delivery_date,actual_delivery_date,lead_time_days,delivery_status,quantity_received,total_cost_pkr
PO000001,2025-01-01,S01,SUP01,P01,852.4,150.0,2025-01-04,2025-01-05,4,Late,852.4,127860.0
PO000002,2025-01-16,S01,SUP01,P01,881.0,150.0,2025-01-19,2025-01-20,4,Late,881.0,132150.0
PO000003,2025-02-01,S01,SUP01,P01,952.5,150.6,2025-02-04,2025-02-04,3,On-time,952.5,143446.5
PO000004,2025-02-20,S01,SUP01,P01,918.0,150.6,2025-02-23,2025-02-22,2,Early,918.0,138250.8
PO000005,2025-03-08,S01,SUP01,P01,999.0,151.2,2025-03-11,2025-03-11,3,On-time,999.0,151048.8
PO000006,2025-03-25,S01,SUP01,P01,1031.5,151.2,2025-03-28,2025-03-28,3,On-time,1031.5,155962.8
PO000007,2025-04-12,S01,SUP01,P01,1024.6,151.8,2025-04-15,2025-04-15,3,On-time,1024.6,155534.3
PO000008,2025-05-02,S01,SUP01,P01,976.7,152.4,2025-05-05,2025-05-05,3,On-time,976.7,148849.1
PO000009,2025-05-19,S01,SUP01,P01,983.2,152.4,2025-05-22,2025-05-22,3,On-time,983.2,149839.7
PO000010,2025-06-06,S01,SUP01,P01,998.4,153.0,2025-06-09,2025-06-09,3,On-time,998.4,152755.2
PO000011,2025-06-23,S01,SUP01,P01,1018.9,153.0,2025-06-26,2025-06-26,3,On-time,1018.9,155891.7
PO000012,2025-07-12,S01,SUP01,P01,978.4,153.6,2025-07-15,2025-07-15,3,On-time,978.4,150282.2
PO000013,2025-07-31,S01,SUP01,P01,936.1,153.6,2025-08-03,2025-08-06,6,Late,824.1,143785.0
PO000014,2025-08-15,S01,SUP01,P01,990.2,154.2,2025-08-18,2025-08-18,3,On-time,990.2,152688.8
PO000015,2025-09-01,S01,SUP01,P01,989.6,154.8,2025-09-04,2025-09-08,7,Late,763.5,153190.1
PO000016,2025-09-15,S01,SUP01,P01,986.1,154.8,2025-09-18,2025-09-17,2,Early,986.1,152648.3
PO000017,2025-10-04,S01,SUP01,P01,986.7,155.4,2025-10-07,2025-10-11,7,Late,799.1,153333.2
PO000018,2025-10-18,S01,SUP01,P01,981.9,155.4,2025-10-21,2025-10-21,3,On-time,981.9,152587.3
PO000019,2025-11-05,S01,SUP01,P01,975.5,156.0,2025-11-08,2025-11-08,3,On-time,975.5,152178.0
PO000020,2025-11-23,S01,SUP01,P01,1003.0,156.0,2025-11-26,2025-11-27,4,Late,1003.0,156468.0
PO000021,2025-12-12,S01,SUP01,P01,968.8,156.6,2025-12-15,2025-12-14,2,Early,968.8,151714.1
PO000022,2025-12-28,S01,SUP01,P01,1051.3,156.6,2025-12-31,2026-01-01,4,Late,1051.3,164633.6
PO000023,2025-01-01,S01,SUP03,P02,569.3,180.0,2025-01-05,2025-01-05,4,On-time,569.3,102474.0
PO000024,2025-01-14,S01,SUP03,P02,659.0,180.0,2025-01-18,2025-01-18,4,On-time,659.0,118620.0
PO000025,2025-02-02,S01,SUP03,P02,683.9,180.7,2025-02-06,2025-02-06,4,On-time,683.9,123580.7
PO000026,2025-02-22,S01,SUP03,P02,694.7,180.7,2025-02-26,2025-02-25,3,Early,694.7,125532.3
PO000027,2025-03-11,S01,SUP03,P02,766.2,181.4,2025-03-15,2025-03-15,4,On-time,766.2,138988.7
PO000028,2025-03-29,S01,SUP03,P02,835.4,181.4,2025-04-02,2025-04-06,8,Late,727.3,151541.6
PO000029,2025-04-19,S01,SUP03,P02,697.0,182.2,2025-04-23,2025-04-23,4,On-time,697.0,126993.4
PO000030,2025-05-11,S01,SUP03,P02,653.5,182.9,2025-05-15,2025-05-14,3,Early,653.5,119525.2
PO000031,2025-06-01,S01,SUP03,P02,649.0,183.6,2025-06-05,2025-06-05,4,On-time,649.0,119156.4
PO000032,2025-06-20,S01,SUP03,P02,652.0,183.6,2025-06-24,2025-06-24,4,On-time,652.0,119707.2
PO000033,2025-07-11,S01,SUP03,P02,623.1,184.3,2025-07-15,2025-07-16,5,Late,623.1,114837.3
PO000034,2025-07-29,S01,SUP03,P02,647.8,184.3,2025-08-02,2025-08-02,4,On-time,647.8,119389.5
PO000035,2025-08-17,S01,SUP03,P02,696.1,185.0,2025-08-21,2025-08-22,5,Late,696.1,128778.5
PO000036,2025-09-08,S01,SUP03,P02,668.3,185.8,2025-09-12,2025-09-12,4,On-time,668.3,124170.1
PO000037,2025-09-28,S01,SUP03,P02,669.7,185.8,2025-10-02,2025-10-01,3,Early,669.7,124430.3
PO000038,2025-10-18,S01,SUP03,P02,697.9,186.5,2025-10-22,2025-10-21,3,Early,697.9,130158.3
PO000039,2025-11-07,S01,SUP03,P02,719.2,187.2,2025-11-11,2025-11-10,3,Early,719.2,134634.2
PO000040,2025-11-25,S01,SUP03,P02,742.5,187.2,2025-11-29,2025-11-29,4,On-time,742.5,138996.0
PO000041,2025-12-17,S01,SUP03,P02,694.1,187.9,2025-12-21,2025-12-20,3,Early,694.1,130421.4
PO000042,2025-01-01,S01,SUP02,P03,91.6,1200.0,2025-01-03,2025-01-03,2,On-time,91.6,109920.0
PO000043,2025-01-05,S01,SUP02,P03,101.5,1200.0,2025-01-07,2025-01-10,5,Late,80.4,121800.0
PO000044,2025-01-11,S01,SUP02,P03,104.4,1200.0,2025-01-13,2025-01-13,2,On-time,104.4,125280.0
PO000045,2025-01-17,S01,SUP02,P03,106.4,1200.0,2025-01-19,2025-01-19,2,On-time,106.4,127680.0
PO000046,2025-01-24,S01,SUP02,P03,109.7,1200.0,2025-01-26,2025-01-25,1,Early,109.7,131640.0
PO000047,2025-01-30,S01,SUP02,P03,111.8,1200.0,2025-02-01,2025-02-01,2,On-time,111.8,134160.0
PO000048,2025-02-06,S01,SUP02,P03,113.3,1204.8,2025-02-08,2025-02-10,4,Late,113.3,136503.8
PO000049,2025-02-12,S01,SUP02,P03,117.6,1204.8,2025-02-14,2025-02-17,5,Late,99.1,141684.5
PO000050,2025-02-18,S01,SUP02,P03,127.2,1204.8,2025-02-20,2025-02-19,1,Early,127.2,153250.6
PO000051,2025-02-26,S01,SUP02,P03,123.4,1204.8,2025-02-28,2025-02-28,2,On-time,123.4,148672.3
PO000052,2025-03-05,S01,SUP02,P03,121.2,1209.6,2025-03-07,2025-03-07,2,On-time,121.2,146603.5
PO000053,2025-03-13,S01,SUP02,P03,116.7,1209.6,2025-03-15,2025-03-15,2,On-time,116.7,141160.3
PO000054,2025-03-19,S01,SUP02,P03,120.9,1209.6,2025-03-21,2025-03-21,2,On-time,120.9,146240.6
PO000055,2025-03-26,S01,SUP02,P03,119.0,1209.6,2025-03-28,2025-03-28,2,On-time,119.0,143942.4
PO000056,2025-04-01,S01,SUP02,P03,132.9,1214.4,2025-04-03,2025-04-03,2,On-time,132.9,161393.8
PO000057,2025-04-09,S01,SUP02,P03,117.1,1214.4,2025-04-11,2025-04-12,3,Late,117.1,142206.2
PO000058,2025-04-18,S01,SUP02,P03,108.0,1214.4,2025-04-20,2025-04-20,2,On-time,108.0,131155.2
PO000059,2025-04-26,S01,SUP02,P03,105.3,1214.4,2025-04-28,2025-04-28,2,On-time,105.3,127876.3
PO000060,2025-05-03,S01,SUP02,P03,100.1,1219.2,2025-05-05,2025-05-06,3,Late,100.1,122041.9
PO000061,2025-05-10,S01,SUP02,P03,100.6,1219.2,2025-05-12,2025-05-12,2,On-time,100.6,122651.5
PO000062,2025-05-17,S01,SUP02,P03,100.2,1219.2,2025-05-19,2025-05-19,2,On-time,100.2,122163.8
PO000063,2025-05-25,S01,SUP02,P03,100.6,1219.2,2025-05-27,2025-05-26,1,Early,100.6,122651.5
PO000064,2025-06-01,S01,SUP02,P03,100.0,1224.0,2025-06-03,2025-06-06,5,Late,76.9,122400.0
PO000065,2025-06-07,S01,SUP02,P03,100.1,1224.0,2025-06-09,2025-06-10,3,Late,100.1,122522.4
PO000066,2025-06-13,S01,SUP02,P03,100.1,1224.0,2025-06-15,2025-06-15,2,On-time,100.1,122522.4
PO000067,2025-06-21,S01,SUP02,P03,99.9,1224.0,2025-06-23,2025-06-22,1,Early,99.9,122277.6
PO000068,2025-06-28,S01,SUP02,P03,97.7,1224.0,2025-06-30,2025-07-03,5,Late,82.3,119584.8
PO000069,2025-07-04,S01,SUP02,P03,96.3,1228.8,2025-07-06,2025-07-06,2,On-time,96.3,118333.4
PO000070,2025-07-11,S01,SUP02,P03,95.7,1228.8,2025-07-13,2025-07-13,2,On-time,95.7,117596.2
PO000071,2025-07-18,S01,SUP02,P03,98.7,1228.8,2025-07-20,2025-07-20,2,On-time,98.7,121282.6
PO000072,2025-07-25,S01,SUP02,P03,101.4,1228.8,2025-07-27,2025-07-27,2,On-time,101.4,124600.3
PO000073,2025-07-31,S01,SUP02,P03,102.3,1228.8,2025-08-02,2025-08-05,5,Late,83.5,125706.2
PO000074,2025-08-06,S01,SUP02,P03,101.4,1233.6,2025-08-08,2025-08-09,3,Late,101.4,125087.0
PO000075,2025-08-13,S01,SUP02,P03,102.1,1233.6,2025-08-15,2025-08-19,6,Late,76.5,125950.6
PO000076,2025-08-20,S01,SUP02,P03,101.7,1233.6,2025-08-22,2025-08-22,2,On-time,101.7,125457.1
PO000077,2025-08-27,S01,SUP02,P03,100.1,1233.6,2025-08-29,2025-08-28,1,Early,100.1,123483.4
PO000078,2025-09-03,S01,SUP02,P03,100.2,1238.4,2025-09-05,2025-09-05,2,On-time,100.2,124087.7
PO000079,2025-09-10,S01,SUP02,P03,99.5,1238.4,2025-09-12,2025-09-12,2,On-time,99.5,123220.8
PO000080,2025-09-17,S01,SUP02,P03,100.7,1238.4,2025-09-19,2025-09-20,3,Late,100.7,124706.9
PO000081,2025-09-24,S01,SUP02,P03,100.3,1238.4,2025-09-26,2025-09-28,4,Late,83.2,124211.5
PO000082,2025-09-29,S01,SUP02,P03,102.8,1238.4,2025-10-01,2025-10-04,5,Late,79.6,127307.5
PO000083,2025-10-04,S01,SUP02,P03,108.7,1243.2,2025-10-06,2025-10-11,7,Late,84.0,135135.8
PO000084,2025-10-12,S01,SUP02,P03,104.8,1243.2,2025-10-14,2025-10-14,2,On-time,104.8,130287.4
PO000085,2025-10-20,S01,SUP02,P03,101.7,1243.2,2025-10-22,2025-10-26,6,Late,92.5,126433.4
PO000086,2025-10-28,S01,SUP02,P03,101.9,1243.2,2025-10-30,2025-10-29,1,Early,101.9,126682.1
PO000087,2025-11-03,S01,SUP02,P03,108.6,1248.0,2025-11-05,2025-11-04,1,Early,108.6,135532.8
PO000088,2025-11-09,S01,SUP02,P03,114.9,1248.0,2025-11-11,2025-11-11,2,On-time,114.9,143395.2
PO000089,2025-11-16,S01,SUP02,P03,122.3,1248.0,2025-11-18,2025-11-17,1,Early,122.3,152630.4
PO000090,2025-11-22,S01,SUP02,P03,123.8,1248.0,2025-11-24,2025-11-25,3,Late,123.8,154502.4
PO000091,2025-11-29,S01,SUP02,P03,133.4,1248.0,2025-12-01,2025-12-01,2,On-time,133.4,166483.2
PO000092,2025-12-06,S01,SUP02,P03,133.7,1252.8,2025-12-08,2025-12-12,6,Late,114.7,167499.4
PO000093,2025-12-13,S01,SUP02,P03,134.4,1252.8,2025-12-15,2025-12-14,1,Early,134.4,168376.3
PO000094,2025-12-21,S01,SUP02,P03,129.5,1252.8,2025-12-23,2025-12-23,2,On-time,129.5,162237.6
PO000095,2025-12-28,S01,SUP02,P03,128.8,1252.8,2025-12-30,2025-12-31,3,Late,128.8,161360.6
PO000096,2025-01-01,S01,SUP02,P04,138.4,320.0,2025-01-03,2025-01-07,6,Late,99.1,44288.0
PO000097,2025-01-07,S01,SUP02,P04,150.3,320.0,2025-01-09,2025-01-08,1,Early,150.3,48096.0
PO000098,2025-01-14,S01,SUP02,P04,153.3,320.0,2025-01-16,2025-01-16,2,On-time,153.3,49056.0
PO000099,2025-01-20,S01,SUP02,P04,157.9,320.0,2025-01-22,2025-01-26,6,Late,129.4,50528.0
PO000100,2025-01-27,S01,SUP02,P04,166.3,320.0,2025-01-29,2025-01-28,1,Early,166.3,53216.0
PO000101,2025-02-02,S01,SUP02,P04,175.6,321.3,2025-02-04,2025-02-08,6,Late,134.1,56420.3
PO000102,2025-02-09,S01,SUP02,P04,168.8,321.3,2025-02-11,2025-02-11,2,On-time,168.8,54235.4
PO000103,2025-02-15,S01,SUP02,P04,180.3,321.3,2025-02-17,2025-02-18,3,Late,180.3,57930.4
PO000104,2025-02-22,S01,SUP02,P04,179.5,321.3,2025-02-24,2025-02-25,3,Late,179.5,57673.3
PO000105,2025-03-01,S01,SUP02,P04,178.5,322.6,2025-03-03,2025-03-03,2,On-time,178.5,57584.1
PO000106,2025-03-08,S01,SUP02,P04,182.5,322.6,2025-03-10,2025-03-10,2,On-time,182.5,58874.5
PO000107,2025-03-15,S01,SUP02,P04,179.9,322.6,2025-03-17,2025-03-20,5,Late,153.5,58035.7
PO000108,2025-03-22,S01,SUP02,P04,170.9,322.6,2025-03-24,2025-03-25,3,Late,170.9,55132.3
PO000109,2025-03-29,S01,SUP02,P04,183.0,322.6,2025-03-31,2025-04-04,6,Late,150.0,59035.8
PO000110,2025-04-05,S01,SUP02,P04,200.8,323.8,2025-04-07,2025-04-08,3,Late,200.8,65019.0
PO000111,2025-04-15,S01,SUP02,P04,165.7,323.8,2025-04-17,2025-04-17,2,On-time,165.7,53653.7
PO000112,2025-04-23,S01,SUP02,P04,156.7,323.8,2025-04-25,2025-04-24,1,Early,156.7,50739.5
PO000113,2025-05-01,S01,SUP02,P04,148.1,325.1,2025-05-03,2025-05-04,3,Late,148.1,48147.3
PO000114,2025-05-09,S01,SUP02,P04,142.2,325.1,2025-05-11,2025-05-11,2,On-time,142.2,46229.2
PO000115,2025-05-15,S01,SUP02,P04,145.2,325.1,2025-05-17,2025-05-18,3,Late,145.2,47204.5
PO000116,2025-05-22,S01,SUP02,P04,145.5,325.1,2025-05-24,2025-05-24,2,On-time,145.5,47302.1
PO000117,2025-05-28,S01,SUP02,P04,149.3,325.1,2025-05-30,2025-05-30,2,On-time,149.3,48537.4
PO000118,2025-06-05,S01,SUP02,P04,148.3,326.4,2025-06-07,2025-06-06,1,Early,148.3,48405.1
PO000119,2025-06-09,S01,SUP02,P04,171.8,326.4,2025-06-11,2025-06-10,1,Early,171.8,56075.5
PO000120,2025-06-18,S01,SUP02,P04,154.1,326.4,2025-06-20,2025-06-21,3,Late,154.1,50298.2
PO000121,2025-06-25,S01,SUP02,P04,153.4,326.4,2025-06-27,2025-06-29,4,Late,153.4,50069.8
PO000122,2025-07-02,S01,SUP02,P04,149.4,327.7,2025-07-04,2025-07-04,2,On-time,149.4,48958.4
PO000123,2025-07-09,S01,SUP02,P04,148.0,327.7,2025-07-11,2025-07-10,1,Early,148.0,48499.6
PO000124,2025-07-17,S01,SUP02,P04,144.4,327.7,2025-07-19,2025-07-20,3,Late,144.4,47319.9
PO000125,2025-07-23,S01,SUP02,P04,148.5,327.7,2025-07-25,2025-07-25,2,On-time,148.5,48663.4
PO000126,2025-07-30,S01,SUP02,P04,149.4,327.7,2025-08-01,2025-08-03,4,Late,110.1,48958.4
PO000127,2025-08-03,S01,SUP02,P04,158.2,329.0,2025-08-05,2025-08-06,3,Late,158.2,52047.8
PO000128,2025-08-11,S01,SUP02,P04,153.8,329.0,2025-08-13,2025-08-15,4,Late,135.1,50600.2
PO000129,2025-08-17,S01,SUP02,P04,158.5,329.0,2025-08-19,2025-08-18,1,Early,158.5,52146.5
PO000130,2025-08-24,S01,SUP02,P04,155.7,329.0,2025-08-26,2025-08-26,2,On-time,155.7,51225.3
PO000131,2025-09-01,S01,SUP02,P04,149.7,330.2,2025-09-03,2025-09-05,4,Late,133.3,49430.9
PO000132,2025-09-07,S01,SUP02,P04,153.6,330.2,2025-09-09,2025-09-09,2,On-time,153.6,50718.7
PO000133,2025-09-14,S01,SUP02,P04,152.8,330.2,2025-09-16,2025-09-16,2,On-time,152.8,50454.6
PO000134,2025-09-21,S01,SUP02,P04,157.5,330.2,2025-09-23,2025-09-23,2,On-time,157.5,52006.5
PO000135,2025-09-28,S01,SUP02,P04,164.6,330.2,2025-09-30,2025-10-03,5,Late,132.1,54350.9
PO000136,2025-10-04,S01,SUP02,P04,159.0,331.5,2025-10-06,2025-10-06,2,On-time,159.0,52708.5
PO000137,2025-10-12,S01,SUP02,P04,158.9,331.5,2025-10-14,2025-10-14,2,On-time,158.9,52675.3
PO000138,2025-10-19,S01,SUP02,P04,158.3,331.5,2025-10-21,2025-10-21,2,On-time,158.3,52476.5
PO000139,2025-10-26,S01,SUP02,P04,157.6,331.5,2025-10-28,2025-10-27,1,Early,157.6,52244.4
PO000140,2025-11-02,S01,SUP02,P04,161.5,332.8,2025-11-04,2025-11-04,2,On-time,161.5,53747.2
PO000141,2025-11-08,S01,SUP02,P04,165.9,332.8,2025-11-10,2025-11-09,1,Early,165.9,55211.5
PO000142,2025-11-14,S01,SUP02,P04,179.7,332.8,2025-11-16,2025-11-20,6,Late,127.5,59804.2
PO000143,2025-11-20,S01,SUP02,P04,180.6,332.8,2025-11-22,2025-11-22,2,On-time,180.6,60103.7
PO000144,2025-11-28,S01,SUP02,P04,178.1,332.8,2025-11-30,2025-11-30,2,On-time,178.1,59271.7
PO000145,2025-12-04,S01,SUP02,P04,184.5,334.1,2025-12-06,2025-12-06,2,On-time,184.5,61641.5
PO000146,2025-12-12,S01,SUP02,P04,179.4,334.1,2025-12-14,2025-12-14,2,On-time,179.4,59937.5
PO000147,2025-12-19,S01,SUP02,P04,175.5,334.1,2025-12-21,2025-12-20,1,Early,175.5,58634.6
PO000148,2025-12-26,S01,SUP02,P04,172.4,334.1,2025-12-28,2025-12-28,2,On-time,172.4,57598.8
PO000149,2025-01-01,S01,SUP02,P05,166.5,210.0,2025-01-03,2025-01-03,2,On-time,166.5,34965.0
PO000150,2025-01-04,S01,SUP02,P05,175.8,210.0,2025-01-06,2025-01-07,3,Late,175.8,36918.0
PO000151,2025-01-08,S01,SUP02,P05,170.8,210.0,2025-01-10,2025-01-14,6,Late,121.4,35868.0
PO000152,2025-01-14,S01,SUP02,P05,178.8,210.0,2025-01-16,2025-01-16,2,On-time,178.8,37548.0
PO000153,2025-01-18,S01,SUP02,P05,185.1,210.0,2025-01-20,2025-01-19,1,Early,185.1,38871.0
PO000154,2025-01-22,S01,SUP02,P05,177.7,210.0,2025-01-24,2025-01-24,2,On-time,177.7,37317.0
PO000155,2025-01-26,S01,SUP02,P05,181.6,210.0,2025-01-28,2025-01-28,2,On-time,181.6,38136.0
PO000156,2025-01-30,S01,SUP02,P05,177.2,210.0,2025-02-01,2025-02-01,2,On-time,177.2,37212.0
PO000157,2025-02-04,S01,SUP02,P05,175.5,210.8,2025-02-06,2025-02-08,4,Late,157.4,36995.4
PO000158,2025-02-08,S01,SUP02,P05,185.9,210.8,2025-02-10,2025-02-15,7,Late,153.9,39187.7
PO000159,2025-02-15,S01,SUP02,P05,186.0,210.8,2025-02-17,2025-02-17,2,On-time,186.0,39208.8
PO000160,2025-02-19,S01,SUP02,P05,182.4,210.8,2025-02-21,2025-02-20,1,Early,182.4,38449.9
PO000161,2025-02-23,S01,SUP02,P05,184.5,210.8,2025-02-25,2025-02-26,3,Late,184.5,38892.6
PO000162,2025-02-28,S01,SUP02,P05,180.4,210.8,2025-03-02,2025-03-02,2,On-time,180.4,38028.3
PO000163,2025-03-04,S01,SUP02,P05,186.7,211.7,2025-03-06,2025-03-06,2,On-time,186.7,39524.4
PO000164,2025-03-08,S01,SUP02,P05,193.7,211.7,2025-03-10,2025-03-10,2,On-time,193.7,41006.3
PO000165,2025-03-11,S01,SUP02,P05,196.1,211.7,2025-03-13,2025-03-14,3,Late,196.1,41514.4
PO000166,2025-03-16,S01,SUP02,P05,199.9,211.7,2025-03-18,2025-03-18,2,On-time,199.9,42318.8
PO000167,2025-03-20,S01,SUP02,P05,192.5,211.7,2025-03-22,2025-03-21,1,Early,192.5,40752.2
PO000168,2025-03-23,S01,SUP02,P05,206.2,211.7,2025-03-25,2025-03-24,1,Early,206.2,43652.5
PO000169,2025-03-28,S01,SUP02,P05,204.8,211.7,2025-03-30,2025-03-30,2,On-time,204.8,43356.2
PO000170,2025-03-31,S01,SUP02,P05,217.9,211.7,2025-04-02,2025-04-06,6,Late,202.0,46129.4
PO000171,2025-04-06,S01,SUP02,P05,217.9,212.5,2025-04-08,2025-04-09,3,Late,217.9,46303.8
PO000172,2025-04-12,S01,SUP02,P05,205.3,212.5,2025-04-14,2025-04-14,2,On-time,205.3,43626.2
PO000173,2025-04-17,S01,SUP02,P05,196.5,212.5,2025-04-19,2025-04-18,1,Early,196.5,41756.2
PO000174,2025-04-21,S01,SUP02,P05,193.8,212.5,2025-04-23,2025-04-23,2,On-time,193.8,41182.5
PO000175,2025-04-25,S01,SUP02,P05,191.1,212.5,2025-04-27,2025-04-26,1,Early,191.1,40608.8
PO000176,2025-04-29,S01,SUP02,P05,193.2,212.5,2025-05-01,2025-05-01,2,On-time,193.2,41055.0
PO000177,2025-05-03,S01,SUP02,P05,194.5,213.4,2025-05-05,2025-05-05,2,On-time,194.5,41506.3
PO000178,2025-05-08,S01,SUP02,P05,185.3,213.4,2025-05-10,2025-05-10,2,On-time,185.3,39543.0
PO000179,2025-05-12,S01,SUP02,P05,188.6,213.4,2025-05-14,2025-05-15,3,Late,188.6,40247.2
PO000180,2025-05-16,S01,SUP02,P05,187.8,213.4,2025-05-18,2025-05-18,2,On-time,187.8,40076.5
PO000181,2025-05-21,S01,SUP02,P05,187.9,213.4,2025-05-23,2025-05-24,3,Late,187.9,40097.9
PO000182,2025-05-24,S01,SUP02,P05,193.3,213.4,2025-05-26,2025-05-25,1,Early,193.3,41250.2
PO000183,2025-05-29,S01,SUP02,P05,191.3,213.4,2025-05-31,2025-05-31,2,On-time,191.3,40823.4
PO000184,2025-06-02,S01,SUP02,P05,192.6,214.2,2025-06-04,2025-06-04,2,On-time,192.6,41254.9
PO000185,2025-06-06,S01,SUP02,P05,192.0,214.2,2025-06-08,2025-06-08,2,On-time,192.0,41126.4
PO000186,2025-06-08,S01,SUP02,P05,217.3,214.2,2025-06-10,2025-06-11,3,Late,217.3,46545.7
PO000187,2025-06-13,S01,SUP02,P05,213.4,214.2,2025-06-15,2025-06-15,2,On-time,213.4,45710.3
PO000188,2025-06-18,S01,SUP02,P05,200.8,214.2,2025-06-20,2025-06-20,2,On-time,200.8,43011.4
PO000189,2025-06-22,S01,SUP02,P05,206.0,214.2,2025-06-24,2025-06-25,3,Late,206.0,44125.2
PO000190,2025-06-27,S01,SUP02,P05,195.4,214.2,2025-06-29,2025-06-29,2,On-time,195.4,41854.7
PO000191,2025-07-01,S01,SUP02,P05,191.2,215.0,2025-07-03,2025-07-03,2,On-time,191.2,41108.0
PO000192,2025-07-05,S01,SUP02,P05,196.5,215.0,2025-07-07,2025-07-07,2,On-time,196.5,42247.5
PO000193,2025-07-10,S01,SUP02,P05,183.1,215.0,2025-07-12,2025-07-13,3,Late,183.1,39366.5
PO000194,2025-07-14,S01,SUP02,P05,189.8,215.0,2025-07-16,2025-07-20,6,Late,168.6,40807.0
PO000195,2025-07-20,S01,SUP02,P05,192.3,215.0,2025-07-22,2025-07-24,4,Late,150.0,41344.5
PO000196,2025-07-24,S01,SUP02,P05,184.2,215.0,2025-07-26,2025-07-26,2,On-time,184.2,39603.0
PO000197,2025-07-28,S01,SUP02,P05,189.3,215.0,2025-07-30,2025-07-30,2,On-time,189.3,40699.5
PO000198,2025-08-01,S01,SUP02,P05,190.4,215.9,2025-08-03,2025-08-03,2,On-time,190.4,41107.4
PO000199,2025-08-05,S01,SUP02,P05,191.3,215.9,2025-08-07,2025-08-07,2,On-time,191.3,41301.7
PO000200,2025-08-09,S01,SUP02,P05,197.7,215.9,2025-08-11,2025-08-11,2,On-time,197.7,42683.4
PO000201,2025-08-13,S01,SUP02,P05,194.8,215.9,2025-08-15,2025-08-15,2,On-time,194.8,42057.3
PO000202,2025-08-17,S01,SUP02,P05,207.1,215.9,2025-08-19,2025-08-19,2,On-time,207.1,44712.9
PO000203,2025-08-22,S01,SUP02,P05,196.5,215.9,2025-08-24,2025-08-23,1,Early,196.5,42424.3
PO000204,2025-08-25,S01,SUP02,P05,200.2,215.9,2025-08-27,2025-08-28,3,Late,200.2,43223.2
PO000205,2025-08-30,S01,SUP02,P05,194.3,215.9,2025-09-01,2025-09-01,2,On-time,194.3,41949.4
PO000206,2025-09-04,S01,SUP02,P05,184.7,216.7,2025-09-06,2025-09-06,2,On-time,184.7,40024.5
PO000207,2025-09-07,S01,SUP02,P05,198.1,216.7,2025-09-09,2025-09-12,5,Late,156.7,42928.3
PO000208,2025-09-12,S01,SUP02,P05,191.1,216.7,2025-09-14,2025-09-14,2,On-time,191.1,41411.4
PO000209,2025-09-16,S01,SUP02,P05,194.7,216.7,2025-09-18,2025-09-17,1,Early,194.7,42191.5
PO000210,2025-09-20,S01,SUP02,P05,196.3,216.7,2025-09-22,2025-09-25,5,Late,141.5,42538.2
PO000211,2025-09-25,S01,SUP02,P05,184.4,216.7,2025-09-27,2025-09-27,2,On-time,184.4,39959.5
PO000212,2025-09-29,S01,SUP02,P05,186.6,216.7,2025-10-01,2025-10-01,2,On-time,186.6,40436.2
PO000213,2025-10-03,S01,SUP02,P05,189.4,217.6,2025-10-05,2025-10-05,2,On-time,189.4,41213.4
PO000214,2025-10-07,S01,SUP02,P05,183.6,217.6,2025-10-09,2025-10-14,7,Late,169.9,39951.4
PO000215,2025-10-15,S01,SUP02,P05,177.4,217.6,2025-10-17,2025-10-17,2,On-time,177.4,38602.2
PO000216,2025-10-19,S01,SUP02,P05,186.6,217.6,2025-10-21,2025-10-21,2,On-time,186.6,40604.2
PO000217,2025-10-23,S01,SUP02,P05,180.7,217.6,2025-10-25,2025-10-26,3,Late,180.7,39320.3
PO000218,2025-10-27,S01,SUP02,P05,189.5,217.6,2025-10-29,2025-10-30,3,Late,189.5,41235.2
PO000219,2025-10-31,S01,SUP02,P05,185.9,217.6,2025-11-02,2025-11-02,2,On-time,185.9,40451.8
PO000220,2025-11-04,S01,SUP02,P05,191.0,218.4,2025-11-06,2025-11-05,1,Early,191.0,41714.4
PO000221,2025-11-08,S01,SUP02,P05,189.8,218.4,2025-11-10,2025-11-10,2,On-time,189.8,41452.3
PO000222,2025-11-13,S01,SUP02,P05,184.5,218.4,2025-11-15,2025-11-16,3,Late,184.5,40294.8
PO000223,2025-11-16,S01,SUP02,P05,194.4,218.4,2025-11-18,2025-11-19,3,Late,194.4,42457.0
PO000224,2025-11-21,S01,SUP02,P05,191.0,218.4,2025-11-23,2025-11-22,1,Early,191.0,41714.4
PO000225,2025-11-25,S01,SUP02,P05,197.8,218.4,2025-11-27,2025-11-27,2,On-time,197.8,43199.5
PO000226,2025-11-29,S01,SUP02,P05,194.0,218.4,2025-12-01,2025-12-01,2,On-time,194.0,42369.6
PO000227,2025-12-03,S01,SUP02,P05,192.3,219.2,2025-12-05,2025-12-05,2,On-time,192.3,42152.2
PO000228,2025-12-07,S01,SUP02,P05,196.3,219.2,2025-12-09,2025-12-09,2,On-time,196.3,43029.0
PO000229,2025-12-12,S01,SUP02,P05,195.7,219.2,2025-12-14,2025-12-14,2,On-time,195.7,42897.4
PO000230,2025-12-16,S01,SUP02,P05,194.1,219.2,2025-12-18,2025-12-18,2,On-time,194.1,42546.7
PO000231,2025-12-20,S01,SUP02,P05,189.4,219.2,2025-12-22,2025-12-23,3,Late,189.4,41516.5
PO000232,2025-12-25,S01,SUP02,P05,191.4,219.2,2025-12-27,2025-12-27,2,On-time,191.4,41954.9
PO000233,2025-12-28,S01,SUP02,P05,201.9,219.2,2025-12-30,2025-12-30,2,On-time,201.9,44256.5
PO000234,2025-01-01,S01,SUP04,P06,44.7,900.0,2025-01-06,2025-01-06,5,On-time,44.7,40230.0
PO000235,2025-01-19,S01,SUP04,P06,47.1,900.0,2025-01-24,2025-01-25,6,Late,47.1,42390.0
PO000236,2025-02-10,S01,SUP04,P06,49.7,903.6,2025-02-15,2025-02-14,4,Early,49.7,44908.9
PO000237,2025-03-04,S01,SUP04,P06,52.2,907.2,2025-03-09,2025-03-09,5,On-time,52.2,47355.8
PO000238,2025-03-25,S01,SUP04,P06,54.8,907.2,2025-03-30,2025-03-31,6,Late,54.8,49714.6
PO000239,2025-04-19,S01,SUP04,P06,51.8,910.8,2025-04-24,2025-04-25,6,Late,51.8,47179.4
PO000240,2025-05-15,S01,SUP04,P06,47.9,914.4,2025-05-20,2025-05-20,5,On-time,47.9,43799.8
PO000241,2025-06-06,S01,SUP04,P06,48.2,918.0,2025-06-11,2025-06-11,5,On-time,48.2,44247.6
PO000242,2025-06-28,S01,SUP04,P06,50.6,918.0,2025-07-03,2025-07-03,5,On-time,50.6,46450.8
PO000243,2025-07-21,S01,SUP04,P06,49.6,921.6,2025-07-26,2025-07-26,5,On-time,49.6,45711.4
PO000244,2025-08-12,S01,SUP04,P06,49.5,925.2,2025-08-17,2025-08-16,4,Early,49.5,45797.4
PO000245,2025-09-02,S01,SUP04,P06,52.1,928.8,2025-09-07,2025-09-07,5,On-time,52.1,48390.5
PO000246,2025-09-27,S01,SUP04,P06,49.2,928.8,2025-10-02,2025-10-02,5,On-time,49.2,45697.0
PO000247,2025-10-19,S01,SUP04,P06,51.9,932.4,2025-10-24,2025-10-24,5,On-time,51.9,48391.6
PO000248,2025-11-12,S01,SUP04,P06,51.5,936.0,2025-11-17,2025-11-17,5,On-time,51.5,48204.0
PO000249,2025-12-05,S01,SUP04,P06,49.8,939.6,2025-12-10,2025-12-10,5,On-time,49.8,46792.1
PO000250,2025-12-27,S01,SUP04,P06,51.3,939.6,2026-01-01,2026-01-01,5,On-time,51.3,48201.5
PO000251,2025-01-01,S01,SUP06,P07,222.8,1450.0,2025-01-07,2025-01-10,9,Late,171.9,323060.0
PO000252,2025-01-11,S01,SUP06,P07,264.1,1450.0,2025-01-17,2025-01-17,6,On-time,264.1,382945.0
PO000253,2025-02-01,S01,SUP06,P07,290.2,1455.8,2025-02-07,2025-02-09,8,Late,268.6,422473.2
PO000254,2025-02-15,S01,SUP06,P07,363.9,1455.8,2025-02-21,2025-02-21,6,On-time,363.9,529765.6
PO000255,2025-03-19,S01,SUP06,P07,302.8,1461.6,2025-03-25,2025-03-24,5,Early,302.8,442572.5
PO000256,2025-04-11,S01,SUP06,P07,284.7,1467.4,2025-04-17,2025-04-17,6,On-time,284.7,417768.8
PO000257,2025-05-09,S01,SUP06,P07,251.6,1473.2,2025-05-15,2025-05-15,6,On-time,251.6,370657.1
PO000258,2025-06-02,S01,SUP06,P07,244.8,1479.0,2025-06-08,2025-06-08,6,On-time,244.8,362059.2
PO000259,2025-06-24,S01,SUP06,P07,247.0,1479.0,2025-06-30,2025-06-30,6,On-time,247.0,365313.0
PO000260,2025-07-17,S01,SUP06,P07,245.6,1484.8,2025-07-23,2025-07-23,6,On-time,245.6,364666.9
PO000261,2025-08-08,S01,SUP06,P07,251.7,1490.6,2025-08-14,2025-08-13,5,Early,251.7,375184.0
PO000262,2025-08-30,S01,SUP06,P07,258.6,1490.6,2025-09-05,2025-09-05,6,On-time,258.6,385469.2
PO000263,2025-09-23,S01,SUP06,P07,245.5,1496.4,2025-09-29,2025-09-30,7,Late,245.5,367366.2
PO000264,2025-10-14,S01,SUP06,P07,245.5,1502.2,2025-10-20,2025-10-20,6,On-time,245.5,368790.1
PO000265,2025-11-04,S01,SUP06,P07,264.8,1508.0,2025-11-10,2025-11-10,6,On-time,264.8,399318.4
PO000266,2025-11-23,S01,SUP06,P07,302.9,1508.0,2025-11-29,2025-11-28,5,Early,302.9,456773.2
PO000267,2025-12-15,S01,SUP06,P07,309.5,1513.8,2025-12-21,2025-12-22,7,Late,309.5,468521.1
PO000268,2025-01-01,S01,SUP06,P08,15.6,3200.0,2025-01-07,2025-01-07,6,On-time,15.6,49920.0
PO000269,2025-01-15,S01,SUP06,P08,18.9,3200.0,2025-01-21,2025-01-20,5,Early,18.9,60480.0
PO000270,2025-02-06,S01,SUP06,P08,19.7,3212.8,2025-02-12,2025-02-12,6,On-time,19.7,63292.2
PO000271,2025-03-02,S01,SUP06,P08,20.0,3225.6,2025-03-08,2025-03-08,6,On-time,20.0,64512.0
PO000272,2025-03-26,S01,SUP06,P08,19.4,3225.6,2025-04-01,2025-04-03,8,Late,18.0,62576.6
PO000273,2025-04-19,S01,SUP06,P08,17.9,3238.4,2025-04-25,2025-04-25,6,On-time,17.9,57967.4
PO000274,2025-05-14,S01,SUP06,P08,17.4,3251.2,2025-05-20,2025-05-21,7,Late,17.4,56570.9
PO000275,2025-06-07,S01,SUP06,P08,17.6,3264.0,2025-06-13,2025-06-13,6,On-time,17.6,57446.4
PO000276,2025-06-30,S01,SUP06,P08,17.2,3264.0,2025-07-06,2025-07-05,5,Early,17.2,56140.8
PO000277,2025-07-24,S01,SUP06,P08,16.5,3276.8,2025-07-30,2025-07-31,7,Late,16.5,54067.2
PO000278,2025-08-14,S01,SUP06,P08,18.2,3289.6,2025-08-20,2025-08-20,6,On-time,18.2,59870.7
PO000279,2025-09-07,S01,SUP06,P08,18.6,3302.4,2025-09-13,2025-09-13,6,On-time,18.6,61424.6
PO000280,2025-10-03,S01,SUP06,P08,17.0,3315.2,2025-10-09,2025-10-10,7,Late,17.0,56358.4
PO000281,2025-10-25,S01,SUP06,P08,18.4,3315.2,2025-10-31,2025-11-03,9,Late,13.5,60999.7
PO000282,2025-11-08,S01,SUP06,P08,20.5,3328.0,2025-11-14,2025-11-13,5,Early,20.5,68224.0
PO000283,2025-12-01,S01,SUP06,P08,21.1,3340.8,2025-12-07,2025-12-10,9,Late,17.7,70490.9
PO000284,2025-12-20,S01,SUP06,P08,21.6,3340.8,2025-12-26,2025-12-26,6,On-time,21.6,72161.3
PO000285,2025-01-01,S01,SUP04,P09,53.8,350.0,2025-01-06,2025-01-06,5,On-time,53.8,18830.0
PO000286,2025-01-19,S01,SUP04,P09,56.1,350.0,2025-01-24,2025-01-25,6,Late,56.1,19635.0
PO000287,2025-02-08,S01,SUP04,P09,59.6,351.4,2025-02-13,2025-02-13,5,On-time,59.6,20943.4
PO000288,2025-03-02,S01,SUP04,P09,59.8,352.8,2025-03-07,2025-03-07,5,On-time,59.8,21097.4
PO000289,2025-03-21,S01,SUP04,P09,64.7,352.8,2025-03-26,2025-03-26,5,On-time,64.7,22826.2
PO000290,2025-04-11,S01,SUP04,P09,63.6,354.2,2025-04-16,2025-04-16,5,On-time,63.6,22527.1
PO000291,2025-05-06,S01,SUP04,P09,59.1,355.6,2025-05-11,2025-05-11,5,On-time,59.1,21016.0
PO000292,2025-05-29,S01,SUP04,P09,57.9,355.6,2025-06-03,2025-06-02,4,Early,57.9,20589.2
PO000293,2025-06-19,S01,SUP04,P09,58.8,357.0,2025-06-24,2025-06-25,6,Late,58.8,20991.6
PO000294,2025-07-10,S01,SUP04,P09,60.9,358.4,2025-07-15,2025-07-15,5,On-time,60.9,21826.6
PO000295,2025-08-02,S01,SUP04,P09,59.8,359.8,2025-08-07,2025-08-07,5,On-time,59.8,21516.0
PO000296,2025-08-22,S01,SUP04,P09,61.0,359.8,2025-08-27,2025-08-26,4,Early,61.0,21947.8
PO000297,2025-09-13,S01,SUP04,P09,58.8,361.2,2025-09-18,2025-09-17,4,Early,58.8,21238.6
PO000298,2025-10-04,S01,SUP04,P09,62.0,362.6,2025-10-09,2025-10-10,6,Late,62.0,22481.2
PO000299,2025-10-26,S01,SUP04,P09,62.8,362.6,2025-10-31,2025-10-31,5,On-time,62.8,22771.3
PO000300,2025-11-19,S01,SUP04,P09,60.3,364.0,2025-11-24,2025-11-24,5,On-time,60.3,21949.2
PO000301,2025-12-10,S01,SUP04,P09,60.3,365.4,2025-12-15,2025-12-15,5,On-time,60.3,22033.6
PO000302,2025-01-01,S01,SUP01,P10,29.2,90.0,2025-01-04,2025-01-06,5,Late,29.2,2628.0
PO000303,2025-01-18,S01,SUP01,P10,33.0,90.0,2025-01-21,2025-01-21,3,On-time,33.0,2970.0
PO000304,2025-02-11,S01,SUP01,P10,31.0,90.4,2025-02-14,2025-02-18,7,Late,25.5,2802.4
PO000305,2025-03-01,S01,SUP01,P10,32.7,90.7,2025-03-04,2025-03-05,4,Late,32.7,2965.9
PO000306,2025-03-21,S01,SUP01,P10,34.0,90.7,2025-03-24,2025-03-24,3,On-time,34.0,3083.8
PO000307,2025-04-12,S01,SUP01,P10,35.8,91.1,2025-04-15,2025-04-15,3,On-time,35.8,3261.4
PO000308,2025-05-09,S01,SUP01,P10,32.2,91.4,2025-05-12,2025-05-12,3,On-time,32.2,2943.1
PO000309,2025-05-31,S01,SUP01,P10,32.5,91.4,2025-06-03,2025-06-04,4,Late,32.5,2970.5
PO000310,2025-06-22,S01,SUP01,P10,33.7,91.8,2025-06-25,2025-06-24,2,Early,33.7,3093.7
PO000311,2025-07-16,S01,SUP01,P10,33.4,92.2,2025-07-19,2025-07-19,3,On-time,33.4,3079.5
PO000312,2025-08-08,S01,SUP01,P10,32.7,92.5,2025-08-11,2025-08-10,2,Early,32.7,3024.8
PO000313,2025-08-30,S01,SUP01,P10,32.9,92.5,2025-09-02,2025-09-02,3,On-time,32.9,3043.2
PO000314,2025-09-21,S01,SUP01,P10,33.9,92.9,2025-09-24,2025-09-24,3,On-time,33.9,3149.3
PO000315,2025-10-16,S01,SUP01,P10,32.7,93.2,2025-10-19,2025-10-19,3,On-time,32.7,3047.6
PO000316,2025-11-08,S01,SUP01,P10,32.8,93.6,2025-11-11,2025-11-11,3,On-time,32.8,3070.1
PO000317,2025-11-29,S01,SUP01,P10,33.7,93.6,2025-12-02,2025-12-01,2,Early,33.7,3154.3
PO000318,2025-12-21,S01,SUP01,P10,34.8,94.0,2025-12-24,2025-12-25,4,Late,34.8,3271.2
PO000319,2025-01-01,S01,SUP02,P11,45.5,1100.0,2025-01-03,2025-01-04,3,Late,45.5,50050.0
PO000320,2025-01-05,S01,SUP02,P11,52.1,1100.0,2025-01-07,2025-01-07,2,On-time,52.1,57310.0
PO000321,2025-01-11,S01,SUP02,P11,54.7,1100.0,2025-01-13,2025-01-13,2,On-time,54.7,60170.0
PO000322,2025-01-18,S01,SUP02,P11,57.0,1100.0,2025-01-20,2025-01-21,3,Late,57.0,62700.0
PO000323,2025-01-24,S01,SUP02,P11,58.1,1100.0,2025-01-26,2025-01-26,2,On-time,58.1,63910.0
PO000324,2025-01-31,S01,SUP02,P11,58.9,1100.0,2025-02-02,2025-02-03,3,Late,58.9,64790.0
PO000325,2025-02-07,S01,SUP02,P11,61.0,1104.4,2025-02-09,2025-02-08,1,Early,61.0,67368.4
PO000326,2025-02-13,S01,SUP02,P11,68.9,1104.4,2025-02-15,2025-02-15,2,On-time,68.9,76093.2
PO000327,2025-02-17,S01,SUP02,P11,75.1,1104.4,2025-02-19,2025-02-19,2,On-time,75.1,82940.4
PO000328,2025-02-28,S01,SUP02,P11,62.7,1104.4,2025-03-02,2025-03-03,3,Late,62.7,69245.9
PO000329,2025-03-07,S01,SUP02,P11,61.7,1108.8,2025-03-09,2025-03-08,1,Early,61.7,68413.0
PO000330,2025-03-13,S01,SUP02,P11,62.7,1108.8,2025-03-15,2025-03-16,3,Late,62.7,69521.8
PO000331,2025-03-20,S01,SUP02,P11,63.4,1108.8,2025-03-22,2025-03-22,2,On-time,63.4,70297.9
PO000332,2025-03-27,S01,SUP02,P11,64.0,1108.8,2025-03-29,2025-03-29,2,On-time,64.0,70963.2
PO000333,2025-04-01,S01,SUP02,P11,72.8,1113.2,2025-04-03,2025-04-02,1,Early,72.8,81041.0
PO000334,2025-04-11,S01,SUP02,P11,57.6,1113.2,2025-04-13,2025-04-18,7,Late,43.2,64120.3
PO000335,2025-04-19,S01,SUP02,P11,55.3,1113.2,2025-04-21,2025-04-22,3,Late,55.3,61560.0
PO000336,2025-04-27,S01,SUP02,P11,52.1,1113.2,2025-04-29,2025-04-29,2,On-time,52.1,57997.7
PO000337,2025-05-04,S01,SUP02,P11,50.9,1117.6,2025-05-06,2025-05-06,2,On-time,50.9,56885.8
PO000338,2025-05-11,S01,SUP02,P11,52.3,1117.6,2025-05-13,2025-05-13,2,On-time,52.3,58450.5
PO000339,2025-05-18,S01,SUP02,P11,51.8,1117.6,2025-05-20,2025-05-24,6,Late,44.4,57891.7
PO000340,2025-05-25,S01,SUP02,P11,51.6,1117.6,2025-05-27,2025-05-27,2,On-time,51.6,57668.2
PO000341,2025-06-02,S01,SUP02,P11,49.9,1122.0,2025-06-04,2025-06-05,3,Late,49.9,55987.8
PO000342,2025-06-08,S01,SUP02,P11,55.2,1122.0,2025-06-10,2025-06-10,2,On-time,55.2,61934.4
PO000343,2025-06-15,S01,SUP02,P11,54.2,1122.0,2025-06-17,2025-06-17,2,On-time,54.2,60812.4
PO000344,2025-06-22,S01,SUP02,P11,53.2,1122.0,2025-06-24,2025-06-27,5,Late,48.1,59690.4
PO000345,2025-06-29,S01,SUP02,P11,52.0,1122.0,2025-07-01,2025-07-06,7,Late,39.8,58344.0
PO000346,2025-07-07,S01,SUP02,P11,50.5,1126.4,2025-07-09,2025-07-09,2,On-time,50.5,56883.2
PO000347,2025-07-13,S01,SUP02,P11,52.9,1126.4,2025-07-15,2025-07-16,3,Late,52.9,59586.6
PO000348,2025-07-21,S01,SUP02,P11,49.3,1126.4,2025-07-23,2025-07-24,3,Late,49.3,55531.5
PO000349,2025-07-29,S01,SUP02,P11,49.1,1126.4,2025-07-31,2025-08-01,3,Late,49.1,55306.2
PO000350,2025-08-04,S01,SUP02,P11,50.3,1130.8,2025-08-06,2025-08-06,2,On-time,50.3,56879.2
PO000351,2025-08-11,S01,SUP02,P11,49.7,1130.8,2025-08-13,2025-08-13,2,On-time,49.7,56200.8
PO000352,2025-08-17,S01,SUP02,P11,54.2,1130.8,2025-08-19,2025-08-19,2,On-time,54.2,61289.4
PO000353,2025-08-24,S01,SUP02,P11,53.4,1130.8,2025-08-26,2025-08-28,4,Late,41.3,60384.7
PO000354,2025-08-30,S01,SUP02,P11,54.5,1130.8,2025-09-01,2025-09-01,2,On-time,54.5,61628.6
PO000355,2025-09-06,S01,SUP02,P11,53.3,1135.2,2025-09-08,2025-09-11,5,Late,38.9,60506.2
PO000356,2025-09-12,S01,SUP02,P11,50.9,1135.2,2025-09-14,2025-09-14,2,On-time,50.9,57781.7
PO000357,2025-09-19,S01,SUP02,P11,51.0,1135.2,2025-09-21,2025-09-22,3,Late,51.0,57895.2
PO000358,2025-09-26,S01,SUP02,P11,49.3,1135.2,2025-09-28,2025-09-29,3,Late,49.3,55965.4
PO000359,2025-10-03,S01,SUP02,P11,49.6,1139.6,2025-10-05,2025-10-05,2,On-time,49.6,56524.2
PO000360,2025-10-10,S01,SUP02,P11,51.7,1139.6,2025-10-12,2025-10-12,2,On-time,51.7,58917.3
PO000361,2025-10-17,S01,SUP02,P11,52.0,1139.6,2025-10-19,2025-10-23,6,Late,37.3,59259.2
PO000362,2025-10-24,S01,SUP02,P11,50.7,1139.6,2025-10-26,2025-10-27,3,Late,50.7,57777.7
PO000363,2025-10-31,S01,SUP02,P11,49.4,1139.6,2025-11-02,2025-11-02,2,On-time,49.4,56296.2
PO000364,2025-11-05,S01,SUP02,P11,55.0,1144.0,2025-11-07,2025-11-06,1,Early,55.0,62920.0
PO000365,2025-11-11,S01,SUP02,P11,57.1,1144.0,2025-11-13,2025-11-14,3,Late,57.1,65322.4
PO000366,2025-11-17,S01,SUP02,P11,63.8,1144.0,2025-11-19,2025-11-19,2,On-time,63.8,72987.2
PO000367,2025-11-23,S01,SUP02,P11,65.2,1144.0,2025-11-25,2025-11-25,2,On-time,65.2,74588.8
PO000368,2025-11-30,S01,SUP02,P11,66.1,1144.0,2025-12-02,2025-12-01,1,Early,66.1,75618.4
PO000369,2025-12-07,S01,SUP02,P11,66.2,1148.4,2025-12-09,2025-12-09,2,On-time,66.2,76024.1
PO000370,2025-12-14,S01,SUP02,P11,66.8,1148.4,2025-12-16,2025-12-19,5,Late,53.0,76713.1
PO000371,2025-12-20,S01,SUP02,P11,65.2,1148.4,2025-12-22,2025-12-22,2,On-time,65.2,74875.7
PO000372,2025-12-27,S01,SUP02,P11,68.1,1148.4,2025-12-29,2026-01-01,5,Late,47.9,78206.0
PO000373,2025-01-01,S01,SUP05,P12,14.6,520.0,2025-01-02,2025-01-02,1,On-time,14.6,7592.0
PO000374,2025-01-03,S01,SUP05,P12,14.5,520.0,2025-01-04,2025-01-04,1,On-time,14.5,7540.0
PO000375,2025-01-05,S01,SUP05,P12,14.9,520.0,2025-01-06,2025-01-07,2,Late,14.9,7748.0
PO000376,2025-01-09,S01,SUP05,P12,14.9,520.0,2025-01-10,2025-01-11,2,Late,14.9,7748.0
PO000377,2025-01-11,S01,SUP05,P12,15.7,520.0,2025-01-12,2025-01-16,5,Late,13.2,8164.0
PO000378,2025-01-16,S01,SUP05,P12,14.9,520.0,2025-01-17,2025-01-20,4,Late,10.9,7748.0
PO000379,2025-01-20,S01,SUP05,P12,15.2,520.0,2025-01-21,2025-01-22,2,Late,15.2,7904.0
PO000380,2025-01-23,S01,SUP05,P12,15.2,520.0,2025-01-24,2025-01-24,1,On-time,15.2,7904.0
PO000381,2025-01-25,S01,SUP05,P12,15.8,520.0,2025-01-26,2025-01-30,5,Late,12.5,8216.0
PO000382,2025-01-30,S01,SUP05,P12,15.4,520.0,2025-01-31,2025-01-31,1,On-time,15.4,8008.0
PO000383,2025-02-02,S01,SUP05,P12,15.8,520.0,2025-02-03,2025-02-07,5,Late,12.4,8216.0
PO000384,2025-02-07,S01,SUP05,P12,14.7,520.0,2025-02-08,2025-02-08,1,On-time,14.7,7644.0
PO000385,2025-02-09,S01,SUP05,P12,15.5,520.0,2025-02-10,2025-02-14,5,Late,14.4,8060.0
PO000386,2025-02-14,S01,SUP05,P12,18.1,520.0,2025-02-15,2025-02-15,1,On-time,18.1,9412.0
PO000387,2025-02-15,S01,SUP05,P12,19.6,520.0,2025-02-16,2025-02-16,1,On-time,19.6,10192.0
PO000388,2025-02-19,S01,SUP05,P12,18.2,520.0,2025-02-20,2025-02-20,1,On-time,18.2,9464.0
PO000389,2025-02-23,S01,SUP05,P12,17.3,520.0,2025-02-24,2025-02-25,2,Late,17.3,8996.0
PO000390,2025-02-26,S01,SUP05,P12,16.5,520.0,2025-02-27,2025-02-27,1,On-time,16.5,8580.0
PO000391,2025-03-01,S01,SUP05,P12,17.1,520.0,2025-03-02,2025-03-02,1,On-time,17.1,8892.0
PO000392,2025-03-04,S01,SUP05,P12,17.3,520.0,2025-03-05,2025-03-05,1,On-time,17.3,8996.0
PO000393,2025-03-07,S01,SUP05,P12,17.1,520.0,2025-03-08,2025-03-11,4,Late,14.4,8892.0
PO000394,2025-03-11,S01,SUP05,P12,17.8,520.0,2025-03-12,2025-03-12,1,On-time,17.8,9256.0
PO000395,2025-03-14,S01,SUP05,P12,17.8,520.0,2025-03-15,2025-03-16,2,Late,17.8,9256.0
PO000396,2025-03-17,S01,SUP05,P12,18.0,520.0,2025-03-18,2025-03-19,2,Late,18.0,9360.0
PO000397,2025-03-20,S01,SUP05,P12,17.3,520.0,2025-03-21,2025-03-22,2,Late,17.3,8996.0
PO000398,2025-03-23,S01,SUP05,P12,17.9,520.0,2025-03-24,2025-03-24,1,On-time,17.9,9308.0
PO000399,2025-03-26,S01,SUP05,P12,17.9,520.0,2025-03-27,2025-03-27,1,On-time,17.9,9308.0
PO000400,2025-03-29,S01,SUP05,P12,18.6,520.0,2025-03-30,2025-04-03,5,Late,15.6,9672.0
PO000401,2025-04-03,S01,SUP05,P12,10.8,812.5,2025-04-04,2025-04-04,1,On-time,10.8,8775.0
PO000402,2025-04-05,S01,SUP05,P12,10.2,812.5,2025-04-06,2025-04-07,2,Late,10.2,8287.5
PO000403,2025-04-07,S01,SUP05,P12,9.9,812.5,2025-04-08,2025-04-11,4,Late,7.2,8043.8
PO000404,2025-04-11,S01,SUP05,P12,9.2,812.5,2025-04-12,2025-04-13,2,Late,9.2,7475.0
PO000405,2025-04-13,S01,SUP05,P12,9.5,812.5,2025-04-14,2025-04-14,1,On-time,9.5,7718.8
PO000406,2025-04-14,S01,SUP05,P12,9.3,812.5,2025-04-15,2025-04-15,1,On-time,9.3,7556.3
PO000407,2025-04-15,S01,SUP05,P12,9.4,812.5,2025-04-16,2025-04-17,2,Late,9.4,7637.5
PO000408,2025-04-17,S01,SUP05,P12,9.2,812.5,2025-04-18,2025-04-18,1,On-time,9.2,7475.0
PO000409,2025-04-19,S01,SUP05,P12,9.5,812.5,2025-04-20,2025-04-20,1,On-time,9.5,7718.8
PO000410,2025-04-20,S01,SUP05,P12,9.4,812.5,2025-04-21,2025-04-21,1,On-time,9.4,7637.5
PO000411,2025-04-22,S01,SUP05,P12,9.0,812.5,2025-04-23,2025-04-24,2,Late,9.0,7312.5
PO000412,2025-04-24,S01,SUP05,P12,8.8,812.5,2025-04-25,2025-04-25,1,On-time,8.8,7150.0
PO000413,2025-04-26,S01,SUP05,P12,9.2,812.5,2025-04-27,2025-04-27,1,On-time,9.2,7475.0
PO000414,2025-04-27,S01,SUP05,P12,9.4,812.5,2025-04-28,2025-04-28,1,On-time,9.4,7637.5
PO000415,2025-04-29,S01,SUP05,P12,9.1,812.5,2025-04-30,2025-05-05,6,Late,7.4,7393.8
PO000416,2025-05-05,S01,SUP05,P12,8.8,812.5,2025-05-06,2025-05-07,2,Late,8.8,7150.0
PO000417,2025-05-07,S01,SUP05,P12,8.6,812.5,2025-05-08,2025-05-08,1,On-time,8.6,6987.5
PO000418,2025-05-08,S01,SUP05,P12,8.6,812.5,2025-05-09,2025-05-09,1,On-time,8.6,6987.5
PO000419,2025-05-10,S01,SUP05,P12,8.9,812.5,2025-05-11,2025-05-11,1,On-time,8.9,7231.2
PO000420,2025-05-11,S01,SUP05,P12,9.0,812.5,2025-05-12,2025-05-17,6,Late,7.0,7312.5
PO000421,2025-05-17,S01,SUP05,P12,8.9,812.5,2025-05-18,2025-05-18,1,On-time,8.9,7231.2
PO000422,2025-05-18,S01,SUP05,P12,8.9,812.5,2025-05-19,2025-05-19,1,On-time,8.9,7231.2
PO000423,2025-05-19,S01,SUP05,P12,8.9,812.5,2025-05-20,2025-05-20,1,On-time,8.9,7231.2
PO000424,2025-05-21,S01,SUP05,P12,8.7,812.5,2025-05-22,2025-05-22,1,On-time,8.7,7068.7
PO000425,2025-05-23,S01,SUP05,P12,8.7,812.5,2025-05-24,2025-05-24,1,On-time,8.7,7068.7
PO000426,2025-05-24,S01,SUP05,P12,8.7,812.5,2025-05-25,2025-05-26,2,Late,8.7,7068.7
PO000427,2025-05-26,S01,SUP05,P12,8.9,812.5,2025-05-27,2025-05-27,1,On-time,8.9,7231.2
PO000428,2025-05-27,S01,SUP05,P12,8.7,812.5,2025-05-28,2025-05-28,1,On-time,8.7,7068.7
PO000429,2025-05-29,S01,SUP05,P12,8.7,812.5,2025-05-30,2025-06-01,3,Late,7.5,7068.7
PO000430,2025-06-01,S01,SUP05,P12,9.2,812.5,2025-06-02,2025-06-02,1,On-time,9.2,7475.0
PO000431,2025-06-02,S01,SUP05,P12,9.2,812.5,2025-06-03,2025-06-06,4,Late,7.5,7475.0
PO000432,2025-06-06,S01,SUP05,P12,9.1,812.5,2025-06-07,2025-06-07,1,On-time,9.1,7393.8
PO000433,2025-06-07,S01,SUP05,P12,9.8,812.5,2025-06-08,2025-06-08,1,On-time,9.8,7962.5
PO000434,2025-06-08,S01,SUP05,P12,10.1,812.5,2025-06-09,2025-06-10,2,Late,10.1,8206.2
PO000435,2025-06-10,S01,SUP05,P12,9.8,812.5,2025-06-11,2025-06-11,1,On-time,9.8,7962.5
PO000436,2025-06-11,S01,SUP05,P12,9.7,812.5,2025-06-12,2025-06-12,1,On-time,9.7,7881.2
PO000437,2025-06-13,S01,SUP05,P12,9.6,812.5,2025-06-14,2025-06-14,1,On-time,9.6,7800.0
PO000438,2025-06-14,S01,SUP05,P12,9.8,812.5,2025-06-15,2025-06-15,1,On-time,9.8,7962.5
PO000439,2025-06-16,S01,SUP05,P12,9.7,812.5,2025-06-17,2025-06-18,2,Late,9.7,7881.2
PO000440,2025-06-18,S01,SUP05,P12,9.4,812.5,2025-06-19,2025-06-19,1,On-time,9.4,7637.5
PO000441,2025-06-20,S01,SUP05,P12,9.1,812.5,2025-06-21,2025-06-21,1,On-time,9.1,7393.8
PO000442,2025-06-22,S01,SUP05,P12,9.4,812.5,2025-06-23,2025-06-23,1,On-time,9.4,7637.5
PO000443,2025-06-23,S01,SUP05,P12,9.2,812.5,2025-06-24,2025-06-28,5,Late,7.6,7475.0
PO000444,2025-06-28,S01,SUP05,P12,9.1,812.5,2025-06-29,2025-06-30,2,Late,9.1,7393.8
PO000445,2025-06-30,S01,SUP05,P12,9.0,812.5,2025-07-01,2025-07-01,1,On-time,9.0,7312.5
PO000446,2025-07-01,S01,SUP05,P12,8.8,812.5,2025-07-02,2025-07-06,5,Late,7.7,7150.0
PO000447,2025-07-06,S01,SUP05,P12,8.9,812.5,2025-07-07,2025-07-12,6,Late,7.0,7231.2
PO000448,2025-07-12,S01,SUP05,P12,8.8,812.5,2025-07-13,2025-07-13,1,On-time,8.8,7150.0
PO000449,2025-07-13,S01,SUP05,P12,8.9,812.5,2025-07-14,2025-07-14,1,On-time,8.9,7231.2
PO000450,2025-07-14,S01,SUP05,P12,8.7,812.5,2025-07-15,2025-07-15,1,On-time,8.7,7068.7
PO000451,2025-07-16,S01,SUP05,P12,8.5,812.5,2025-07-17,2025-07-17,1,On-time,8.5,6906.2
PO000452,2025-07-18,S01,SUP05,P12,8.5,812.5,2025-07-19,2025-07-19,1,On-time,8.5,6906.2
PO000453,2025-07-19,S01,SUP05,P12,8.7,812.5,2025-07-20,2025-07-20,1,On-time,8.7,7068.7
PO000454,2025-07-20,S01,SUP05,P12,8.9,812.5,2025-07-21,2025-07-21,1,On-time,8.9,7231.2
PO000455,2025-07-22,S01,SUP05,P12,8.9,812.5,2025-07-23,2025-07-23,1,On-time,8.9,7231.2
PO000456,2025-07-24,S01,SUP05,P12,9.0,812.5,2025-07-25,2025-07-25,1,On-time,9.0,7312.5
PO000457,2025-07-25,S01,SUP05,P12,8.9,812.5,2025-07-26,2025-07-26,1,On-time,8.9,7231.2
PO000458,2025-07-27,S01,SUP05,P12,9.3,812.5,2025-07-28,2025-07-28,1,On-time,9.3,7556.3
PO000459,2025-07-28,S01,SUP05,P12,9.1,812.5,2025-07-29,2025-07-29,1,On-time,9.1,7393.8
PO000460,2025-07-31,S01,SUP05,P12,8.7,812.5,2025-08-01,2025-08-02,2,Late,8.7,7068.7
PO000461,2025-08-02,S01,SUP05,P12,8.8,812.5,2025-08-03,2025-08-03,1,On-time,8.8,7150.0
PO000462,2025-08-03,S01,SUP05,P12,9.0,812.5,2025-08-04,2025-08-04,1,On-time,9.0,7312.5
PO000463,2025-08-04,S01,SUP05,P12,9.1,812.5,2025-08-05,2025-08-05,1,On-time,9.1,7393.8
PO000464,2025-08-06,S01,SUP05,P12,8.9,812.5,2025-08-07,2025-08-10,4,Late,7.3,7231.2
PO000465,2025-08-10,S01,SUP05,P12,9.2,812.5,2025-08-11,2025-08-11,1,On-time,9.2,7475.0
PO000466,2025-08-11,S01,SUP05,P12,9.1,812.5,2025-08-12,2025-08-12,1,On-time,9.1,7393.8
PO000467,2025-08-12,S01,SUP05,P12,9.0,812.5,2025-08-13,2025-08-17,5,Late,7.4,7312.5
PO000468,2025-08-17,S01,SUP05,P12,9.6,812.5,2025-08-18,2025-08-19,2,Late,9.6,7800.0
PO000469,2025-08-19,S01,SUP05,P12,9.2,812.5,2025-08-20,2025-08-20,1,On-time,9.2,7475.0
PO000470,2025-08-20,S01,SUP05,P12,9.0,812.5,2025-08-21,2025-08-25,5,Late,7.9,7312.5
PO000471,2025-08-25,S01,SUP05,P12,9.2,812.5,2025-08-26,2025-08-26,1,On-time,9.2,7475.0
PO000472,2025-08-26,S01,SUP05,P12,9.0,812.5,2025-08-27,2025-08-27,1,On-time,9.0,7312.5
PO000473,2025-08-28,S01,SUP05,P12,8.8,812.5,2025-08-29,2025-08-29,1,On-time,8.8,7150.0
PO000474,2025-08-29,S01,SUP05,P12,8.9,812.5,2025-08-30,2025-08-30,1,On-time,8.9,7231.2
PO000475,2025-08-31,S01,SUP05,P12,9.3,812.5,2025-09-01,2025-09-03,3,Late,8.1,7556.3
PO000476,2025-09-03,S01,SUP05,P12,8.9,812.5,2025-09-04,2025-09-04,1,On-time,8.9,7231.2
PO000477,2025-09-04,S01,SUP05,P12,8.9,812.5,2025-09-05,2025-09-05,1,On-time,8.9,7231.2
PO000478,2025-09-05,S01,SUP05,P12,9.0,812.5,2025-09-06,2025-09-07,2,Late,9.0,7312.5
PO000479,2025-09-07,S01,SUP05,P12,9.5,812.5,2025-09-08,2025-09-10,3,Late,7.0,7718.8
PO000480,2025-09-10,S01,SUP05,P12,9.1,812.5,2025-09-11,2025-09-11,1,On-time,9.1,7393.8
PO000481,2025-09-11,S01,SUP05,P12,9.0,812.5,2025-09-12,2025-09-14,3,Late,9.0,7312.5
PO000482,2025-09-14,S01,SUP05,P12,9.2,812.5,2025-09-15,2025-09-15,1,On-time,9.2,7475.0
PO000483,2025-09-15,S01,SUP05,P12,9.1,812.5,2025-09-16,2025-09-20,5,Late,6.4,7393.8
PO000484,2025-09-20,S01,SUP05,P12,9.1,812.5,2025-09-21,2025-09-24,4,Late,6.9,7393.8
PO000485,2025-09-24,S01,SUP05,P12,9.1,812.5,2025-09-25,2025-09-25,1,On-time,9.1,7393.8
PO000486,2025-09-25,S01,SUP05,P12,9.1,812.5,2025-09-26,2025-09-26,1,On-time,9.1,7393.8
PO000487,2025-09-26,S01,SUP05,P12,9.0,812.5,2025-09-27,2025-10-01,5,Late,7.7,7312.5
PO000488,2025-10-01,S01,SUP05,P12,8.7,812.5,2025-10-02,2025-10-03,2,Late,8.7,7068.7
PO000489,2025-10-03,S01,SUP05,P12,8.8,812.5,2025-10-04,2025-10-04,1,On-time,8.8,7150.0
PO000490,2025-10-04,S01,SUP05,P12,9.0,812.5,2025-10-05,2025-10-06,2,Late,9.0,7312.5
PO000491,2025-10-06,S01,SUP05,P12,8.8,812.5,2025-10-07,2025-10-08,2,Late,8.8,7150.0
PO000492,2025-10-08,S01,SUP05,P12,8.7,812.5,2025-10-09,2025-10-09,1,On-time,8.7,7068.7
PO000493,2025-10-09,S01,SUP05,P12,8.5,812.5,2025-10-10,2025-10-10,1,On-time,8.5,6906.2
PO000494,2025-10-11,S01,SUP05,P12,8.7,812.5,2025-10-12,2025-10-12,1,On-time,8.7,7068.7
PO000495,2025-10-12,S01,SUP05,P12,8.9,812.5,2025-10-13,2025-10-13,1,On-time,8.9,7231.2
PO000496,2025-10-14,S01,SUP05,P12,8.7,812.5,2025-10-15,2025-10-16,2,Late,8.7,7068.7
PO000497,2025-10-16,S01,SUP05,P12,8.7,812.5,2025-10-17,2025-10-17,1,On-time,8.7,7068.7
PO000498,2025-10-17,S01,SUP05,P12,8.7,812.5,2025-10-18,2025-10-18,1,On-time,8.7,7068.7
PO000499,2025-10-18,S01,SUP05,P12,9.0,812.5,2025-10-19,2025-10-22,4,Late,6.4,7312.5
PO000500,2025-10-22,S01,SUP05,P12,8.9,812.5,2025-10-23,2025-10-24,2,Late,8.9,7231.2
PO000501,2025-10-24,S01,SUP05,P12,9.1,812.5,2025-10-25,2025-10-26,2,Late,9.1,7393.8
PO000502,2025-10-26,S01,SUP05,P12,9.5,812.5,2025-10-27,2025-10-27,1,On-time,9.5,7718.8
PO000503,2025-10-27,S01,SUP05,P12,9.4,812.5,2025-10-28,2025-10-28,1,On-time,9.4,7637.5
PO000504,2025-10-29,S01,SUP05,P12,9.0,812.5,2025-10-30,2025-10-30,1,On-time,9.0,7312.5
PO000505,2025-10-31,S01,SUP05,P12,8.8,812.5,2025-11-01,2025-11-02,2,Late,8.8,7150.0
PO000506,2025-11-02,S01,SUP05,P12,9.2,812.5,2025-11-03,2025-11-03,1,On-time,9.2,7475.0
PO000507,2025-11-03,S01,SUP05,P12,9.1,812.5,2025-11-04,2025-11-06,3,Late,7.3,7393.8
PO000508,2025-11-06,S01,SUP05,P12,8.7,812.5,2025-11-07,2025-11-08,2,Late,8.7,7068.7
PO000509,2025-11-08,S01,SUP05,P12,9.3,812.5,2025-11-09,2025-11-09,1,On-time,9.3,7556.3
PO000510,2025-11-09,S01,SUP05,P12,9.5,812.5,2025-11-10,2025-11-14,5,Late,8.3,7718.8
PO000511,2025-11-14,S01,SUP05,P12,8.9,812.5,2025-11-15,2025-11-15,1,On-time,8.9,7231.2
PO000512,2025-11-15,S01,SUP05,P12,9.0,812.5,2025-11-16,2025-11-16,1,On-time,9.0,7312.5
PO000513,2025-11-16,S01,SUP05,P12,9.3,812.5,2025-11-17,2025-11-17,1,On-time,9.3,7556.3
PO000514,2025-11-18,S01,SUP05,P12,9.0,812.5,2025-11-19,2025-11-22,4,Late,7.0,7312.5
PO000515,2025-11-22,S01,SUP05,P12,9.1,812.5,2025-11-23,2025-11-24,2,Late,9.1,7393.8
PO000516,2025-11-24,S01,SUP05,P12,9.2,812.5,2025-11-25,2025-11-26,2,Late,9.2,7475.0
PO000517,2025-11-26,S01,SUP05,P12,9.1,812.5,2025-11-27,2025-11-27,1,On-time,9.1,7393.8
PO000518,2025-11-27,S01,SUP05,P12,9.1,812.5,2025-11-28,2025-11-28,1,On-time,9.1,7393.8
PO000519,2025-11-29,S01,SUP05,P12,9.4,812.5,2025-11-30,2025-12-01,2,Late,9.4,7637.5
PO000520,2025-12-01,S01,SUP05,P12,16.9,520.0,2025-12-02,2025-12-06,5,Late,13.7,8788.0
PO000521,2025-12-06,S01,SUP05,P12,16.3,520.0,2025-12-07,2025-12-07,1,On-time,16.3,8476.0
PO000522,2025-12-08,S01,SUP05,P12,16.8,520.0,2025-12-09,2025-12-10,2,Late,16.8,8736.0
PO000523,2025-12-12,S01,SUP05,P12,15.9,520.0,2025-12-13,2025-12-13,1,On-time,15.9,8268.0
PO000524,2025-12-15,S01,SUP05,P12,16.2,520.0,2025-12-16,2025-12-17,2,Late,16.2,8424.0
PO000525,2025-12-18,S01,SUP05,P12,16.2,520.0,2025-12-19,2025-12-19,1,On-time,16.2,8424.0
PO000526,2025-12-20,S01,SUP05,P12,17.0,520.0,2025-12-21,2025-12-21,1,On-time,17.0,8840.0
PO000527,2025-12-24,S01,SUP05,P12,16.2,520.0,2025-12-25,2025-12-25,1,On-time,16.2,8424.0
PO000528,2025-12-27,S01,SUP05,P12,17.2,520.0,2025-12-28,2025-12-28,1,On-time,17.2,8944.0
PO000529,2025-12-30,S01,SUP05,P12,16.7,520.0,2025-12-31,2026-01-04,5,Late,13.9,8684.0
PO000530,2025-01-01,S02,SUP01,P01,529.0,150.0,2025-01-04,2025-01-03,2,Early,529.0,79350.0
PO000531,2025-01-15,S02,SUP01,P01,570.6,150.0,2025-01-18,2025-01-21,6,Late,413.3,85590.0
PO000532,2025-01-28,S02,SUP01,P01,564.2,150.0,2025-01-31,2025-01-31,3,On-time,564.2,84630.0
PO000533,2025-02-15,S02,SUP01,P01,593.3,150.6,2025-02-18,2025-02-19,4,Late,593.3,89351.0
PO000534,2025-03-05,S02,SUP01,P01,587.5,151.2,2025-03-08,2025-03-08,3,On-time,587.5,88830.0
PO000535,2025-03-21,S02,SUP01,P01,631.6,151.2,2025-03-24,2025-03-24,3,On-time,631.6,95497.9
PO000536,2025-04-05,S02,SUP01,P01,699.3,151.8,2025-04-08,2025-04-07,2,Early,699.3,106153.7
PO000537,2025-04-27,S02,SUP01,P01,615.4,151.8,2025-04-30,2025-04-30,3,On-time,615.4,93417.7
PO000538,2025-05-17,S02,SUP01,P01,586.1,152.4,2025-05-20,2025-05-20,3,On-time,586.1,89321.6
PO000539,2025-06-04,S02,SUP01,P01,581.6,153.0,2025-06-07,2025-06-07,3,On-time,581.6,88984.8
PO000540,2025-06-19,S02,SUP01,P01,632.0,153.0,2025-06-22,2025-06-21,2,Early,632.0,96696.0
PO000541,2025-07-09,S02,SUP01,P01,569.7,153.6,2025-07-12,2025-07-12,3,On-time,569.7,87505.9
PO000542,2025-07-26,S02,SUP01,P01,614.4,153.6,2025-07-29,2025-07-29,3,On-time,614.4,94371.8
PO000543,2025-08-12,S02,SUP01,P01,624.3,154.2,2025-08-15,2025-08-20,8,Late,544.6,96267.1
PO000544,2025-08-28,S02,SUP01,P01,614.2,154.2,2025-08-31,2025-08-31,3,On-time,614.2,94709.6
PO000545,2025-09-15,S02,SUP01,P01,599.5,154.8,2025-09-18,2025-09-18,3,On-time,599.5,92802.6
PO000546,2025-10-03,S02,SUP01,P01,604.0,155.4,2025-10-06,2025-10-06,3,On-time,604.0,93861.6
PO000547,2025-10-21,S02,SUP01,P01,611.7,155.4,2025-10-24,2025-10-25,4,Late,611.7,95058.2
PO000548,2025-11-08,S02,SUP01,P01,621.3,156.0,2025-11-11,2025-11-15,7,Late,527.2,96922.8
PO000549,2025-11-22,S02,SUP01,P01,637.2,156.0,2025-11-25,2025-11-25,3,On-time,637.2,99403.2
PO000550,2025-12-11,S02,SUP01,P01,612.7,156.6,2025-12-14,2025-12-15,4,Late,612.7,95948.8
PO000551,2025-12-28,S02,SUP01,P01,635.7,156.6,2025-12-31,2025-12-31,3,On-time,635.7,99550.6
PO000552,2025-01-01,S02,SUP03,P02,366.3,180.0,2025-01-05,2025-01-05,4,On-time,366.3,65934.0
PO000553,2025-01-15,S02,SUP03,P02,412.7,180.0,2025-01-19,2025-01-19,4,On-time,412.7,74286.0
PO000554,2025-02-02,S02,SUP03,P02,432.6,180.7,2025-02-06,2025-02-07,5,Late,432.6,78170.8
PO000555,2025-02-22,S02,SUP03,P02,434.2,180.7,2025-02-26,2025-02-27,5,Late,434.2,78459.9
PO000556,2025-03-11,S02,SUP03,P02,481.9,181.4,2025-03-15,2025-03-18,7,Late,404.7,87416.7
PO000557,2025-03-27,S02,SUP03,P02,486.5,181.4,2025-03-31,2025-03-30,3,Early,486.5,88251.1
PO000558,2025-04-20,S02,SUP03,P02,414.0,182.2,2025-04-24,2025-04-24,4,On-time,414.0,75430.8
PO000559,2025-05-11,S02,SUP03,P02,409.1,182.9,2025-05-15,2025-05-15,4,On-time,409.1,74824.4
PO000560,2025-06-01,S02,SUP03,P02,399.3,183.6,2025-06-05,2025-06-04,3,Early,399.3,73311.5
PO000561,2025-06-20,S02,SUP03,P02,411.2,183.6,2025-06-24,2025-06-24,4,On-time,411.2,75496.3
PO000562,2025-07-09,S02,SUP03,P02,418.9,184.3,2025-07-13,2025-07-12,3,Early,418.9,77203.3
PO000563,2025-07-29,S02,SUP03,P02,414.5,184.3,2025-08-02,2025-08-02,4,On-time,414.5,76392.4
PO000564,2025-08-17,S02,SUP03,P02,443.1,185.0,2025-08-21,2025-08-21,4,On-time,443.1,81973.5
PO000565,2025-09-08,S02,SUP03,P02,407.4,185.8,2025-09-12,2025-09-12,4,On-time,407.4,75694.9
PO000566,2025-09-28,S02,SUP03,P02,413.6,185.8,2025-10-02,2025-10-02,4,On-time,413.6,76846.9
PO000567,2025-10-18,S02,SUP03,P02,409.0,186.5,2025-10-22,2025-10-23,5,Late,409.0,76278.5
PO000568,2025-11-07,S02,SUP03,P02,433.9,187.2,2025-11-11,2025-11-10,3,Early,433.9,81226.1
PO000569,2025-11-26,S02,SUP03,P02,439.4,187.2,2025-11-30,2025-11-30,4,On-time,439.4,82255.7
PO000570,2025-12-15,S02,SUP03,P02,446.4,187.9,2025-12-19,2025-12-19,4,On-time,446.4,83878.6
PO000571,2025-01-01,S02,SUP02,P03,56.4,1200.0,2025-01-03,2025-01-02,1,Early,56.4,67680.0
PO000572,2025-01-05,S02,SUP02,P03,64.2,1200.0,2025-01-07,2025-01-07,2,On-time,64.2,77040.0
PO000573,2025-01-11,S02,SUP02,P03,70.1,1200.0,2025-01-13,2025-01-13,2,On-time,70.1,84120.0
PO000574,2025-01-18,S02,SUP02,P03,69.8,1200.0,2025-01-20,2025-01-25,7,Late,60.5,83760.0
PO000575,2025-01-26,S02,SUP02,P03,73.0,1200.0,2025-01-28,2025-01-28,2,On-time,73.0,87600.0
PO000576,2025-02-02,S02,SUP02,P03,72.9,1204.8,2025-02-04,2025-02-03,1,Early,72.9,87829.9
PO000577,2025-02-09,S02,SUP02,P03,72.0,1204.8,2025-02-11,2025-02-12,3,Late,72.0,86745.6
PO000578,2025-02-15,S02,SUP02,P03,77.8,1204.8,2025-02-17,2025-02-17,2,On-time,77.8,93733.4
PO000579,2025-02-23,S02,SUP02,P03,76.2,1204.8,2025-02-25,2025-02-26,3,Late,76.2,91805.8
PO000580,2025-03-03,S02,SUP02,P03,71.0,1209.6,2025-03-05,2025-03-05,2,On-time,71.0,85881.6
PO000581,2025-03-09,S02,SUP02,P03,76.1,1209.6,2025-03-11,2025-03-11,2,On-time,76.1,92050.6
PO000582,2025-03-16,S02,SUP02,P03,79.5,1209.6,2025-03-18,2025-03-18,2,On-time,79.5,96163.2
PO000583,2025-03-22,S02,SUP02,P03,80.0,1209.6,2025-03-24,2025-03-24,2,On-time,80.0,96768.0
PO000584,2025-03-29,S02,SUP02,P03,79.8,1209.6,2025-03-31,2025-03-31,2,On-time,79.8,96526.1
PO000585,2025-04-03,S02,SUP02,P03,88.6,1214.4,2025-04-05,2025-04-08,5,Late,76.8,107595.8
PO000586,2025-04-13,S02,SUP02,P03,72.4,1214.4,2025-04-15,2025-04-15,2,On-time,72.4,87922.6
PO000587,2025-04-21,S02,SUP02,P03,67.7,1214.4,2025-04-23,2025-04-24,3,Late,67.7,82214.9
PO000588,2025-04-29,S02,SUP02,P03,64.3,1214.4,2025-05-01,2025-05-01,2,On-time,64.3,78085.9
PO000589,2025-05-07,S02,SUP02,P03,61.1,1219.2,2025-05-09,2025-05-09,2,On-time,61.1,74493.1
PO000590,2025-05-14,S02,SUP02,P03,60.0,1219.2,2025-05-16,2025-05-16,2,On-time,60.0,73152.0
PO000591,2025-05-20,S02,SUP02,P03,61.0,1219.2,2025-05-22,2025-05-21,1,Early,61.0,74371.2
PO000592,2025-05-27,S02,SUP02,P03,60.8,1219.2,2025-05-29,2025-05-29,2,On-time,60.8,74127.4
PO000593,2025-06-03,S02,SUP02,P03,62.7,1224.0,2025-06-05,2025-06-05,2,On-time,62.7,76744.8
PO000594,2025-06-09,S02,SUP02,P03,69.5,1224.0,2025-06-11,2025-06-11,2,On-time,69.5,85068.0
PO000595,2025-06-16,S02,SUP02,P03,67.9,1224.0,2025-06-18,2025-06-17,1,Early,67.9,83109.6
PO000596,2025-06-24,S02,SUP02,P03,64.4,1224.0,2025-06-26,2025-06-29,5,Late,48.9,78825.6
PO000597,2025-06-30,S02,SUP02,P03,64.2,1224.0,2025-07-02,2025-07-03,3,Late,64.2,78580.8
PO000598,2025-07-07,S02,SUP02,P03,63.0,1228.8,2025-07-09,2025-07-10,3,Late,63.0,77414.4
PO000599,2025-07-14,S02,SUP02,P03,62.4,1228.8,2025-07-16,2025-07-16,2,On-time,62.4,76677.1
PO000600,2025-07-21,S02,SUP02,P03,63.7,1228.8,2025-07-23,2025-07-22,1,Early,63.7,78274.6
PO000601,2025-07-28,S02,SUP02,P03,63.4,1228.8,2025-07-30,2025-07-30,2,On-time,63.4,77905.9
PO000602,2025-08-03,S02,SUP02,P03,66.5,1233.6,2025-08-05,2025-08-04,1,Early,66.5,82034.4
PO000603,2025-08-11,S02,SUP02,P03,65.0,1233.6,2025-08-13,2025-08-13,2,On-time,65.0,80184.0
PO000604,2025-08-18,S02,SUP02,P03,64.9,1233.6,2025-08-20,2025-08-21,3,Late,64.9,80060.6
PO000605,2025-08-26,S02,SUP02,P03,63.7,1233.6,2025-08-28,2025-08-28,2,On-time,63.7,78580.3
PO000606,2025-09-01,S02,SUP02,P03,64.2,1238.4,2025-09-03,2025-09-04,3,Late,64.2,79505.3
PO000607,2025-09-08,S02,SUP02,P03,64.3,1238.4,2025-09-10,2025-09-11,3,Late,64.3,79629.1
PO000608,2025-09-16,S02,SUP02,P03,62.6,1238.4,2025-09-18,2025-09-18,2,On-time,62.6,77523.8
PO000609,2025-09-23,S02,SUP02,P03,62.9,1238.4,2025-09-25,2025-09-25,2,On-time,62.9,77895.4
PO000610,2025-09-29,S02,SUP02,P03,65.3,1238.4,2025-10-01,2025-10-05,6,Late,53.2,80867.5
PO000611,2025-10-06,S02,SUP02,P03,63.5,1243.2,2025-10-08,2025-10-08,2,On-time,63.5,78943.2
PO000612,2025-10-13,S02,SUP02,P03,65.2,1243.2,2025-10-15,2025-10-14,1,Early,65.2,81056.6
PO000613,2025-10-20,S02,SUP02,P03,63.6,1243.2,2025-10-22,2025-10-22,2,On-time,63.6,79067.5
PO000614,2025-10-27,S02,SUP02,P03,64.2,1243.2,2025-10-29,2025-10-29,2,On-time,64.2,79813.4
PO000615,2025-11-03,S02,SUP02,P03,67.7,1248.0,2025-11-05,2025-11-08,5,Late,50.3,84489.6
PO000616,2025-11-08,S02,SUP02,P03,74.9,1248.0,2025-11-10,2025-11-10,2,On-time,74.9,93475.2
PO000617,2025-11-15,S02,SUP02,P03,79.0,1248.0,2025-11-17,2025-11-17,2,On-time,79.0,98592.0
PO000618,2025-11-22,S02,SUP02,P03,78.1,1248.0,2025-11-24,2025-11-27,5,Late,71.2,97468.8
PO000619,2025-11-29,S02,SUP02,P03,77.5,1248.0,2025-12-01,2025-12-01,2,On-time,77.5,96720.0
PO000620,2025-12-06,S02,SUP02,P03,77.7,1252.8,2025-12-08,2025-12-07,1,Early,77.7,97342.6
PO000621,2025-12-13,S02,SUP02,P03,76.7,1252.8,2025-12-15,2025-12-15,2,On-time,76.7,96089.8
PO000622,2025-12-20,S02,SUP02,P03,78.3,1252.8,2025-12-22,2025-12-22,2,On-time,78.3,98094.2
PO000623,2025-12-27,S02,SUP02,P03,77.6,1252.8,2025-12-29,2025-12-29,2,On-time,77.6,97217.3
PO000624,2025-01-01,S02,SUP02,P04,83.7,320.0,2025-01-03,2025-01-03,2,On-time,83.7,26784.0
PO000625,2025-01-05,S02,SUP02,P04,93.3,320.0,2025-01-07,2025-01-06,1,Early,93.3,29856.0
PO000626,2025-01-12,S02,SUP02,P04,98.8,320.0,2025-01-14,2025-01-13,1,Early,98.8,31616.0
PO000627,2025-01-18,S02,SUP02,P04,98.8,320.0,2025-01-20,2025-01-20,2,On-time,98.8,31616.0
PO000628,2025-01-25,S02,SUP02,P04,100.1,320.0,2025-01-27,2025-01-27,2,On-time,100.1,32032.0
PO000629,2025-02-01,S02,SUP02,P04,101.4,321.3,2025-02-03,2025-02-06,5,Late,86.5,32579.8
PO000630,2025-02-08,S02,SUP02,P04,102.3,321.3,2025-02-10,2025-02-10,2,On-time,102.3,32869.0
PO000631,2025-02-14,S02,SUP02,P04,110.6,321.3,2025-02-16,2025-02-15,1,Early,110.6,35535.8
PO000632,2025-02-21,S02,SUP02,P04,108.0,321.3,2025-02-23,2025-02-23,2,On-time,108.0,34700.4
PO000633,2025-02-28,S02,SUP02,P04,104.4,321.3,2025-03-02,2025-03-02,2,On-time,104.4,33543.7
PO000634,2025-03-07,S02,SUP02,P04,105.3,322.6,2025-03-09,2025-03-14,7,Late,77.5,33969.8
PO000635,2025-03-14,S02,SUP02,P04,110.9,322.6,2025-03-16,2025-03-17,3,Late,110.9,35776.3
PO000636,2025-03-22,S02,SUP02,P04,111.5,322.6,2025-03-24,2025-03-24,2,On-time,111.5,35969.9
PO000637,2025-03-29,S02,SUP02,P04,110.9,322.6,2025-03-31,2025-03-31,2,On-time,110.9,35776.3
PO000638,2025-04-02,S02,SUP02,P04,126.2,323.8,2025-04-04,2025-04-04,2,On-time,126.2,40863.6
PO000639,2025-04-12,S02,SUP02,P04,105.5,323.8,2025-04-14,2025-04-13,1,Early,105.5,34160.9
PO000640,2025-04-21,S02,SUP02,P04,97.5,323.8,2025-04-23,2025-04-22,1,Early,97.5,31570.5
PO000641,2025-04-28,S02,SUP02,P04,96.0,323.8,2025-04-30,2025-04-30,2,On-time,96.0,31084.8
PO000642,2025-05-05,S02,SUP02,P04,96.8,325.1,2025-05-07,2025-05-10,5,Late,83.7,31469.7
PO000643,2025-05-12,S02,SUP02,P04,92.7,325.1,2025-05-14,2025-05-18,6,Late,69.9,30136.8
PO000644,2025-05-19,S02,SUP02,P04,94.2,325.1,2025-05-21,2025-05-21,2,On-time,94.2,30624.4
PO000645,2025-05-26,S02,SUP02,P04,92.2,325.1,2025-05-28,2025-05-28,2,On-time,92.2,29974.2
PO000646,2025-06-02,S02,SUP02,P04,92.9,326.4,2025-06-04,2025-06-05,3,Late,92.9,30322.6
PO000647,2025-06-09,S02,SUP02,P04,98.7,326.4,2025-06-11,2025-06-11,2,On-time,98.7,32215.7
PO000648,2025-06-15,S02,SUP02,P04,99.3,326.4,2025-06-17,2025-06-17,2,On-time,99.3,32411.5
PO000649,2025-06-23,S02,SUP02,P04,96.5,326.4,2025-06-25,2025-06-25,2,On-time,96.5,31497.6
PO000650,2025-06-30,S02,SUP02,P04,95.6,326.4,2025-07-02,2025-07-04,4,Late,67.5,31203.8
PO000651,2025-07-05,S02,SUP02,P04,98.1,327.7,2025-07-07,2025-07-12,7,Late,87.8,32147.4
PO000652,2025-07-13,S02,SUP02,P04,98.9,327.7,2025-07-15,2025-07-15,2,On-time,98.9,32409.5
PO000653,2025-07-21,S02,SUP02,P04,94.2,327.7,2025-07-23,2025-07-26,5,Late,70.4,30869.3
PO000654,2025-07-27,S02,SUP02,P04,97.6,327.7,2025-07-29,2025-07-28,1,Early,97.6,31983.5
PO000655,2025-08-03,S02,SUP02,P04,95.5,329.0,2025-08-05,2025-08-05,2,On-time,95.5,31419.5
PO000656,2025-08-10,S02,SUP02,P04,96.1,329.0,2025-08-12,2025-08-12,2,On-time,96.1,31616.9
PO000657,2025-08-17,S02,SUP02,P04,100.1,329.0,2025-08-19,2025-08-21,4,Late,84.5,32932.9
PO000658,2025-08-23,S02,SUP02,P04,95.1,329.0,2025-08-25,2025-08-25,2,On-time,95.1,31287.9
PO000659,2025-08-30,S02,SUP02,P04,98.1,329.0,2025-09-01,2025-09-01,2,On-time,98.1,32274.9
PO000660,2025-09-06,S02,SUP02,P04,99.8,330.2,2025-09-08,2025-09-08,2,On-time,99.8,32954.0
PO000661,2025-09-13,S02,SUP02,P04,100.8,330.2,2025-09-15,2025-09-15,2,On-time,100.8,33284.2
PO000662,2025-09-20,S02,SUP02,P04,99.3,330.2,2025-09-22,2025-09-22,2,On-time,99.3,32788.9
PO000663,2025-09-27,S02,SUP02,P04,100.0,330.2,2025-09-29,2025-09-29,2,On-time,100.0,33020.0
PO000664,2025-10-04,S02,SUP02,P04,100.5,331.5,2025-10-06,2025-10-06,2,On-time,100.5,33315.8
PO000665,2025-10-12,S02,SUP02,P04,98.9,331.5,2025-10-14,2025-10-14,2,On-time,98.9,32785.3
PO000666,2025-10-19,S02,SUP02,P04,98.1,331.5,2025-10-21,2025-10-20,1,Early,98.1,32520.1
PO000667,2025-10-26,S02,SUP02,P04,95.0,331.5,2025-10-28,2025-10-28,2,On-time,95.0,31492.5
PO000668,2025-11-02,S02,SUP02,P04,101.9,332.8,2025-11-04,2025-11-04,2,On-time,101.9,33912.3
PO000669,2025-11-08,S02,SUP02,P04,107.5,332.8,2025-11-10,2025-11-11,3,Late,107.5,35776.0
PO000670,2025-11-15,S02,SUP02,P04,108.5,332.8,2025-11-17,2025-11-18,3,Late,108.5,36108.8
PO000671,2025-11-22,S02,SUP02,P04,107.0,332.8,2025-11-24,2025-11-24,2,On-time,107.0,35609.6
PO000672,2025-11-29,S02,SUP02,P04,107.6,332.8,2025-12-01,2025-11-30,1,Early,107.6,35809.3
PO000673,2025-12-06,S02,SUP02,P04,108.2,334.1,2025-12-08,2025-12-08,2,On-time,108.2,36149.6
PO000674,2025-12-13,S02,SUP02,P04,107.6,334.1,2025-12-15,2025-12-15,2,On-time,107.6,35949.2
PO000675,2025-12-20,S02,SUP02,P04,108.5,334.1,2025-12-22,2025-12-21,1,Early,108.5,36249.9
PO000676,2025-12-27,S02,SUP02,P04,112.5,334.1,2025-12-29,2025-12-29,2,On-time,112.5,37586.2
PO000677,2025-01-01,S02,SUP02,P05,105.2,210.0,2025-01-03,2025-01-06,5,Late,77.3,22092.0
PO000678,2025-01-06,S02,SUP02,P05,111.2,210.0,2025-01-08,2025-01-07,1,Early,111.2,23352.0
PO000679,2025-01-10,S02,SUP02,P05,109.1,210.0,2025-01-12,2025-01-12,2,On-time,109.1,22911.0
PO000680,2025-01-13,S02,SUP02,P05,114.5,210.0,2025-01-15,2025-01-16,3,Late,114.5,24045.0
PO000681,2025-01-18,S02,SUP02,P05,115.8,210.0,2025-01-20,2025-01-24,6,Late,100.7,24318.0
PO000682,2025-01-24,S02,SUP02,P05,109.8,210.0,2025-01-26,2025-01-26,2,On-time,109.8,23058.0
PO000683,2025-01-28,S02,SUP02,P05,110.6,210.0,2025-01-30,2025-01-30,2,On-time,110.6,23226.0
PO000684,2025-02-01,S02,SUP02,P05,112.1,210.8,2025-02-03,2025-02-03,2,On-time,112.1,23630.7
PO000685,2025-02-05,S02,SUP02,P05,113.3,210.8,2025-02-07,2025-02-07,2,On-time,113.3,23883.6
PO000686,2025-02-10,S02,SUP02,P05,113.4,210.8,2025-02-12,2025-02-13,3,Late,113.4,23904.7
PO000687,2025-02-14,S02,SUP02,P05,113.2,210.8,2025-02-16,2025-02-16,2,On-time,113.2,23862.6
PO000688,2025-02-18,S02,SUP02,P05,112.9,210.8,2025-02-20,2025-02-21,3,Late,112.9,23799.3
PO000689,2025-02-22,S02,SUP02,P05,115.7,210.8,2025-02-24,2025-02-23,1,Early,115.7,24389.6
PO000690,2025-02-26,S02,SUP02,P05,112.9,210.8,2025-02-28,2025-02-28,2,On-time,112.9,23799.3
PO000691,2025-03-02,S02,SUP02,P05,116.6,211.7,2025-03-04,2025-03-04,2,On-time,116.6,24684.2
PO000692,2025-03-06,S02,SUP02,P05,115.7,211.7,2025-03-08,2025-03-08,2,On-time,115.7,24493.7
PO000693,2025-03-09,S02,SUP02,P05,126.4,211.7,2025-03-11,2025-03-11,2,On-time,126.4,26758.9
PO000694,2025-03-14,S02,SUP02,P05,124.1,211.7,2025-03-16,2025-03-19,5,Late,109.1,26272.0
PO000695,2025-03-19,S02,SUP02,P05,123.3,211.7,2025-03-21,2025-03-22,3,Late,123.3,26102.6
PO000696,2025-03-23,S02,SUP02,P05,133.5,211.7,2025-03-25,2025-03-25,2,On-time,133.5,28261.9
PO000697,2025-03-28,S02,SUP02,P05,125.7,211.7,2025-03-30,2025-03-31,3,Late,125.7,26610.7
PO000698,2025-03-31,S02,SUP02,P05,135.4,211.7,2025-04-02,2025-04-02,2,On-time,135.4,28664.2
PO000699,2025-04-04,S02,SUP02,P05,138.1,212.5,2025-04-06,2025-04-06,2,On-time,138.1,29346.2
PO000700,2025-04-09,S02,SUP02,P05,129.2,212.5,2025-04-11,2025-04-13,4,Late,106.2,27455.0
PO000701,2025-04-13,S02,SUP02,P05,127.2,212.5,2025-04-15,2025-04-15,2,On-time,127.2,27030.0
PO000702,2025-04-18,S02,SUP02,P05,120.7,212.5,2025-04-20,2025-04-25,7,Late,92.3,25648.8
PO000703,2025-04-25,S02,SUP02,P05,119.5,212.5,2025-04-27,2025-04-27,2,On-time,119.5,25393.8
PO000704,2025-04-29,S02,SUP02,P05,116.3,212.5,2025-05-01,2025-05-01,2,On-time,116.3,24713.8
PO000705,2025-05-03,S02,SUP02,P05,117.6,213.4,2025-05-05,2025-05-06,3,Late,117.6,25095.8
PO000706,2025-05-07,S02,SUP02,P05,120.6,213.4,2025-05-09,2025-05-08,1,Early,120.6,25736.0
PO000707,2025-05-11,S02,SUP02,P05,123.1,213.4,2025-05-13,2025-05-13,2,On-time,123.1,26269.5
PO000708,2025-05-16,S02,SUP02,P05,116.3,213.4,2025-05-18,2025-05-18,2,On-time,116.3,24818.4
PO000709,2025-05-20,S02,SUP02,P05,119.4,213.4,2025-05-22,2025-05-21,1,Early,119.4,25480.0
PO000710,2025-05-24,S02,SUP02,P05,118.4,213.4,2025-05-26,2025-05-27,3,Late,118.4,25266.6
PO000711,2025-05-29,S02,SUP02,P05,112.5,213.4,2025-05-31,2025-05-31,2,On-time,112.5,24007.5
PO000712,2025-06-01,S02,SUP02,P05,118.8,214.2,2025-06-03,2025-06-03,2,On-time,118.8,25447.0
PO000713,2025-06-06,S02,SUP02,P05,114.9,214.2,2025-06-08,2025-06-10,4,Late,114.9,24611.6
PO000714,2025-06-10,S02,SUP02,P05,125.3,214.2,2025-06-12,2025-06-12,2,On-time,125.3,26839.3
PO000715,2025-06-15,S02,SUP02,P05,122.6,214.2,2025-06-17,2025-06-16,1,Early,122.6,26260.9
PO000716,2025-06-20,S02,SUP02,P05,116.5,214.2,2025-06-22,2025-06-22,2,On-time,116.5,24954.3
PO000717,2025-06-24,S02,SUP02,P05,115.3,214.2,2025-06-26,2025-07-01,7,Late,92.4,24697.3
PO000718,2025-07-01,S02,SUP02,P05,115.7,215.0,2025-07-03,2025-07-03,2,On-time,115.7,24875.5
PO000719,2025-07-05,S02,SUP02,P05,121.8,215.0,2025-07-07,2025-07-07,2,On-time,121.8,26187.0
PO000720,2025-07-09,S02,SUP02,P05,119.5,215.0,2025-07-11,2025-07-11,2,On-time,119.5,25692.5
PO000721,2025-07-12,S02,SUP02,P05,124.4,215.0,2025-07-14,2025-07-14,2,On-time,124.4,26746.0
PO000722,2025-07-17,S02,SUP02,P05,119.5,215.0,2025-07-19,2025-07-19,2,On-time,119.5,25692.5
PO000723,2025-07-21,S02,SUP02,P05,122.1,215.0,2025-07-23,2025-07-23,2,On-time,122.1,26251.5
PO000724,2025-07-26,S02,SUP02,P05,123.0,215.0,2025-07-28,2025-07-28,2,On-time,123.0,26445.0
PO000725,2025-07-30,S02,SUP02,P05,117.1,215.0,2025-08-01,2025-08-01,2,On-time,117.1,25176.5
PO000726,2025-08-03,S02,SUP02,P05,121.1,215.9,2025-08-05,2025-08-05,2,On-time,121.1,26145.5
PO000727,2025-08-08,S02,SUP02,P05,117.4,215.9,2025-08-10,2025-08-10,2,On-time,117.4,25346.7
PO000728,2025-08-11,S02,SUP02,P05,119.6,215.9,2025-08-13,2025-08-12,1,Early,119.6,25821.6
PO000729,2025-08-16,S02,SUP02,P05,122.5,215.9,2025-08-18,2025-08-18,2,On-time,122.5,26447.8
PO000730,2025-08-19,S02,SUP02,P05,123.4,215.9,2025-08-21,2025-08-20,1,Early,123.4,26642.1
PO000731,2025-08-24,S02,SUP02,P05,124.4,215.9,2025-08-26,2025-08-26,2,On-time,124.4,26858.0
PO000732,2025-08-29,S02,SUP02,P05,117.3,215.9,2025-08-31,2025-08-30,1,Early,117.3,25325.1
PO000733,2025-09-02,S02,SUP02,P05,115.3,216.7,2025-09-04,2025-09-04,2,On-time,115.3,24985.5
PO000734,2025-09-06,S02,SUP02,P05,117.7,216.7,2025-09-08,2025-09-08,2,On-time,117.7,25505.6
PO000735,2025-09-10,S02,SUP02,P05,118.1,216.7,2025-09-12,2025-09-11,1,Early,118.1,25592.3
PO000736,2025-09-14,S02,SUP02,P05,118.4,216.7,2025-09-16,2025-09-16,2,On-time,118.4,25657.3
PO000737,2025-09-19,S02,SUP02,P05,114.4,216.7,2025-09-21,2025-09-21,2,On-time,114.4,24790.5
PO000738,2025-09-23,S02,SUP02,P05,115.6,216.7,2025-09-25,2025-09-25,2,On-time,115.6,25050.5
PO000739,2025-09-27,S02,SUP02,P05,117.7,216.7,2025-09-29,2025-09-28,1,Early,117.7,25505.6
PO000740,2025-10-01,S02,SUP02,P05,117.1,217.6,2025-10-03,2025-10-04,3,Late,117.1,25481.0
PO000741,2025-10-05,S02,SUP02,P05,123.6,217.6,2025-10-07,2025-10-08,3,Late,123.6,26895.4
PO000742,2025-10-10,S02,SUP02,P05,118.0,217.6,2025-10-12,2025-10-12,2,On-time,118.0,25676.8
PO000743,2025-10-14,S02,SUP02,P05,121.0,217.6,2025-10-16,2025-10-16,2,On-time,121.0,26329.6
PO000744,2025-10-18,S02,SUP02,P05,121.9,217.6,2025-10-20,2025-10-20,2,On-time,121.9,26525.4
PO000745,2025-10-22,S02,SUP02,P05,118.4,217.6,2025-10-24,2025-10-24,2,On-time,118.4,25763.8
PO000746,2025-10-26,S02,SUP02,P05,124.3,217.6,2025-10-28,2025-10-29,3,Late,124.3,27047.7
PO000747,2025-10-31,S02,SUP02,P05,117.4,217.6,2025-11-02,2025-11-03,3,Late,117.4,25546.2
PO000748,2025-11-03,S02,SUP02,P05,122.0,218.4,2025-11-05,2025-11-06,3,Late,122.0,26644.8
PO000749,2025-11-08,S02,SUP02,P05,125.1,218.4,2025-11-10,2025-11-10,2,On-time,125.1,27321.8
PO000750,2025-11-12,S02,SUP02,P05,121.6,218.4,2025-11-14,2025-11-14,2,On-time,121.6,26557.4
PO000751,2025-11-16,S02,SUP02,P05,130.5,218.4,2025-11-18,2025-11-21,5,Late,106.2,28501.2
PO000752,2025-11-21,S02,SUP02,P05,123.8,218.4,2025-11-23,2025-11-23,2,On-time,123.8,27037.9
PO000753,2025-11-25,S02,SUP02,P05,125.4,218.4,2025-11-27,2025-11-29,4,Late,125.4,27387.4
PO000754,2025-11-30,S02,SUP02,P05,124.0,218.4,2025-12-02,2025-12-03,3,Late,124.0,27081.6
PO000755,2025-12-04,S02,SUP02,P05,118.3,219.2,2025-12-06,2025-12-05,1,Early,118.3,25931.4
PO000756,2025-12-07,S02,SUP02,P05,130.5,219.2,2025-12-09,2025-12-08,1,Early,130.5,28605.6
PO000757,2025-12-12,S02,SUP02,P05,128.7,219.2,2025-12-14,2025-12-14,2,On-time,128.7,28211.0
PO000758,2025-12-16,S02,SUP02,P05,126.5,219.2,2025-12-18,2025-12-18,2,On-time,126.5,27728.8
PO000759,2025-12-20,S02,SUP02,P05,126.9,219.2,2025-12-22,2025-12-22,2,On-time,126.9,27816.5
PO000760,2025-12-25,S02,SUP02,P05,123.3,219.2,2025-12-27,2025-12-27,2,On-time,123.3,27027.4
PO000761,2025-12-29,S02,SUP02,P05,127.1,219.2,2025-12-31,2026-01-01,3,Late,127.1,27860.3
PO000762,2025-01-01,S02,SUP04,P06,27.6,900.0,2025-01-06,2025-01-07,6,Late,27.6,24840.0
PO000763,2025-01-18,S02,SUP04,P06,30.0,900.0,2025-01-23,2025-01-23,5,On-time,30.0,27000.0
PO000764,2025-02-09,S02,SUP04,P06,30.7,903.6,2025-02-14,2025-02-14,5,On-time,30.7,27740.5
PO000765,2025-03-04,S02,SUP04,P06,31.4,907.2,2025-03-09,2025-03-10,6,Late,31.4,28486.1
PO000766,2025-03-25,S02,SUP04,P06,33.7,907.2,2025-03-30,2025-04-02,8,Late,28.5,30572.6
PO000767,2025-04-13,S02,SUP04,P06,32.9,910.8,2025-04-18,2025-04-17,4,Early,32.9,29965.3
PO000768,2025-05-10,S02,SUP04,P06,29.6,914.4,2025-05-15,2025-05-15,5,On-time,29.6,27066.2
PO000769,2025-05-31,S02,SUP04,P06,31.6,914.4,2025-06-05,2025-06-05,5,On-time,31.6,28895.0
PO000770,2025-06-22,S02,SUP04,P06,33.0,918.0,2025-06-27,2025-06-27,5,On-time,33.0,30294.0
PO000771,2025-07-19,S02,SUP04,P06,30.3,921.6,2025-07-24,2025-07-25,6,Late,30.3,27924.5
PO000772,2025-08-09,S02,SUP04,P06,32.1,925.2,2025-08-14,2025-08-14,5,On-time,32.1,29698.9
PO000773,2025-09-01,S02,SUP04,P06,31.2,928.8,2025-09-06,2025-09-06,5,On-time,31.2,28978.6
PO000774,2025-09-25,S02,SUP04,P06,30.0,928.8,2025-09-30,2025-10-01,6,Late,30.0,27864.0
PO000775,2025-10-15,S02,SUP04,P06,32.5,932.4,2025-10-20,2025-10-19,4,Early,32.5,30303.0
PO000776,2025-11-06,S02,SUP04,P06,32.0,936.0,2025-11-11,2025-11-12,6,Late,32.0,29952.0
PO000777,2025-11-28,S02,SUP04,P06,32.3,936.0,2025-12-03,2025-12-03,5,On-time,32.3,30232.8
PO000778,2025-12-21,S02,SUP04,P06,32.4,939.6,2025-12-26,2025-12-26,5,On-time,32.4,30443.0
PO000779,2025-01-01,S02,SUP06,P07,143.2,1450.0,2025-01-07,2025-01-07,6,On-time,143.2,207640.0
PO000780,2025-01-15,S02,SUP06,P07,168.8,1450.0,2025-01-21,2025-01-20,5,Early,168.8,244760.0
PO000781,2025-02-05,S02,SUP06,P07,174.2,1455.8,2025-02-11,2025-02-10,5,Early,174.2,253600.4
PO000782,2025-02-23,S02,SUP06,P07,192.6,1455.8,2025-03-01,2025-03-04,9,Late,153.4,280387.1
PO000783,2025-03-14,S02,SUP06,P07,195.4,1461.6,2025-03-20,2025-03-19,5,Early,195.4,285596.6
PO000784,2025-04-02,S02,SUP06,P07,230.7,1467.4,2025-04-08,2025-04-08,6,On-time,230.7,338529.2
PO000785,2025-05-11,S02,SUP06,P07,158.7,1473.2,2025-05-17,2025-05-17,6,On-time,158.7,233796.8
PO000786,2025-06-04,S02,SUP06,P07,146.3,1479.0,2025-06-10,2025-06-10,6,On-time,146.3,216377.7
PO000787,2025-06-24,S02,SUP06,P07,157.7,1479.0,2025-06-30,2025-06-30,6,On-time,157.7,233238.3
PO000788,2025-07-18,S02,SUP06,P07,152.5,1484.8,2025-07-24,2025-07-25,7,Late,152.5,226432.0
PO000789,2025-08-09,S02,SUP06,P07,158.1,1490.6,2025-08-15,2025-08-15,6,On-time,158.1,235663.9
PO000790,2025-08-31,S02,SUP06,P07,162.2,1490.6,2025-09-06,2025-09-06,6,On-time,162.2,241775.3
PO000791,2025-09-23,S02,SUP06,P07,159.7,1496.4,2025-09-29,2025-09-29,6,On-time,159.7,238975.1
PO000792,2025-10-16,S02,SUP06,P07,158.9,1502.2,2025-10-22,2025-10-21,5,Early,158.9,238699.6
PO000793,2025-11-07,S02,SUP06,P07,172.4,1508.0,2025-11-13,2025-11-13,6,On-time,172.4,259979.2
PO000794,2025-11-25,S02,SUP06,P07,192.5,1508.0,2025-12-01,2025-12-01,6,On-time,192.5,290290.0
PO000795,2025-12-18,S02,SUP06,P07,191.0,1513.8,2025-12-24,2025-12-24,6,On-time,191.0,289135.8
PO000796,2025-01-01,S02,SUP06,P08,9.7,3200.0,2025-01-07,2025-01-07,6,On-time,9.7,31040.0
PO000797,2025-01-14,S02,SUP06,P08,12.0,3200.0,2025-01-20,2025-01-20,6,On-time,12.0,38400.0
PO000798,2025-02-06,S02,SUP06,P08,12.1,3212.8,2025-02-12,2025-02-12,6,On-time,12.1,38874.9
PO000799,2025-03-01,S02,SUP06,P08,12.5,3225.6,2025-03-07,2025-03-09,8,Late,11.1,40320.0
PO000800,2025-03-22,S02,SUP06,P08,12.1,3225.6,2025-03-28,2025-03-29,7,Late,12.1,39029.8
PO000801,2025-04-15,S02,SUP06,P08,11.4,3238.4,2025-04-21,2025-04-21,6,On-time,11.4,36917.8
PO000802,2025-05-12,S02,SUP06,P08,10.7,3251.2,2025-05-18,2025-05-18,6,On-time,10.7,34787.8
PO000803,2025-06-06,S02,SUP06,P08,10.4,3264.0,2025-06-12,2025-06-12,6,On-time,10.4,33945.6
PO000804,2025-06-28,S02,SUP06,P08,10.7,3264.0,2025-07-04,2025-07-04,6,On-time,10.7,34924.8
PO000805,2025-07-22,S02,SUP06,P08,10.6,3276.8,2025-07-28,2025-07-28,6,On-time,10.6,34734.1
PO000806,2025-08-14,S02,SUP06,P08,10.9,3289.6,2025-08-20,2025-08-20,6,On-time,10.9,35856.6
PO000807,2025-09-07,S02,SUP06,P08,10.7,3302.4,2025-09-13,2025-09-14,7,Late,10.7,35335.7
PO000808,2025-10-01,S02,SUP06,P08,10.6,3315.2,2025-10-07,2025-10-07,6,On-time,10.6,35141.1
PO000809,2025-10-25,S02,SUP06,P08,10.8,3315.2,2025-10-31,2025-11-01,7,Late,10.8,35804.2
PO000810,2025-11-13,S02,SUP06,P08,12.4,3328.0,2025-11-19,2025-11-24,11,Late,9.6,41267.2
PO000811,2025-11-28,S02,SUP06,P08,13.6,3328.0,2025-12-04,2025-12-04,6,On-time,13.6,45260.8
PO000812,2025-12-22,S02,SUP06,P08,13.6,3340.8,2025-12-28,2025-12-31,9,Late,10.6,45434.9
PO000813,2025-01-01,S02,SUP04,P09,33.0,350.0,2025-01-06,2025-01-05,4,Early,33.0,11550.0
PO000814,2025-01-19,S02,SUP04,P09,34.7,350.0,2025-01-24,2025-01-24,5,On-time,34.7,12145.0
PO000815,2025-02-08,S02,SUP04,P09,38.4,351.4,2025-02-13,2025-02-13,5,On-time,38.4,13493.8
PO000816,2025-03-02,S02,SUP04,P09,37.7,352.8,2025-03-07,2025-03-07,5,On-time,37.7,13300.6
PO000817,2025-03-22,S02,SUP04,P09,41.8,352.8,2025-03-27,2025-03-27,5,On-time,41.8,14747.0
PO000818,2025-04-12,S02,SUP04,P09,42.1,354.2,2025-04-17,2025-04-21,9,Late,33.7,14911.8
PO000819,2025-05-03,S02,SUP04,P09,37.0,355.6,2025-05-08,2025-05-08,5,On-time,37.0,13157.2
PO000820,2025-05-26,S02,SUP04,P09,35.9,355.6,2025-05-31,2025-06-01,6,Late,35.9,12766.0
PO000821,2025-06-14,S02,SUP04,P09,39.6,357.0,2025-06-19,2025-06-19,5,On-time,39.6,14137.2
PO000822,2025-07-09,S02,SUP04,P09,37.7,358.4,2025-07-14,2025-07-14,5,On-time,37.7,13511.7
PO000823,2025-07-31,S02,SUP04,P09,36.1,358.4,2025-08-05,2025-08-06,6,Late,36.1,12938.2
PO000824,2025-08-21,S02,SUP04,P09,37.0,359.8,2025-08-26,2025-08-25,4,Early,37.0,13312.6
PO000825,2025-09-11,S02,SUP04,P09,38.1,361.2,2025-09-16,2025-09-16,5,On-time,38.1,13761.7
PO000826,2025-10-03,S02,SUP04,P09,38.3,362.6,2025-10-08,2025-10-09,6,Late,38.3,13887.6
PO000827,2025-10-24,S02,SUP04,P09,38.3,362.6,2025-10-29,2025-10-30,6,Late,38.3,13887.6
PO000828,2025-11-15,S02,SUP04,P09,38.8,364.0,2025-11-20,2025-11-20,5,On-time,38.8,14123.2
PO000829,2025-12-07,S02,SUP04,P09,38.5,365.4,2025-12-12,2025-12-11,4,Early,38.5,14067.9
PO000830,2025-12-28,S02,SUP04,P09,39.0,365.4,2026-01-02,2026-01-01,4,Early,39.0,14250.6
PO000831,2025-01-01,S02,SUP01,P10,18.3,90.0,2025-01-04,2025-01-04,3,On-time,18.3,1647.0
PO000832,2025-01-17,S02,SUP01,P10,19.8,90.0,2025-01-20,2025-01-20,3,On-time,19.8,1782.0
PO000833,2025-02-08,S02,SUP01,P10,20.3,90.4,2025-02-11,2025-02-11,3,On-time,20.3,1835.1
PO000834,2025-03-02,S02,SUP01,P10,20.7,90.7,2025-03-05,2025-03-08,6,Late,17.5,1877.5
PO000835,2025-03-22,S02,SUP01,P10,21.5,90.7,2025-03-25,2025-03-26,4,Late,21.5,1950.0
PO000836,2025-04-13,S02,SUP01,P10,21.7,91.1,2025-04-16,2025-04-17,4,Late,21.7,1976.9
PO000837,2025-05-08,S02,SUP01,P10,20.1,91.4,2025-05-11,2025-05-11,3,On-time,20.1,1837.1
PO000838,2025-05-30,S02,SUP01,P10,20.4,91.4,2025-06-02,2025-06-02,3,On-time,20.4,1864.6
PO000839,2025-06-20,S02,SUP01,P10,21.1,91.8,2025-06-23,2025-06-27,7,Late,17.8,1937.0
PO000840,2025-07-09,S02,SUP01,P10,20.8,92.2,2025-07-12,2025-07-12,3,On-time,20.8,1917.8
PO000841,2025-08-02,S02,SUP01,P10,20.3,92.5,2025-08-05,2025-08-05,3,On-time,20.3,1877.8
PO000842,2025-08-23,S02,SUP01,P10,22.1,92.5,2025-08-26,2025-08-26,3,On-time,22.1,2044.3
PO000843,2025-09-17,S02,SUP01,P10,20.2,92.9,2025-09-20,2025-09-20,3,On-time,20.2,1876.6
PO000844,2025-10-08,S02,SUP01,P10,21.3,93.2,2025-10-11,2025-10-11,3,On-time,21.3,1985.2
PO000845,2025-10-31,S02,SUP01,P10,21.3,93.2,2025-11-03,2025-11-02,2,Early,21.3,1985.2
PO000846,2025-11-20,S02,SUP01,P10,22.1,93.6,2025-11-23,2025-11-23,3,On-time,22.1,2068.6
PO000847,2025-12-13,S02,SUP01,P10,22.1,94.0,2025-12-16,2025-12-15,2,Early,22.1,2077.4
PO000848,2025-01-01,S02,SUP02,P11,28.5,1100.0,2025-01-03,2025-01-07,6,Late,23.6,31350.0
PO000849,2025-01-07,S02,SUP02,P11,33.4,1100.0,2025-01-09,2025-01-09,2,On-time,33.4,36740.0
PO000850,2025-01-13,S02,SUP02,P11,36.6,1100.0,2025-01-15,2025-01-16,3,Late,36.6,40260.0
PO000851,2025-01-20,S02,SUP02,P11,37.6,1100.0,2025-01-22,2025-01-25,5,Late,26.6,41360.0
PO000852,2025-01-25,S02,SUP02,P11,37.4,1100.0,2025-01-27,2025-01-27,2,On-time,37.4,41140.0
PO000853,2025-02-01,S02,SUP02,P11,38.1,1104.4,2025-02-03,2025-02-03,2,On-time,38.1,42077.6
PO000854,2025-02-08,S02,SUP02,P11,38.6,1104.4,2025-02-10,2025-02-10,2,On-time,38.6,42629.8
PO000855,2025-02-14,S02,SUP02,P11,42.9,1104.4,2025-02-16,2025-02-15,1,Early,42.9,47378.8
PO000856,2025-02-21,S02,SUP02,P11,40.8,1104.4,2025-02-23,2025-02-23,2,On-time,40.8,45059.5
PO000857,2025-03-01,S02,SUP02,P11,38.5,1108.8,2025-03-03,2025-03-03,2,On-time,38.5,42688.8
PO000858,2025-03-08,S02,SUP02,P11,39.2,1108.8,2025-03-10,2025-03-11,3,Late,39.2,43465.0
PO000859,2025-03-15,S02,SUP02,P11,39.8,1108.8,2025-03-17,2025-03-17,2,On-time,39.8,44130.2
PO000860,2025-03-22,S02,SUP02,P11,39.5,1108.8,2025-03-24,2025-03-23,1,Early,39.5,43797.6
PO000861,2025-03-29,S02,SUP02,P11,40.1,1108.8,2025-03-31,2025-03-30,1,Early,40.1,44462.9
PO000862,2025-04-04,S02,SUP02,P11,41.6,1113.2,2025-04-06,2025-04-07,3,Late,41.6,46309.1
PO000863,2025-04-15,S02,SUP02,P11,33.7,1113.2,2025-04-17,2025-04-18,3,Late,33.7,37514.8
PO000864,2025-04-23,S02,SUP02,P11,31.2,1113.2,2025-04-25,2025-04-24,1,Early,31.2,34731.8
PO000865,2025-04-29,S02,SUP02,P11,32.0,1113.2,2025-05-01,2025-05-02,3,Late,32.0,35622.4
PO000866,2025-05-06,S02,SUP02,P11,32.1,1117.6,2025-05-08,2025-05-08,2,On-time,32.1,35875.0
PO000867,2025-05-13,S02,SUP02,P11,31.2,1117.6,2025-05-15,2025-05-15,2,On-time,31.2,34869.1
PO000868,2025-05-21,S02,SUP02,P11,30.4,1117.6,2025-05-23,2025-05-23,2,On-time,30.4,33975.0
PO000869,2025-05-28,S02,SUP02,P11,30.4,1117.6,2025-05-30,2025-05-30,2,On-time,30.4,33975.0
PO000870,2025-06-03,S02,SUP02,P11,31.3,1122.0,2025-06-05,2025-06-08,5,Late,26.0,35118.6
PO000871,2025-06-08,S02,SUP02,P11,35.0,1122.0,2025-06-10,2025-06-11,3,Late,35.0,39270.0
PO000872,2025-06-16,S02,SUP02,P11,33.4,1122.0,2025-06-18,2025-06-22,6,Late,25.8,37474.8
PO000873,2025-06-23,S02,SUP02,P11,33.8,1122.0,2025-06-25,2025-06-25,2,On-time,33.8,37923.6
PO000874,2025-06-30,S02,SUP02,P11,33.7,1122.0,2025-07-02,2025-07-03,3,Late,33.7,37811.4
PO000875,2025-07-07,S02,SUP02,P11,34.0,1126.4,2025-07-09,2025-07-09,2,On-time,34.0,38297.6
PO000876,2025-07-14,S02,SUP02,P11,33.9,1126.4,2025-07-16,2025-07-17,3,Late,33.9,38185.0
PO000877,2025-07-22,S02,SUP02,P11,31.4,1126.4,2025-07-24,2025-07-27,5,Late,23.2,35369.0
PO000878,2025-07-27,S02,SUP02,P11,32.1,1126.4,2025-07-29,2025-08-02,6,Late,24.9,36157.4
PO000879,2025-08-03,S02,SUP02,P11,30.9,1130.8,2025-08-05,2025-08-05,2,On-time,30.9,34941.7
PO000880,2025-08-10,S02,SUP02,P11,31.4,1130.8,2025-08-12,2025-08-12,2,On-time,31.4,35507.1
PO000881,2025-08-17,S02,SUP02,P11,33.5,1130.8,2025-08-19,2025-08-19,2,On-time,33.5,37881.8
PO000882,2025-08-24,S02,SUP02,P11,32.5,1130.8,2025-08-26,2025-08-26,2,On-time,32.5,36751.0
PO000883,2025-09-01,S02,SUP02,P11,30.7,1135.2,2025-09-03,2025-09-03,2,On-time,30.7,34850.6
PO000884,2025-09-07,S02,SUP02,P11,31.8,1135.2,2025-09-09,2025-09-09,2,On-time,31.8,36099.4
PO000885,2025-09-15,S02,SUP02,P11,31.1,1135.2,2025-09-17,2025-09-17,2,On-time,31.1,35304.7
PO000886,2025-09-22,S02,SUP02,P11,31.4,1135.2,2025-09-24,2025-09-24,2,On-time,31.4,35645.3
PO000887,2025-09-28,S02,SUP02,P11,32.4,1135.2,2025-09-30,2025-09-29,1,Early,32.4,36780.5
PO000888,2025-10-05,S02,SUP02,P11,33.0,1139.6,2025-10-07,2025-10-07,2,On-time,33.0,37606.8
PO000889,2025-10-12,S02,SUP02,P11,33.3,1139.6,2025-10-14,2025-10-13,1,Early,33.3,37948.7
PO000890,2025-10-20,S02,SUP02,P11,32.1,1139.6,2025-10-22,2025-10-21,1,Early,32.1,36581.2
PO000891,2025-10-27,S02,SUP02,P11,32.0,1139.6,2025-10-29,2025-10-29,2,On-time,32.0,36467.2
PO000892,2025-11-03,S02,SUP02,P11,33.6,1144.0,2025-11-05,2025-11-05,2,On-time,33.6,38438.4
PO000893,2025-11-08,S02,SUP02,P11,37.9,1144.0,2025-11-10,2025-11-11,3,Late,37.9,43357.6
PO000894,2025-11-15,S02,SUP02,P11,39.5,1144.0,2025-11-17,2025-11-17,2,On-time,39.5,45188.0
PO000895,2025-11-21,S02,SUP02,P11,39.5,1144.0,2025-11-23,2025-11-23,2,On-time,39.5,45188.0
PO000896,2025-11-28,S02,SUP02,P11,39.2,1144.0,2025-11-30,2025-11-30,2,On-time,39.2,44844.8
PO000897,2025-12-05,S02,SUP02,P11,39.2,1148.4,2025-12-07,2025-12-08,3,Late,39.2,45017.3
PO000898,2025-12-12,S02,SUP02,P11,39.5,1148.4,2025-12-14,2025-12-14,2,On-time,39.5,45361.8
PO000899,2025-12-19,S02,SUP02,P11,39.5,1148.4,2025-12-21,2025-12-21,2,On-time,39.5,45361.8
PO000900,2025-12-26,S02,SUP02,P11,39.2,1148.4,2025-12-28,2025-12-28,2,On-time,39.2,45017.3
PO000901,2025-01-01,S02,SUP05,P12,8.9,520.0,2025-01-02,2025-01-02,1,On-time,8.9,4628.0
PO000902,2025-01-03,S02,SUP05,P12,8.9,520.0,2025-01-04,2025-01-07,4,Late,6.4,4628.0
PO000903,2025-01-07,S02,SUP05,P12,9.0,520.0,2025-01-08,2025-01-11,4,Late,7.2,4680.0
PO000904,2025-01-11,S02,SUP05,P12,9.2,520.0,2025-01-12,2025-01-16,5,Late,6.5,4784.0
PO000905,2025-01-16,S02,SUP05,P12,9.4,520.0,2025-01-17,2025-01-18,2,Late,9.4,4888.0
PO000906,2025-01-19,S02,SUP05,P12,9.7,520.0,2025-01-20,2025-01-20,1,On-time,9.7,5044.0
PO000907,2025-01-22,S02,SUP05,P12,9.3,520.0,2025-01-23,2025-01-23,1,On-time,9.3,4836.0
PO000908,2025-01-25,S02,SUP05,P12,9.4,520.0,2025-01-26,2025-01-30,5,Late,7.2,4888.0
PO000909,2025-01-30,S02,SUP05,P12,9.4,520.0,2025-01-31,2025-01-31,1,On-time,9.4,4888.0
PO000910,2025-02-01,S02,SUP05,P12,9.8,520.0,2025-02-02,2025-02-02,1,On-time,9.8,5096.0
PO000911,2025-02-04,S02,SUP05,P12,9.6,520.0,2025-02-05,2025-02-07,3,Late,6.7,4992.0
PO000912,2025-02-07,S02,SUP05,P12,9.6,520.0,2025-02-08,2025-02-09,2,Late,9.6,4992.0
PO000913,2025-02-09,S02,SUP05,P12,10.0,520.0,2025-02-10,2025-02-11,2,Late,10.0,5200.0
PO000914,2025-02-12,S02,SUP05,P12,10.2,520.0,2025-02-13,2025-02-13,1,On-time,10.2,5304.0
PO000915,2025-02-14,S02,SUP05,P12,11.2,520.0,2025-02-15,2025-02-15,1,On-time,11.2,5824.0
PO000916,2025-02-16,S02,SUP05,P12,12.3,520.0,2025-02-17,2025-02-20,4,Late,9.0,6396.0
PO000917,2025-02-20,S02,SUP05,P12,10.9,520.0,2025-02-21,2025-02-21,1,On-time,10.9,5668.0
PO000918,2025-02-23,S02,SUP05,P12,11.0,520.0,2025-02-24,2025-02-24,1,On-time,11.0,5720.0
PO000919,2025-02-26,S02,SUP05,P12,10.7,520.0,2025-02-27,2025-02-28,2,Late,10.7,5564.0
PO000920,2025-03-02,S02,SUP05,P12,11.0,520.0,2025-03-03,2025-03-07,5,Late,9.9,5720.0
PO000921,2025-03-07,S02,SUP05,P12,11.0,520.0,2025-03-08,2025-03-08,1,On-time,11.0,5720.0
PO000922,2025-03-09,S02,SUP05,P12,11.8,520.0,2025-03-10,2025-03-13,4,Late,10.6,6136.0
PO000923,2025-03-13,S02,SUP05,P12,11.5,520.0,2025-03-14,2025-03-14,1,On-time,11.5,5980.0
PO000924,2025-03-15,S02,SUP05,P12,12.2,520.0,2025-03-16,2025-03-16,1,On-time,12.2,6344.0
PO000925,2025-03-19,S02,SUP05,P12,11.8,520.0,2025-03-20,2025-03-25,6,Late,9.6,6136.0
PO000926,2025-03-25,S02,SUP05,P12,12.2,520.0,2025-03-26,2025-03-30,5,Late,9.2,6344.0
PO000927,2025-03-30,S02,SUP05,P12,12.1,520.0,2025-03-31,2025-04-01,2,Late,12.1,6292.0
PO000928,2025-04-01,S02,SUP05,P12,6.7,812.5,2025-04-02,2025-04-03,2,Late,6.7,5443.8
PO000929,2025-04-03,S02,SUP05,P12,6.5,812.5,2025-04-04,2025-04-04,1,On-time,6.5,5281.2
PO000930,2025-04-05,S02,SUP05,P12,6.6,812.5,2025-04-06,2025-04-10,5,Late,5.8,5362.5
PO000931,2025-04-10,S02,SUP05,P12,5.9,812.5,2025-04-11,2025-04-11,1,On-time,5.9,4793.8
PO000932,2025-04-11,S02,SUP05,P12,5.8,812.5,2025-04-12,2025-04-15,4,Late,4.7,4712.5
PO000933,2025-04-15,S02,SUP05,P12,5.8,812.5,2025-04-16,2025-04-17,2,Late,5.8,4712.5
PO000934,2025-04-17,S02,SUP05,P12,5.8,812.5,2025-04-18,2025-04-18,1,On-time,5.8,4712.5
PO000935,2025-04-18,S02,SUP05,P12,5.8,812.5,2025-04-19,2025-04-19,1,On-time,5.8,4712.5
PO000936,2025-04-19,S02,SUP05,P12,5.9,812.5,2025-04-20,2025-04-20,1,On-time,5.9,4793.8
PO000937,2025-04-21,S02,SUP05,P12,5.8,812.5,2025-04-22,2025-04-22,1,On-time,5.8,4712.5
PO000938,2025-04-23,S02,SUP05,P12,5.5,812.5,2025-04-24,2025-04-24,1,On-time,5.5,4468.8
PO000939,2025-04-25,S02,SUP05,P12,5.4,812.5,2025-04-26,2025-05-01,6,Late,4.9,4387.5
PO000940,2025-05-01,S02,SUP05,P12,5.6,812.5,2025-05-02,2025-05-02,1,On-time,5.6,4550.0
PO000941,2025-05-02,S02,SUP05,P12,5.6,812.5,2025-05-03,2025-05-03,1,On-time,5.6,4550.0
PO000942,2025-05-03,S02,SUP05,P12,5.7,812.5,2025-05-04,2025-05-06,3,Late,5.2,4631.2
PO000943,2025-05-06,S02,SUP05,P12,5.7,812.5,2025-05-07,2025-05-07,1,On-time,5.7,4631.2
PO000944,2025-05-07,S02,SUP05,P12,5.6,812.5,2025-05-08,2025-05-12,5,Late,4.8,4550.0
PO000945,2025-05-12,S02,SUP05,P12,5.8,812.5,2025-05-13,2025-05-14,2,Late,5.8,4712.5
PO000946,2025-05-14,S02,SUP05,P12,5.5,812.5,2025-05-15,2025-05-15,1,On-time,5.5,4468.8
PO000947,2025-05-15,S02,SUP05,P12,5.6,812.5,2025-05-16,2025-05-20,5,Late,4.2,4550.0
PO000948,2025-05-20,S02,SUP05,P12,5.6,812.5,2025-05-21,2025-05-23,3,Late,5.6,4550.0
PO000949,2025-05-23,S02,SUP05,P12,5.6,812.5,2025-05-24,2025-05-24,1,On-time,5.6,4550.0
PO000950,2025-05-24,S02,SUP05,P12,5.7,812.5,2025-05-25,2025-05-25,1,On-time,5.7,4631.2
PO000951,2025-05-25,S02,SUP05,P12,5.8,812.5,2025-05-26,2025-05-26,1,On-time,5.8,4712.5
PO000952,2025-05-27,S02,SUP05,P12,5.6,812.5,2025-05-28,2025-05-28,1,On-time,5.6,4550.0
PO000953,2025-05-29,S02,SUP05,P12,5.6,812.5,2025-05-30,2025-05-30,1,On-time,5.6,4550.0
PO000954,2025-05-30,S02,SUP05,P12,5.7,812.5,2025-05-31,2025-06-03,4,Late,4.8,4631.2
PO000955,2025-06-03,S02,SUP05,P12,5.6,812.5,2025-06-04,2025-06-04,1,On-time,5.6,4550.0
PO000956,2025-06-04,S02,SUP05,P12,5.5,812.5,2025-06-05,2025-06-10,6,Late,5.1,4468.8
PO000957,2025-06-10,S02,SUP05,P12,6.1,812.5,2025-06-11,2025-06-11,1,On-time,6.1,4956.2
PO000958,2025-06-11,S02,SUP05,P12,5.9,812.5,2025-06-12,2025-06-12,1,On-time,5.9,4793.8
PO000959,2025-06-13,S02,SUP05,P12,5.8,812.5,2025-06-14,2025-06-14,1,On-time,5.8,4712.5
PO000960,2025-06-15,S02,SUP05,P12,5.9,812.5,2025-06-16,2025-06-16,1,On-time,5.9,4793.8
PO000961,2025-06-16,S02,SUP05,P12,5.8,812.5,2025-06-17,2025-06-17,1,On-time,5.8,4712.5
PO000962,2025-06-18,S02,SUP05,P12,5.6,812.5,2025-06-19,2025-06-20,2,Late,5.6,4550.0
PO000963,2025-06-20,S02,SUP05,P12,5.6,812.5,2025-06-21,2025-06-22,2,Late,5.6,4550.0
PO000964,2025-06-22,S02,SUP05,P12,5.8,812.5,2025-06-23,2025-06-24,2,Late,5.8,4712.5
PO000965,2025-06-24,S02,SUP05,P12,5.7,812.5,2025-06-25,2025-06-25,1,On-time,5.7,4631.2
PO000966,2025-06-25,S02,SUP05,P12,5.6,812.5,2025-06-26,2025-06-27,2,Late,5.6,4550.0
PO000967,2025-06-27,S02,SUP05,P12,5.5,812.5,2025-06-28,2025-06-28,1,On-time,5.5,4468.8
PO000968,2025-06-28,S02,SUP05,P12,5.7,812.5,2025-06-29,2025-07-02,4,Late,4.1,4631.2
PO000969,2025-07-02,S02,SUP05,P12,5.6,812.5,2025-07-03,2025-07-03,1,On-time,5.6,4550.0
PO000970,2025-07-03,S02,SUP05,P12,5.6,812.5,2025-07-04,2025-07-04,1,On-time,5.6,4550.0
PO000971,2025-07-04,S02,SUP05,P12,5.6,812.5,2025-07-05,2025-07-08,4,Late,4.2,4550.0
PO000972,2025-07-08,S02,SUP05,P12,5.7,812.5,2025-07-09,2025-07-13,5,Late,4.2,4631.2
PO000973,2025-07-13,S02,SUP05,P12,5.7,812.5,2025-07-14,2025-07-14,1,On-time,5.7,4631.2
PO000974,2025-07-14,S02,SUP05,P12,5.6,812.5,2025-07-15,2025-07-16,2,Late,5.6,4550.0
PO000975,2025-07-16,S02,SUP05,P12,5.4,812.5,2025-07-17,2025-07-17,1,On-time,5.4,4387.5
PO000976,2025-07-17,S02,SUP05,P12,5.6,812.5,2025-07-18,2025-07-18,1,On-time,5.6,4550.0
PO000977,2025-07-18,S02,SUP05,P12,5.6,812.5,2025-07-19,2025-07-19,1,On-time,5.6,4550.0
PO000978,2025-07-20,S02,SUP05,P12,5.7,812.5,2025-07-21,2025-07-21,1,On-time,5.7,4631.2
PO000979,2025-07-22,S02,SUP05,P12,5.4,812.5,2025-07-23,2025-07-28,6,Late,4.7,4387.5
PO000980,2025-07-28,S02,SUP05,P12,5.4,812.5,2025-07-29,2025-07-29,1,On-time,5.4,4387.5
PO000981,2025-07-29,S02,SUP05,P12,5.3,812.5,2025-07-30,2025-07-30,1,On-time,5.3,4306.2
PO000982,2025-07-30,S02,SUP05,P12,5.4,812.5,2025-07-31,2025-07-31,1,On-time,5.4,4387.5
PO000983,2025-08-01,S02,SUP05,P12,5.4,812.5,2025-08-02,2025-08-02,1,On-time,5.4,4387.5
PO000984,2025-08-03,S02,SUP05,P12,5.6,812.5,2025-08-04,2025-08-04,1,On-time,5.6,4550.0
PO000985,2025-08-04,S02,SUP05,P12,5.6,812.5,2025-08-05,2025-08-05,1,On-time,5.6,4550.0
PO000986,2025-08-06,S02,SUP05,P12,5.4,812.5,2025-08-07,2025-08-07,1,On-time,5.4,4387.5
PO000987,2025-08-08,S02,SUP05,P12,5.6,812.5,2025-08-09,2025-08-09,1,On-time,5.6,4550.0
PO000988,2025-08-09,S02,SUP05,P12,5.6,812.5,2025-08-10,2025-08-10,1,On-time,5.6,4550.0
PO000989,2025-08-10,S02,SUP05,P12,5.7,812.5,2025-08-11,2025-08-11,1,On-time,5.7,4631.2
PO000990,2025-08-12,S02,SUP05,P12,5.6,812.5,2025-08-13,2025-08-13,1,On-time,5.6,4550.0
PO000991,2025-08-14,S02,SUP05,P12,5.7,812.5,2025-08-15,2025-08-15,1,On-time,5.7,4631.2
PO000992,2025-08-15,S02,SUP05,P12,5.8,812.5,2025-08-16,2025-08-16,1,On-time,5.8,4712.5
PO000993,2025-08-17,S02,SUP05,P12,5.9,812.5,2025-08-18,2025-08-18,1,On-time,5.9,4793.8
PO000994,2025-08-18,S02,SUP05,P12,5.8,812.5,2025-08-19,2025-08-19,1,On-time,5.8,4712.5
PO000995,2025-08-20,S02,SUP05,P12,5.7,812.5,2025-08-21,2025-08-24,4,Late,4.6,4631.2
PO000996,2025-08-24,S02,SUP05,P12,5.8,812.5,2025-08-25,2025-08-28,4,Late,5.0,4712.5
PO000997,2025-08-28,S02,SUP05,P12,5.6,812.5,2025-08-29,2025-08-29,1,On-time,5.6,4550.0
PO000998,2025-08-29,S02,SUP05,P12,5.7,812.5,2025-08-30,2025-08-30,1,On-time,5.7,4631.2
PO000999,2025-08-30,S02,SUP05,P12,5.8,812.5,2025-08-31,2025-09-04,5,Late,4.7,4712.5
PO001000,2025-09-04,S02,SUP05,P12,5.7,812.5,2025-09-05,2025-09-05,1,On-time,5.7,4631.2
PO001001,2025-09-05,S02,SUP05,P12,5.7,812.5,2025-09-06,2025-09-06,1,On-time,5.7,4631.2
PO001002,2025-09-06,S02,SUP05,P12,5.8,812.5,2025-09-07,2025-09-07,1,On-time,5.8,4712.5
PO001003,2025-09-07,S02,SUP05,P12,5.9,812.5,2025-09-08,2025-09-11,4,Late,4.7,4793.8
PO001004,2025-09-11,S02,SUP05,P12,5.5,812.5,2025-09-12,2025-09-13,2,Late,5.5,4468.8
PO001005,2025-09-13,S02,SUP05,P12,5.7,812.5,2025-09-14,2025-09-14,1,On-time,5.7,4631.2
PO001006,2025-09-14,S02,SUP05,P12,5.8,812.5,2025-09-15,2025-09-15,1,On-time,5.8,4712.5
PO001007,2025-09-15,S02,SUP05,P12,5.8,812.5,2025-09-16,2025-09-16,1,On-time,5.8,4712.5
PO001008,2025-09-17,S02,SUP05,P12,5.7,812.5,2025-09-18,2025-09-18,1,On-time,5.7,4631.2
PO001009,2025-09-18,S02,SUP05,P12,5.8,812.5,2025-09-19,2025-09-22,4,Late,4.9,4712.5
PO001010,2025-09-22,S02,SUP05,P12,6.0,812.5,2025-09-23,2025-09-23,1,On-time,6.0,4875.0
PO001011,2025-09-23,S02,SUP05,P12,5.9,812.5,2025-09-24,2025-09-24,1,On-time,5.9,4793.8
PO001012,2025-09-24,S02,SUP05,P12,5.9,812.5,2025-09-25,2025-09-25,1,On-time,5.9,4793.8
PO001013,2025-09-26,S02,SUP05,P12,5.9,812.5,2025-09-27,2025-09-27,1,On-time,5.9,4793.8
PO001014,2025-09-28,S02,SUP05,P12,6.0,812.5,2025-09-29,2025-09-30,2,Late,6.0,4875.0
PO001015,2025-09-30,S02,SUP05,P12,5.9,812.5,2025-10-01,2025-10-01,1,On-time,5.9,4793.8
PO001016,2025-10-01,S02,SUP05,P12,5.8,812.5,2025-10-02,2025-10-05,4,Late,5.0,4712.5
PO001017,2025-10-05,S02,SUP05,P12,6.1,812.5,2025-10-06,2025-10-06,1,On-time,6.1,4956.2
PO001018,2025-10-06,S02,SUP05,P12,6.1,812.5,2025-10-07,2025-10-07,1,On-time,6.1,4956.2
PO001019,2025-10-07,S02,SUP05,P12,6.0,812.5,2025-10-08,2025-10-08,1,On-time,6.0,4875.0
PO001020,2025-10-09,S02,SUP05,P12,5.8,812.5,2025-10-10,2025-10-15,6,Late,4.3,4712.5
PO001021,2025-10-15,S02,SUP05,P12,5.9,812.5,2025-10-16,2025-10-20,5,Late,5.4,4793.8
PO001022,2025-10-20,S02,SUP05,P12,5.8,812.5,2025-10-21,2025-10-22,2,Late,5.8,4712.5
PO001023,2025-10-22,S02,SUP05,P12,5.6,812.5,2025-10-23,2025-10-26,4,Late,4.2,4550.0
PO001024,2025-10-26,S02,SUP05,P12,5.9,812.5,2025-10-27,2025-10-30,4,Late,5.3,4793.8
PO001025,2025-10-30,S02,SUP05,P12,5.6,812.5,2025-10-31,2025-10-31,1,On-time,5.6,4550.0
PO001026,2025-10-31,S02,SUP05,P12,5.6,812.5,2025-11-01,2025-11-01,1,On-time,5.6,4550.0
PO001027,2025-11-01,S02,SUP05,P12,5.7,812.5,2025-11-02,2025-11-03,2,Late,5.7,4631.2
PO001028,2025-11-03,S02,SUP05,P12,5.7,812.5,2025-11-04,2025-11-04,1,On-time,5.7,4631.2
PO001029,2025-11-04,S02,SUP05,P12,5.7,812.5,2025-11-05,2025-11-06,2,Late,5.7,4631.2
PO001030,2025-11-06,S02,SUP05,P12,5.7,812.5,2025-11-07,2025-11-08,2,Late,5.7,4631.2
PO001031,2025-11-08,S02,SUP05,P12,5.8,812.5,2025-11-09,2025-11-13,5,Late,4.3,4712.5
PO001032,2025-11-13,S02,SUP05,P12,5.6,812.5,2025-11-14,2025-11-15,2,Late,5.6,4550.0
PO001033,2025-11-15,S02,SUP05,P12,5.7,812.5,2025-11-16,2025-11-17,2,Late,5.7,4631.2
PO001034,2025-11-17,S02,SUP05,P12,5.8,812.5,2025-11-18,2025-11-22,5,Late,4.2,4712.5
PO001035,2025-11-22,S02,SUP05,P12,5.8,812.5,2025-11-23,2025-11-23,1,On-time,5.8,4712.5
PO001036,2025-11-23,S02,SUP05,P12,5.8,812.5,2025-11-24,2025-11-25,2,Late,5.8,4712.5
PO001037,2025-11-25,S02,SUP05,P12,5.6,812.5,2025-11-26,2025-11-30,5,Late,5.1,4550.0
PO001038,2025-11-30,S02,SUP05,P12,5.9,812.5,2025-12-01,2025-12-01,1,On-time,5.9,4793.8
PO001039,2025-12-01,S02,SUP05,P12,10.5,520.0,2025-12-02,2025-12-07,6,Late,9.5,5460.0
PO001040,2025-12-07,S02,SUP05,P12,10.5,520.0,2025-12-08,2025-12-08,1,On-time,10.5,5460.0
PO001041,2025-12-11,S02,SUP05,P12,9.9,520.0,2025-12-12,2025-12-16,5,Late,8.9,5148.0
PO001042,2025-12-16,S02,SUP05,P12,10.5,520.0,2025-12-17,2025-12-17,1,On-time,10.5,5460.0
PO001043,2025-12-19,S02,SUP05,P12,10.3,520.0,2025-12-20,2025-12-21,2,Late,10.3,5356.0
PO001044,2025-12-22,S02,SUP05,P12,10.8,520.0,2025-12-23,2025-12-23,1,On-time,10.8,5616.0
PO001045,2025-12-25,S02,SUP05,P12,10.5,520.0,2025-12-26,2025-12-26,1,On-time,10.5,5460.0
PO001046,2025-12-28,S02,SUP05,P12,10.8,520.0,2025-12-29,2025-12-29,1,On-time,10.8,5616.0
PO001047,2025-12-31,S02,SUP05,P12,10.4,520.0,2026-01-01,2026-01-01,1,On-time,10.4,5408.0
PO001048,2025-01-01,S03,SUP01,P01,908.9,150.0,2025-01-04,2025-01-05,4,Late,908.9,136335.0
PO001049,2025-01-15,S03,SUP01,P01,972.3,150.0,2025-01-18,2025-01-18,3,On-time,972.3,145845.0
PO001050,2025-02-01,S03,SUP01,P01,1037.5,150.6,2025-02-04,2025-02-05,4,Late,1037.5,156247.5
PO001051,2025-02-18,S03,SUP01,P01,1070.0,150.6,2025-02-21,2025-02-21,3,On-time,1070.0,161142.0
PO001052,2025-03-08,S03,SUP01,P01,1067.0,151.2,2025-03-11,2025-03-12,4,Late,1067.0,161330.4
PO001053,2025-03-26,S03,SUP01,P01,1086.6,151.2,2025-03-29,2025-03-30,4,Late,1086.6,164293.9
PO001054,2025-04-11,S03,SUP01,P01,1121.5,151.8,2025-04-14,2025-04-15,4,Late,1121.5,170243.7
PO001055,2025-05-03,S03,SUP01,P01,988.9,152.4,2025-05-06,2025-05-06,3,On-time,988.9,150708.4
PO001056,2025-05-19,S03,SUP01,P01,1091.5,152.4,2025-05-22,2025-05-21,2,Early,1091.5,166344.6
PO001057,2025-06-07,S03,SUP01,P01,1104.2,153.0,2025-06-10,2025-06-10,3,On-time,1104.2,168942.6
PO001058,2025-06-24,S03,SUP01,P01,1085.9,153.0,2025-06-27,2025-06-27,3,On-time,1085.9,166142.7
PO001059,2025-07-13,S03,SUP01,P01,1097.3,153.6,2025-07-16,2025-07-19,6,Late,998.4,168545.3
PO001060,2025-07-30,S03,SUP01,P01,1060.6,153.6,2025-08-02,2025-08-01,2,Early,1060.6,162908.2
PO001061,2025-08-16,S03,SUP01,P01,1136.1,154.2,2025-08-19,2025-08-20,4,Late,1136.1,175186.6
PO001062,2025-09-05,S03,SUP01,P01,1052.3,154.8,2025-09-08,2025-09-07,2,Early,1052.3,162896.0
PO001063,2025-09-20,S03,SUP01,P01,1096.5,154.8,2025-09-23,2025-09-24,4,Late,1096.5,169738.2
PO001064,2025-10-09,S03,SUP01,P01,1063.0,155.4,2025-10-12,2025-10-12,3,On-time,1063.0,165190.2
PO001065,2025-10-27,S03,SUP01,P01,1064.8,155.4,2025-10-30,2025-10-31,4,Late,1064.8,165469.9
PO001066,2025-11-14,S03,SUP01,P01,1061.7,156.0,2025-11-17,2025-11-17,3,On-time,1061.7,165625.2
PO001067,2025-12-01,S03,SUP01,P01,1107.0,156.6,2025-12-04,2025-12-05,4,Late,1107.0,173356.2
PO001068,2025-12-21,S03,SUP01,P01,1059.0,156.6,2025-12-24,2025-12-23,2,Early,1059.0,165839.4
PO001069,2025-01-01,S03,SUP03,P02,611.5,180.0,2025-01-05,2025-01-05,4,On-time,611.5,110070.0
PO001070,2025-01-14,S03,SUP03,P02,721.4,180.0,2025-01-18,2025-01-18,4,On-time,721.4,129852.0
PO001071,2025-02-02,S03,SUP03,P02,750.9,180.7,2025-02-06,2025-02-06,4,On-time,750.9,135687.6
PO001072,2025-02-22,S03,SUP03,P02,771.6,180.7,2025-02-26,2025-03-03,9,Late,709.7,139428.1
PO001073,2025-03-10,S03,SUP03,P02,855.2,181.4,2025-03-14,2025-03-15,5,Late,855.2,155133.3
PO001074,2025-03-29,S03,SUP03,P02,871.8,181.4,2025-04-02,2025-04-02,4,On-time,871.8,158144.5
PO001075,2025-04-26,S03,SUP03,P02,675.3,182.2,2025-04-30,2025-04-30,4,On-time,675.3,123039.7
PO001076,2025-05-16,S03,SUP03,P02,672.8,182.9,2025-05-20,2025-05-20,4,On-time,672.8,123055.1
PO001077,2025-06-04,S03,SUP03,P02,683.3,183.6,2025-06-08,2025-06-07,3,Early,683.3,125453.9
PO001078,2025-06-23,S03,SUP03,P02,697.1,183.6,2025-06-27,2025-06-28,5,Late,697.1,127987.6
PO001079,2025-07-13,S03,SUP03,P02,699.0,184.3,2025-07-17,2025-07-17,4,On-time,699.0,128825.7
PO001080,2025-08-02,S03,SUP03,P02,702.4,185.0,2025-08-06,2025-08-06,4,On-time,702.4,129944.0
PO001081,2025-08-22,S03,SUP03,P02,703.4,185.0,2025-08-26,2025-08-26,4,On-time,703.4,130129.0
PO001082,2025-09-12,S03,SUP03,P02,702.8,185.8,2025-09-16,2025-09-16,4,On-time,702.8,130580.2
PO001083,2025-10-01,S03,SUP03,P02,709.0,186.5,2025-10-05,2025-10-05,4,On-time,709.0,132228.5
PO001084,2025-10-20,S03,SUP03,P02,724.5,186.5,2025-10-24,2025-10-24,4,On-time,724.5,135119.2
PO001085,2025-11-09,S03,SUP03,P02,779.8,187.2,2025-11-13,2025-11-12,3,Early,779.8,145978.6
PO001086,2025-11-30,S03,SUP03,P02,760.6,187.2,2025-12-04,2025-12-04,4,On-time,760.6,142384.3
PO001087,2025-12-18,S03,SUP03,P02,785.0,187.9,2025-12-22,2025-12-22,4,On-time,785.0,147501.5
PO001088,2025-01-01,S03,SUP02,P03,97.6,1200.0,2025-01-03,2025-01-02,1,Early,97.6,117120.0
PO001089,2025-01-05,S03,SUP02,P03,107.6,1200.0,2025-01-07,2025-01-06,1,Early,107.6,129120.0
PO001090,2025-01-11,S03,SUP02,P03,113.1,1200.0,2025-01-13,2025-01-13,2,On-time,113.1,135720.0
PO001091,2025-01-17,S03,SUP02,P03,120.5,1200.0,2025-01-19,2025-01-19,2,On-time,120.5,144600.0
PO001092,2025-01-24,S03,SUP02,P03,121.6,1200.0,2025-01-26,2025-01-26,2,On-time,121.6,145920.0
PO001093,2025-01-31,S03,SUP02,P03,123.9,1200.0,2025-02-02,2025-02-05,5,Late,91.0,148680.0
PO001094,2025-02-06,S03,SUP02,P03,120.2,1204.8,2025-02-08,2025-02-08,2,On-time,120.2,144817.0
PO001095,2025-02-12,S03,SUP02,P03,124.6,1204.8,2025-02-14,2025-02-15,3,Late,124.6,150118.1
PO001096,2025-02-18,S03,SUP02,P03,129.4,1204.8,2025-02-20,2025-02-20,2,On-time,129.4,155901.1
PO001097,2025-02-26,S03,SUP02,P03,124.5,1204.8,2025-02-28,2025-02-27,1,Early,124.5,149997.6
PO001098,2025-03-05,S03,SUP02,P03,123.8,1209.6,2025-03-07,2025-03-07,2,On-time,123.8,149748.5
PO001099,2025-03-12,S03,SUP02,P03,124.7,1209.6,2025-03-14,2025-03-14,2,On-time,124.7,150837.1
PO001100,2025-03-18,S03,SUP02,P03,126.9,1209.6,2025-03-20,2025-03-19,1,Early,126.9,153498.2
PO001101,2025-03-25,S03,SUP02,P03,129.9,1209.6,2025-03-27,2025-03-27,2,On-time,129.9,157127.0
PO001102,2025-03-31,S03,SUP02,P03,138.0,1209.6,2025-04-02,2025-04-02,2,On-time,138.0,166924.8
PO001103,2025-04-07,S03,SUP02,P03,137.2,1214.4,2025-04-09,2025-04-13,6,Late,117.4,166615.7
PO001104,2025-04-16,S03,SUP02,P03,118.7,1214.4,2025-04-18,2025-04-18,2,On-time,118.7,144149.3
PO001105,2025-04-24,S03,SUP02,P03,111.0,1214.4,2025-04-26,2025-04-25,1,Early,111.0,134798.4
PO001106,2025-05-01,S03,SUP02,P03,106.3,1219.2,2025-05-03,2025-05-03,2,On-time,106.3,129601.0
PO001107,2025-05-09,S03,SUP02,P03,103.9,1219.2,2025-05-11,2025-05-11,2,On-time,103.9,126674.9
PO001108,2025-05-16,S03,SUP02,P03,102.9,1219.2,2025-05-18,2025-05-18,2,On-time,102.9,125455.7
PO001109,2025-05-23,S03,SUP02,P03,103.4,1219.2,2025-05-25,2025-05-29,6,Late,81.3,126065.3
PO001110,2025-05-30,S03,SUP02,P03,107.7,1219.2,2025-06-01,2025-05-31,1,Early,107.7,131307.8
PO001111,2025-06-06,S03,SUP02,P03,103.8,1224.0,2025-06-08,2025-06-09,3,Late,103.8,127051.2
PO001112,2025-06-12,S03,SUP02,P03,109.3,1224.0,2025-06-14,2025-06-15,3,Late,109.3,133783.2
PO001113,2025-06-19,S03,SUP02,P03,109.3,1224.0,2025-06-21,2025-06-24,5,Late,88.5,133783.2
PO001114,2025-06-25,S03,SUP02,P03,114.2,1224.0,2025-06-27,2025-06-27,2,On-time,114.2,139780.8
PO001115,2025-07-03,S03,SUP02,P03,108.2,1228.8,2025-07-05,2025-07-05,2,On-time,108.2,132956.2
PO001116,2025-07-10,S03,SUP02,P03,104.3,1228.8,2025-07-12,2025-07-12,2,On-time,104.3,128163.8
PO001117,2025-07-17,S03,SUP02,P03,108.6,1228.8,2025-07-19,2025-07-19,2,On-time,108.6,133447.7
PO001118,2025-07-24,S03,SUP02,P03,106.2,1228.8,2025-07-26,2025-07-26,2,On-time,106.2,130498.6
PO001119,2025-07-31,S03,SUP02,P03,107.0,1228.8,2025-08-02,2025-08-02,2,On-time,107.0,131481.6
PO001120,2025-08-06,S03,SUP02,P03,108.4,1233.6,2025-08-08,2025-08-08,2,On-time,108.4,133722.2
PO001121,2025-08-13,S03,SUP02,P03,108.8,1233.6,2025-08-15,2025-08-17,4,Late,95.1,134215.7
PO001122,2025-08-19,S03,SUP02,P03,111.9,1233.6,2025-08-21,2025-08-20,1,Early,111.9,138039.8
PO001123,2025-08-26,S03,SUP02,P03,111.9,1233.6,2025-08-28,2025-09-02,7,Late,87.5,138039.8
PO001124,2025-09-03,S03,SUP02,P03,110.2,1238.4,2025-09-05,2025-09-04,1,Early,110.2,136471.7
PO001125,2025-09-10,S03,SUP02,P03,106.2,1238.4,2025-09-12,2025-09-12,2,On-time,106.2,131518.1
PO001126,2025-09-17,S03,SUP02,P03,105.6,1238.4,2025-09-19,2025-09-19,2,On-time,105.6,130775.0
PO001127,2025-09-24,S03,SUP02,P03,104.2,1238.4,2025-09-26,2025-09-26,2,On-time,104.2,129041.3
PO001128,2025-10-01,S03,SUP02,P03,105.1,1243.2,2025-10-03,2025-10-03,2,On-time,105.1,130660.3
PO001129,2025-10-08,S03,SUP02,P03,103.7,1243.2,2025-10-10,2025-10-10,2,On-time,103.7,128919.8
PO001130,2025-10-15,S03,SUP02,P03,107.0,1243.2,2025-10-17,2025-10-17,2,On-time,107.0,133022.4
PO001131,2025-10-21,S03,SUP02,P03,108.4,1243.2,2025-10-23,2025-10-23,2,On-time,108.4,134762.9
PO001132,2025-10-28,S03,SUP02,P03,112.2,1243.2,2025-10-30,2025-10-31,3,Late,112.2,139487.0
PO001133,2025-11-04,S03,SUP02,P03,113.1,1248.0,2025-11-06,2025-11-07,3,Late,113.1,141148.8
PO001134,2025-11-10,S03,SUP02,P03,121.9,1248.0,2025-11-12,2025-11-16,6,Late,89.6,152131.2
PO001135,2025-11-16,S03,SUP02,P03,127.0,1248.0,2025-11-18,2025-11-18,2,On-time,127.0,158496.0
PO001136,2025-11-23,S03,SUP02,P03,133.0,1248.0,2025-11-25,2025-11-25,2,On-time,133.0,165984.0
PO001137,2025-11-30,S03,SUP02,P03,130.2,1248.0,2025-12-02,2025-12-01,1,Early,130.2,162489.6
PO001138,2025-12-07,S03,SUP02,P03,133.4,1252.8,2025-12-09,2025-12-10,3,Late,133.4,167123.5
PO001139,2025-12-14,S03,SUP02,P03,134.6,1252.8,2025-12-16,2025-12-20,6,Late,120.1,168626.9
PO001140,2025-12-22,S03,SUP02,P03,134.7,1252.8,2025-12-24,2025-12-25,3,Late,134.7,168752.2
PO001141,2025-12-28,S03,SUP02,P03,134.1,1252.8,2025-12-30,2025-12-30,2,On-time,134.1,168000.5
PO001142,2025-01-01,S03,SUP02,P04,145.9,320.0,2025-01-03,2025-01-03,2,On-time,145.9,46688.0
PO001143,2025-01-05,S03,SUP02,P04,162.3,320.0,2025-01-07,2025-01-07,2,On-time,162.3,51936.0
PO001144,2025-01-11,S03,SUP02,P04,170.1,320.0,2025-01-13,2025-01-14,3,Late,170.1,54432.0
PO001145,2025-01-18,S03,SUP02,P04,171.8,320.0,2025-01-20,2025-01-20,2,On-time,171.8,54976.0
PO001146,2025-01-25,S03,SUP02,P04,172.3,320.0,2025-01-27,2025-01-28,3,Late,172.3,55136.0
PO001147,2025-02-01,S03,SUP02,P04,170.7,321.3,2025-02-03,2025-02-04,3,Late,170.7,54845.9
PO001148,2025-02-08,S03,SUP02,P04,173.4,321.3,2025-02-10,2025-02-09,1,Early,173.4,55713.4
PO001149,2025-02-14,S03,SUP02,P04,181.4,321.3,2025-02-16,2025-02-17,3,Late,181.4,58283.8
PO001150,2025-02-21,S03,SUP02,P04,180.2,321.3,2025-02-23,2025-02-23,2,On-time,180.2,57898.3
PO001151,2025-02-28,S03,SUP02,P04,179.5,321.3,2025-03-02,2025-03-06,6,Late,135.3,57673.3
PO001152,2025-03-07,S03,SUP02,P04,186.9,322.6,2025-03-09,2025-03-09,2,On-time,186.9,60293.9
PO001153,2025-03-13,S03,SUP02,P04,187.1,322.6,2025-03-15,2025-03-14,1,Early,187.1,60358.5
PO001154,2025-03-21,S03,SUP02,P04,181.2,322.6,2025-03-23,2025-03-22,1,Early,181.2,58455.1
PO001155,2025-03-28,S03,SUP02,P04,183.3,322.6,2025-03-30,2025-03-30,2,On-time,183.3,59132.6
PO001156,2025-04-02,S03,SUP02,P04,215.9,323.8,2025-04-04,2025-04-04,2,On-time,215.9,69908.4
PO001157,2025-04-11,S03,SUP02,P04,178.4,323.8,2025-04-13,2025-04-13,2,On-time,178.4,57765.9
PO001158,2025-04-20,S03,SUP02,P04,166.0,323.8,2025-04-22,2025-04-21,1,Early,166.0,53750.8
PO001159,2025-04-27,S03,SUP02,P04,160.3,323.8,2025-04-29,2025-05-03,6,Late,128.7,51905.1
PO001160,2025-05-04,S03,SUP02,P04,159.8,325.1,2025-05-06,2025-05-05,1,Early,159.8,51951.0
PO001161,2025-05-11,S03,SUP02,P04,163.6,325.1,2025-05-13,2025-05-13,2,On-time,163.6,53186.4
PO001162,2025-05-18,S03,SUP02,P04,165.7,325.1,2025-05-20,2025-05-21,3,Late,165.7,53869.1
PO001163,2025-05-25,S03,SUP02,P04,164.3,325.1,2025-05-27,2025-05-27,2,On-time,164.3,53413.9
PO001164,2025-06-01,S03,SUP02,P04,164.2,326.4,2025-06-03,2025-06-02,1,Early,164.2,53594.9
PO001165,2025-06-08,S03,SUP02,P04,179.2,326.4,2025-06-10,2025-06-10,2,On-time,179.2,58490.9
PO001166,2025-06-15,S03,SUP02,P04,169.6,326.4,2025-06-17,2025-06-22,7,Late,152.1,55357.4
PO001167,2025-06-24,S03,SUP02,P04,158.3,326.4,2025-06-26,2025-06-29,5,Late,119.4,51669.1
PO001168,2025-06-30,S03,SUP02,P04,156.6,326.4,2025-07-02,2025-07-01,1,Early,156.6,51114.2
PO001169,2025-07-07,S03,SUP02,P04,160.6,327.7,2025-07-09,2025-07-09,2,On-time,160.6,52628.6
PO001170,2025-07-13,S03,SUP02,P04,169.0,327.7,2025-07-15,2025-07-15,2,On-time,169.0,55381.3
PO001171,2025-07-20,S03,SUP02,P04,167.2,327.7,2025-07-22,2025-07-22,2,On-time,167.2,54791.4
PO001172,2025-07-28,S03,SUP02,P04,158.2,327.7,2025-07-30,2025-07-30,2,On-time,158.2,51842.1
PO001173,2025-08-04,S03,SUP02,P04,161.1,329.0,2025-08-06,2025-08-05,1,Early,161.1,53001.9
PO001174,2025-08-11,S03,SUP02,P04,159.2,329.0,2025-08-13,2025-08-13,2,On-time,159.2,52376.8
PO001175,2025-08-17,S03,SUP02,P04,166.3,329.0,2025-08-19,2025-08-19,2,On-time,166.3,54712.7
PO001176,2025-08-24,S03,SUP02,P04,168.2,329.0,2025-08-26,2025-08-26,2,On-time,168.2,55337.8
PO001177,2025-09-01,S03,SUP02,P04,161.2,330.2,2025-09-03,2025-09-02,1,Early,161.2,53228.2
PO001178,2025-09-08,S03,SUP02,P04,158.8,330.2,2025-09-10,2025-09-10,2,On-time,158.8,52435.8
PO001179,2025-09-15,S03,SUP02,P04,162.8,330.2,2025-09-17,2025-09-22,7,Late,149.8,53756.6
PO001180,2025-09-24,S03,SUP02,P04,161.3,330.2,2025-09-26,2025-09-26,2,On-time,161.3,53261.3
PO001181,2025-10-01,S03,SUP02,P04,159.0,331.5,2025-10-03,2025-10-02,1,Early,159.0,52708.5
PO001182,2025-10-09,S03,SUP02,P04,158.8,331.5,2025-10-11,2025-10-10,1,Early,158.8,52642.2
PO001183,2025-10-15,S03,SUP02,P04,162.6,331.5,2025-10-17,2025-10-17,2,On-time,162.6,53901.9
PO001184,2025-10-22,S03,SUP02,P04,164.5,331.5,2025-10-24,2025-10-24,2,On-time,164.5,54531.8
PO001185,2025-10-29,S03,SUP02,P04,162.5,331.5,2025-10-31,2025-10-30,1,Early,162.5,53868.8
PO001186,2025-11-04,S03,SUP02,P04,173.6,332.8,2025-11-06,2025-11-05,1,Early,173.6,57774.1
PO001187,2025-11-10,S03,SUP02,P04,183.4,332.8,2025-11-12,2025-11-12,2,On-time,183.4,61035.5
PO001188,2025-11-17,S03,SUP02,P04,185.1,332.8,2025-11-19,2025-11-19,2,On-time,185.1,61601.3
PO001189,2025-11-23,S03,SUP02,P04,194.0,332.8,2025-11-25,2025-11-25,2,On-time,194.0,64563.2
PO001190,2025-12-01,S03,SUP02,P04,184.9,334.1,2025-12-03,2025-12-08,7,Late,145.1,61775.1
PO001191,2025-12-09,S03,SUP02,P04,184.3,334.1,2025-12-11,2025-12-15,6,Late,164.3,61574.6
PO001192,2025-12-17,S03,SUP02,P04,184.3,334.1,2025-12-19,2025-12-19,2,On-time,184.3,61574.6
PO001193,2025-12-23,S03,SUP02,P04,189.1,334.1,2025-12-25,2025-12-25,2,On-time,189.1,63178.3
PO001194,2025-12-31,S03,SUP02,P04,183.9,334.1,2026-01-02,2026-01-02,2,On-time,183.9,61441.0
PO001195,2025-01-01,S03,SUP02,P05,177.8,210.0,2025-01-03,2025-01-07,6,Late,146.1,37338.0
PO001196,2025-01-07,S03,SUP02,P05,184.6,210.0,2025-01-09,2025-01-08,1,Early,184.6,38766.0
PO001197,2025-01-11,S03,SUP02,P05,190.1,210.0,2025-01-13,2025-01-12,1,Early,190.1,39921.0
PO001198,2025-01-15,S03,SUP02,P05,187.9,210.0,2025-01-17,2025-01-20,5,Late,170.7,39459.0
PO001199,2025-01-20,S03,SUP02,P05,189.8,210.0,2025-01-22,2025-01-22,2,On-time,189.8,39858.0
PO001200,2025-01-25,S03,SUP02,P05,190.4,210.0,2025-01-27,2025-01-27,2,On-time,190.4,39984.0
PO001201,2025-01-29,S03,SUP02,P05,191.1,210.0,2025-01-31,2025-02-02,4,Late,175.1,40131.0
PO001202,2025-02-02,S03,SUP02,P05,196.3,210.8,2025-02-04,2025-02-04,2,On-time,196.3,41380.0
PO001203,2025-02-07,S03,SUP02,P05,193.5,210.8,2025-02-09,2025-02-12,5,Late,140.9,40789.8
PO001204,2025-02-12,S03,SUP02,P05,191.1,210.8,2025-02-14,2025-02-14,2,On-time,191.1,40283.9
PO001205,2025-02-16,S03,SUP02,P05,199.8,210.8,2025-02-18,2025-02-19,3,Late,199.8,42117.8
PO001206,2025-02-21,S03,SUP02,P05,186.0,210.8,2025-02-23,2025-02-26,5,Late,172.2,39208.8
PO001207,2025-02-26,S03,SUP02,P05,184.5,210.8,2025-02-28,2025-03-05,7,Late,135.0,38892.6
PO001208,2025-03-05,S03,SUP02,P05,200.6,211.7,2025-03-07,2025-03-07,2,On-time,200.6,42467.0
PO001209,2025-03-08,S03,SUP02,P05,210.8,211.7,2025-03-10,2025-03-10,2,On-time,210.8,44626.4
PO001210,2025-03-12,S03,SUP02,P05,213.2,211.7,2025-03-14,2025-03-15,3,Late,213.2,45134.4
PO001211,2025-03-16,S03,SUP02,P05,220.4,211.7,2025-03-18,2025-03-19,3,Late,220.4,46658.7
PO001212,2025-03-20,S03,SUP02,P05,213.9,211.7,2025-03-22,2025-03-21,1,Early,213.9,45282.6
PO001213,2025-03-23,S03,SUP02,P05,224.8,211.7,2025-03-25,2025-03-25,2,On-time,224.8,47590.2
PO001214,2025-03-28,S03,SUP02,P05,220.3,211.7,2025-03-30,2025-03-31,3,Late,220.3,46637.5
PO001215,2025-03-31,S03,SUP02,P05,239.8,211.7,2025-04-02,2025-04-02,2,On-time,239.8,50765.7
PO001216,2025-04-04,S03,SUP02,P05,238.4,212.5,2025-04-06,2025-04-07,3,Late,238.4,50660.0
PO001217,2025-04-10,S03,SUP02,P05,212.6,212.5,2025-04-12,2025-04-12,2,On-time,212.6,45177.5
PO001218,2025-04-14,S03,SUP02,P05,213.8,212.5,2025-04-16,2025-04-16,2,On-time,213.8,45432.5
PO001219,2025-04-19,S03,SUP02,P05,205.8,212.5,2025-04-21,2025-04-21,2,On-time,205.8,43732.5
PO001220,2025-04-23,S03,SUP02,P05,198.6,212.5,2025-04-25,2025-04-29,6,Late,151.2,42202.5
PO001221,2025-04-29,S03,SUP02,P05,202.0,212.5,2025-05-01,2025-05-01,2,On-time,202.0,42925.0
PO001222,2025-05-03,S03,SUP02,P05,207.6,213.4,2025-05-05,2025-05-07,4,Late,192.1,44301.8
PO001223,2025-05-08,S03,SUP02,P05,203.2,213.4,2025-05-10,2025-05-14,6,Late,172.7,43362.9
PO001224,2025-05-14,S03,SUP02,P05,202.0,213.4,2025-05-16,2025-05-15,1,Early,202.0,43106.8
PO001225,2025-05-18,S03,SUP02,P05,207.5,213.4,2025-05-20,2025-05-20,2,On-time,207.5,44280.5
PO001226,2025-05-23,S03,SUP02,P05,198.0,213.4,2025-05-25,2025-05-25,2,On-time,198.0,42253.2
PO001227,2025-05-27,S03,SUP02,P05,199.2,213.4,2025-05-29,2025-05-29,2,On-time,199.2,42509.3
PO001228,2025-05-31,S03,SUP02,P05,203.8,213.4,2025-06-02,2025-06-02,2,On-time,203.8,43490.9
PO001229,2025-06-05,S03,SUP02,P05,195.4,214.2,2025-06-07,2025-06-10,5,Late,160.2,41854.7
PO001230,2025-06-10,S03,SUP02,P05,214.7,214.2,2025-06-12,2025-06-12,2,On-time,214.7,45988.7
PO001231,2025-06-14,S03,SUP02,P05,212.8,214.2,2025-06-16,2025-06-16,2,On-time,212.8,45581.8
PO001232,2025-06-19,S03,SUP02,P05,198.4,214.2,2025-06-21,2025-06-21,2,On-time,198.4,42497.3
PO001233,2025-06-23,S03,SUP02,P05,206.4,214.2,2025-06-25,2025-06-25,2,On-time,206.4,44210.9
PO001234,2025-06-28,S03,SUP02,P05,203.5,214.2,2025-06-30,2025-06-30,2,On-time,203.5,43589.7
PO001235,2025-07-02,S03,SUP02,P05,203.3,215.0,2025-07-04,2025-07-04,2,On-time,203.3,43709.5
PO001236,2025-07-06,S03,SUP02,P05,208.5,215.0,2025-07-08,2025-07-08,2,On-time,208.5,44827.5
PO001237,2025-07-10,S03,SUP02,P05,200.2,215.0,2025-07-12,2025-07-11,1,Early,200.2,43043.0
PO001238,2025-07-14,S03,SUP02,P05,205.7,215.0,2025-07-16,2025-07-16,2,On-time,205.7,44225.5
PO001239,2025-07-18,S03,SUP02,P05,203.7,215.0,2025-07-20,2025-07-20,2,On-time,203.7,43795.5
PO001240,2025-07-23,S03,SUP02,P05,200.3,215.0,2025-07-25,2025-07-25,2,On-time,200.3,43064.5
PO001241,2025-07-26,S03,SUP02,P05,206.7,215.0,2025-07-28,2025-07-28,2,On-time,206.7,44440.5
PO001242,2025-07-31,S03,SUP02,P05,201.4,215.0,2025-08-02,2025-08-01,1,Early,201.4,43301.0
PO001243,2025-08-04,S03,SUP02,P05,203.1,215.9,2025-08-06,2025-08-07,3,Late,203.1,43849.3
PO001244,2025-08-09,S03,SUP02,P05,203.3,215.9,2025-08-11,2025-08-12,3,Late,203.3,43892.5
PO001245,2025-08-13,S03,SUP02,P05,196.5,215.9,2025-08-15,2025-08-16,3,Late,196.5,42424.3
PO001246,2025-08-16,S03,SUP02,P05,208.0,215.9,2025-08-18,2025-08-17,1,Early,208.0,44907.2
PO001247,2025-08-21,S03,SUP02,P05,205.4,215.9,2025-08-23,2025-08-22,1,Early,205.4,44345.9
PO001248,2025-08-24,S03,SUP02,P05,215.0,215.9,2025-08-26,2025-08-26,2,On-time,215.0,46418.5
PO001249,2025-08-30,S03,SUP02,P05,207.7,215.9,2025-09-01,2025-08-31,1,Early,207.7,44842.4
PO001250,2025-09-03,S03,SUP02,P05,199.9,216.7,2025-09-05,2025-09-06,3,Late,199.9,43318.3
PO001251,2025-09-07,S03,SUP02,P05,205.7,216.7,2025-09-09,2025-09-09,2,On-time,205.7,44575.2
PO001252,2025-09-12,S03,SUP02,P05,194.9,216.7,2025-09-14,2025-09-14,2,On-time,194.9,42234.8
PO001253,2025-09-16,S03,SUP02,P05,193.1,216.7,2025-09-18,2025-09-18,2,On-time,193.1,41844.8
PO001254,2025-09-20,S03,SUP02,P05,200.7,216.7,2025-09-22,2025-09-24,4,Late,200.7,43491.7
PO001255,2025-09-25,S03,SUP02,P05,200.0,216.7,2025-09-27,2025-09-27,2,On-time,200.0,43340.0
PO001256,2025-09-28,S03,SUP02,P05,207.5,216.7,2025-09-30,2025-09-30,2,On-time,207.5,44965.2
PO001257,2025-10-03,S03,SUP02,P05,199.9,217.6,2025-10-05,2025-10-04,1,Early,199.9,43498.2
PO001258,2025-10-06,S03,SUP02,P05,211.3,217.6,2025-10-08,2025-10-08,2,On-time,211.3,45978.9
PO001259,2025-10-11,S03,SUP02,P05,212.4,217.6,2025-10-13,2025-10-14,3,Late,212.4,46218.2
PO001260,2025-10-15,S03,SUP02,P05,212.7,217.6,2025-10-17,2025-10-17,2,On-time,212.7,46283.5
PO001261,2025-10-19,S03,SUP02,P05,221.4,217.6,2025-10-21,2025-10-23,4,Late,191.9,48176.6
PO001262,2025-10-23,S03,SUP02,P05,213.1,217.6,2025-10-25,2025-10-25,2,On-time,213.1,46370.6
PO001263,2025-10-27,S03,SUP02,P05,212.0,217.6,2025-10-29,2025-10-29,2,On-time,212.0,46131.2
PO001264,2025-11-01,S03,SUP02,P05,209.0,218.4,2025-11-03,2025-11-03,2,On-time,209.0,45645.6
PO001265,2025-11-06,S03,SUP02,P05,200.6,218.4,2025-11-08,2025-11-08,2,On-time,200.6,43811.0
PO001266,2025-11-09,S03,SUP02,P05,213.9,218.4,2025-11-11,2025-11-12,3,Late,213.9,46715.8
PO001267,2025-11-14,S03,SUP02,P05,207.0,218.4,2025-11-16,2025-11-16,2,On-time,207.0,45208.8
PO001268,2025-11-17,S03,SUP02,P05,211.8,218.4,2025-11-19,2025-11-21,4,Late,188.5,46257.1
PO001269,2025-11-22,S03,SUP02,P05,209.6,218.4,2025-11-24,2025-11-24,2,On-time,209.6,45776.6
PO001270,2025-11-26,S03,SUP02,P05,200.7,218.4,2025-11-28,2025-11-27,1,Early,200.7,43832.9
PO001271,2025-11-30,S03,SUP02,P05,205.5,218.4,2025-12-02,2025-12-02,2,On-time,205.5,44881.2
PO001272,2025-12-05,S03,SUP02,P05,201.2,219.2,2025-12-07,2025-12-06,1,Early,201.2,44103.0
PO001273,2025-12-08,S03,SUP02,P05,209.0,219.2,2025-12-10,2025-12-09,1,Early,209.0,45812.8
PO001274,2025-12-13,S03,SUP02,P05,206.6,219.2,2025-12-15,2025-12-17,4,Late,152.1,45286.7
PO001275,2025-12-17,S03,SUP02,P05,204.9,219.2,2025-12-19,2025-12-19,2,On-time,204.9,44914.1
PO001276,2025-12-21,S03,SUP02,P05,206.8,219.2,2025-12-23,2025-12-23,2,On-time,206.8,45330.6
PO001277,2025-12-26,S03,SUP02,P05,199.5,219.2,2025-12-28,2025-12-28,2,On-time,199.5,43730.4
PO001278,2025-12-29,S03,SUP02,P05,204.4,219.2,2025-12-31,2025-12-31,2,On-time,204.4,44804.5
PO001279,2025-01-01,S03,SUP04,P06,46.6,900.0,2025-01-06,2025-01-06,5,On-time,46.6,41940.0
PO001280,2025-01-18,S03,SUP04,P06,51.4,900.0,2025-01-23,2025-01-24,6,Late,51.4,46260.0
PO001281,2025-02-10,S03,SUP04,P06,51.5,903.6,2025-02-15,2025-02-20,10,Late,38.3,46535.4
PO001282,2025-02-27,S03,SUP04,P06,50.5,903.6,2025-03-04,2025-03-04,5,On-time,50.5,45631.8
PO001283,2025-03-18,S03,SUP04,P06,56.6,907.2,2025-03-23,2025-03-23,5,On-time,56.6,51347.5
PO001284,2025-04-07,S03,SUP04,P06,60.6,910.8,2025-04-12,2025-04-12,5,On-time,60.6,55194.5
PO001285,2025-05-07,S03,SUP04,P06,50.8,914.4,2025-05-12,2025-05-12,5,On-time,50.8,46451.5
PO001286,2025-05-30,S03,SUP04,P06,49.9,914.4,2025-06-04,2025-06-03,4,Early,49.9,45628.6
PO001287,2025-06-19,S03,SUP04,P06,53.5,918.0,2025-06-24,2025-06-25,6,Late,53.5,49113.0
PO001288,2025-07-12,S03,SUP04,P06,53.0,921.6,2025-07-17,2025-07-16,4,Early,53.0,48844.8
PO001289,2025-08-05,S03,SUP04,P06,51.6,925.2,2025-08-10,2025-08-09,4,Early,51.6,47740.3
PO001290,2025-08-27,S03,SUP04,P06,52.7,925.2,2025-09-01,2025-09-01,5,On-time,52.7,48758.0
PO001291,2025-09-20,S03,SUP04,P06,55.3,928.8,2025-09-25,2025-09-24,4,Early,55.3,51362.6
PO001292,2025-10-11,S03,SUP04,P06,55.4,932.4,2025-10-16,2025-10-16,5,On-time,55.4,51655.0
PO001293,2025-11-02,S03,SUP04,P06,57.1,936.0,2025-11-07,2025-11-08,6,Late,57.1,53445.6
PO001294,2025-11-28,S03,SUP04,P06,53.0,936.0,2025-12-03,2025-12-02,4,Early,53.0,49608.0
PO001295,2025-12-20,S03,SUP04,P06,55.7,939.6,2025-12-25,2025-12-24,4,Early,55.7,52335.7
PO001296,2025-01-01,S03,SUP06,P07,236.2,1450.0,2025-01-07,2025-01-07,6,On-time,236.2,342490.0
PO001297,2025-01-12,S03,SUP06,P07,307.7,1450.0,2025-01-18,2025-01-18,6,On-time,307.7,446165.0
PO001298,2025-02-03,S03,SUP06,P07,321.8,1455.8,2025-02-09,2025-02-09,6,On-time,321.8,468476.4
PO001299,2025-02-23,S03,SUP06,P07,348.8,1455.8,2025-03-01,2025-03-01,6,On-time,348.8,507783.0
PO001300,2025-03-22,S03,SUP06,P07,337.1,1461.6,2025-03-28,2025-03-27,5,Early,337.1,492705.4
PO001301,2025-04-13,S03,SUP06,P07,325.5,1467.4,2025-04-19,2025-04-18,5,Early,325.5,477638.7
PO001302,2025-05-16,S03,SUP06,P07,267.4,1473.2,2025-05-22,2025-05-23,7,Late,267.4,393933.7
PO001303,2025-06-07,S03,SUP06,P07,274.9,1479.0,2025-06-13,2025-06-13,6,On-time,274.9,406577.1
PO001304,2025-07-03,S03,SUP06,P07,248.6,1484.8,2025-07-09,2025-07-09,6,On-time,248.6,369121.3
PO001305,2025-07-23,S03,SUP06,P07,271.9,1484.8,2025-07-29,2025-07-29,6,On-time,271.9,403717.1
PO001306,2025-08-15,S03,SUP06,P07,268.7,1490.6,2025-08-21,2025-08-21,6,On-time,268.7,400524.2
PO001307,2025-09-07,S03,SUP06,P07,273.6,1496.4,2025-09-13,2025-09-13,6,On-time,273.6,409415.0
PO001308,2025-10-01,S03,SUP06,P07,265.9,1502.2,2025-10-07,2025-10-09,8,Late,239.7,399435.0
PO001309,2025-10-22,S03,SUP06,P07,259.8,1502.2,2025-10-28,2025-10-31,9,Late,230.4,390271.6
PO001310,2025-11-08,S03,SUP06,P07,297.7,1508.0,2025-11-14,2025-11-18,10,Late,215.8,448931.6
PO001311,2025-11-22,S03,SUP06,P07,317.3,1508.0,2025-11-28,2025-11-28,6,On-time,317.3,478488.4
PO001312,2025-12-15,S03,SUP06,P07,323.7,1513.8,2025-12-21,2025-12-21,6,On-time,323.7,490017.1
PO001313,2025-01-01,S03,SUP06,P08,16.9,3200.0,2025-01-07,2025-01-07,6,On-time,16.9,54080.0
PO001314,2025-01-15,S03,SUP06,P08,20.4,3200.0,2025-01-21,2025-01-21,6,On-time,20.4,65280.0
PO001315,2025-02-07,S03,SUP06,P08,20.5,3212.8,2025-02-13,2025-02-12,5,Early,20.5,65862.4
PO001316,2025-03-03,S03,SUP06,P08,20.5,3225.6,2025-03-09,2025-03-09,6,On-time,20.5,66124.8
PO001317,2025-03-26,S03,SUP06,P08,21.1,3225.6,2025-04-01,2025-04-04,9,Late,18.2,68060.2
PO001318,2025-04-19,S03,SUP06,P08,18.6,3238.4,2025-04-25,2025-04-28,9,Late,15.8,60234.2
PO001319,2025-05-10,S03,SUP06,P08,18.6,3251.2,2025-05-16,2025-05-19,9,Late,15.0,60472.3
PO001320,2025-05-29,S03,SUP06,P08,18.8,3251.2,2025-06-04,2025-06-04,6,On-time,18.8,61122.6
PO001321,2025-06-21,S03,SUP06,P08,19.4,3264.0,2025-06-27,2025-06-26,5,Early,19.4,63321.6
PO001322,2025-07-17,S03,SUP06,P08,18.2,3276.8,2025-07-23,2025-07-23,6,On-time,18.2,59637.8
PO001323,2025-08-09,S03,SUP06,P08,18.7,3289.6,2025-08-15,2025-08-16,7,Late,18.7,61515.5
PO001324,2025-09-01,S03,SUP06,P08,19.3,3302.4,2025-09-07,2025-09-08,7,Late,19.3,63736.3
PO001325,2025-09-27,S03,SUP06,P08,18.8,3302.4,2025-10-03,2025-10-04,7,Late,18.8,62085.1
PO001326,2025-10-18,S03,SUP06,P08,19.0,3315.2,2025-10-24,2025-10-24,6,On-time,19.0,62988.8
PO001327,2025-11-08,S03,SUP06,P08,21.9,3328.0,2025-11-14,2025-11-14,6,On-time,21.9,72883.2
PO001328,2025-11-30,S03,SUP06,P08,22.9,3328.0,2025-12-06,2025-12-06,6,On-time,22.9,76211.2
PO001329,2025-12-25,S03,SUP06,P08,22.4,3340.8,2025-12-31,2026-01-01,7,Late,22.4,74833.9
PO001330,2025-01-01,S03,SUP04,P09,55.6,350.0,2025-01-06,2025-01-06,5,On-time,55.6,19460.0
PO001331,2025-01-18,S03,SUP04,P09,60.3,350.0,2025-01-23,2025-01-27,9,Late,48.8,21105.0
PO001332,2025-02-05,S03,SUP04,P09,59.5,351.4,2025-02-10,2025-02-13,8,Late,45.7,20908.3
PO001333,2025-02-20,S03,SUP04,P09,61.5,351.4,2025-02-25,2025-02-25,5,On-time,61.5,21611.1
PO001334,2025-03-11,S03,SUP04,P09,68.6,352.8,2025-03-16,2025-03-16,5,On-time,68.6,24202.1
PO001335,2025-03-31,S03,SUP04,P09,78.6,352.8,2025-04-05,2025-04-05,5,On-time,78.6,27730.1
PO001336,2025-04-27,S03,SUP04,P09,64.9,354.2,2025-05-02,2025-05-02,5,On-time,64.9,22987.6
PO001337,2025-05-22,S03,SUP04,P09,60.4,355.6,2025-05-27,2025-05-27,5,On-time,60.4,21478.2
PO001338,2025-06-09,S03,SUP04,P09,68.1,357.0,2025-06-14,2025-06-14,5,On-time,68.1,24311.7
PO001339,2025-07-02,S03,SUP04,P09,63.7,358.4,2025-07-07,2025-07-08,6,Late,63.7,22830.1
PO001340,2025-07-22,S03,SUP04,P09,64.1,358.4,2025-07-27,2025-07-27,5,On-time,64.1,22973.4
PO001341,2025-08-14,S03,SUP04,P09,63.5,359.8,2025-08-19,2025-08-19,5,On-time,63.5,22847.3
PO001342,2025-09-04,S03,SUP04,P09,63.8,361.2,2025-09-09,2025-09-08,4,Early,63.8,23044.6
PO001343,2025-09-27,S03,SUP04,P09,63.7,361.2,2025-10-02,2025-10-02,5,On-time,63.7,23008.4
PO001344,2025-10-18,S03,SUP04,P09,65.7,362.6,2025-10-23,2025-10-25,7,Late,58.9,23822.8
PO001345,2025-11-08,S03,SUP04,P09,65.4,364.0,2025-11-13,2025-11-13,5,On-time,65.4,23805.6
PO001346,2025-11-28,S03,SUP04,P09,66.9,364.0,2025-12-03,2025-12-02,4,Early,66.9,24351.6
PO001347,2025-12-21,S03,SUP04,P09,67.7,365.4,2025-12-26,2025-12-27,6,Late,67.7,24737.6
PO001348,2025-01-01,S03,SUP01,P10,31.0,90.0,2025-01-04,2025-01-05,4,Late,31.0,2790.0
PO001349,2025-01-18,S03,SUP01,P10,33.6,90.0,2025-01-21,2025-01-22,4,Late,33.6,3024.0
PO001350,2025-02-12,S03,SUP01,P10,32.3,90.4,2025-02-15,2025-02-15,3,On-time,32.3,2919.9
PO001351,2025-03-03,S03,SUP01,P10,35.6,90.7,2025-03-06,2025-03-06,3,On-time,35.6,3228.9
PO001352,2025-03-23,S03,SUP01,P10,38.3,90.7,2025-03-26,2025-03-26,3,On-time,38.3,3473.8
PO001353,2025-04-18,S03,SUP01,P10,35.1,91.1,2025-04-21,2025-04-22,4,Late,35.1,3197.6
PO001354,2025-05-10,S03,SUP01,P10,35.5,91.4,2025-05-13,2025-05-13,3,On-time,35.5,3244.7
PO001355,2025-06-03,S03,SUP01,P10,35.0,91.8,2025-06-06,2025-06-07,4,Late,35.0,3213.0
PO001356,2025-06-25,S03,SUP01,P10,35.9,91.8,2025-06-28,2025-06-28,3,On-time,35.9,3295.6
PO001357,2025-07-18,S03,SUP01,P10,35.6,92.2,2025-07-21,2025-07-22,4,Late,35.6,3282.3
PO001358,2025-08-10,S03,SUP01,P10,36.2,92.5,2025-08-13,2025-08-14,4,Late,36.2,3348.5
PO001359,2025-09-03,S03,SUP01,P10,34.8,92.9,2025-09-06,2025-09-07,4,Late,34.8,3232.9
PO001360,2025-09-26,S03,SUP01,P10,34.3,92.9,2025-09-29,2025-09-30,4,Late,34.3,3186.5
PO001361,2025-10-18,S03,SUP01,P10,35.5,93.2,2025-10-21,2025-10-20,2,Early,35.5,3308.6
PO001362,2025-11-09,S03,SUP01,P10,36.8,93.6,2025-11-12,2025-11-17,8,Late,31.6,3444.5
PO001363,2025-11-30,S03,SUP01,P10,36.2,93.6,2025-12-03,2025-12-06,6,Late,25.6,3388.3
PO001364,2025-12-16,S03,SUP01,P10,35.8,94.0,2025-12-19,2025-12-23,7,Late,27.3,3365.2
PO001365,2025-01-01,S03,SUP02,P11,47.7,1100.0,2025-01-03,2025-01-03,2,On-time,47.7,52470.0
PO001366,2025-01-05,S03,SUP02,P11,55.9,1100.0,2025-01-07,2025-01-06,1,Early,55.9,61490.0
PO001367,2025-01-11,S03,SUP02,P11,59.3,1100.0,2025-01-13,2025-01-13,2,On-time,59.3,65230.0
PO001368,2025-01-17,S03,SUP02,P11,60.9,1100.0,2025-01-19,2025-01-22,5,Late,44.8,66990.0
PO001369,2025-01-22,S03,SUP02,P11,63.6,1100.0,2025-01-24,2025-01-25,3,Late,63.6,69960.0
PO001370,2025-01-30,S03,SUP02,P11,63.6,1100.0,2025-02-01,2025-02-01,2,On-time,63.6,69960.0
PO001371,2025-02-05,S03,SUP02,P11,63.9,1104.4,2025-02-07,2025-02-07,2,On-time,63.9,70571.2
PO001372,2025-02-12,S03,SUP02,P11,67.1,1104.4,2025-02-14,2025-02-13,1,Early,67.1,74105.2
PO001373,2025-02-17,S03,SUP02,P11,72.5,1104.4,2025-02-19,2025-02-22,5,Late,64.6,80069.0
PO001374,2025-02-25,S03,SUP02,P11,64.8,1104.4,2025-02-27,2025-02-28,3,Late,64.8,71565.1
PO001375,2025-03-04,S03,SUP02,P11,65.1,1108.8,2025-03-06,2025-03-07,3,Late,65.1,72182.9
PO001376,2025-03-11,S03,SUP02,P11,66.3,1108.8,2025-03-13,2025-03-13,2,On-time,66.3,73513.4
PO001377,2025-03-18,S03,SUP02,P11,65.7,1108.8,2025-03-20,2025-03-23,5,Late,54.8,72848.2
PO001378,2025-03-24,S03,SUP02,P11,67.7,1108.8,2025-03-26,2025-03-26,2,On-time,67.7,75065.8
PO001379,2025-03-31,S03,SUP02,P11,70.3,1108.8,2025-04-02,2025-04-03,3,Late,70.3,77948.6
PO001380,2025-04-07,S03,SUP02,P11,66.4,1113.2,2025-04-09,2025-04-09,2,On-time,66.4,73916.5
PO001381,2025-04-17,S03,SUP02,P11,58.0,1113.2,2025-04-19,2025-04-23,6,Late,43.0,64565.6
PO001382,2025-04-24,S03,SUP02,P11,55.6,1113.2,2025-04-26,2025-04-27,3,Late,55.6,61893.9
PO001383,2025-05-02,S03,SUP02,P11,53.0,1117.6,2025-05-04,2025-05-04,2,On-time,53.0,59232.8
PO001384,2025-05-09,S03,SUP02,P11,52.6,1117.6,2025-05-11,2025-05-11,2,On-time,52.6,58785.8
PO001385,2025-05-16,S03,SUP02,P11,51.6,1117.6,2025-05-18,2025-05-18,2,On-time,51.6,57668.2
PO001386,2025-05-23,S03,SUP02,P11,52.5,1117.6,2025-05-25,2025-05-25,2,On-time,52.5,58674.0
PO001387,2025-05-30,S03,SUP02,P11,51.0,1117.6,2025-06-01,2025-06-01,2,On-time,51.0,56997.6
PO001388,2025-06-06,S03,SUP02,P11,52.9,1122.0,2025-06-08,2025-06-08,2,On-time,52.9,59353.8
PO001389,2025-06-10,S03,SUP02,P11,61.8,1122.0,2025-06-12,2025-06-12,2,On-time,61.8,69339.6
PO001390,2025-06-19,S03,SUP02,P11,54.9,1122.0,2025-06-21,2025-06-21,2,On-time,54.9,61597.8
PO001391,2025-06-26,S03,SUP02,P11,53.7,1122.0,2025-06-28,2025-06-28,2,On-time,53.7,60251.4
PO001392,2025-07-03,S03,SUP02,P11,52.7,1126.4,2025-07-05,2025-07-06,3,Late,52.7,59361.3
PO001393,2025-07-11,S03,SUP02,P11,51.6,1126.4,2025-07-13,2025-07-13,2,On-time,51.6,58122.2
PO001394,2025-07-18,S03,SUP02,P11,50.9,1126.4,2025-07-20,2025-07-19,1,Early,50.9,57333.8
PO001395,2025-07-25,S03,SUP02,P11,53.2,1126.4,2025-07-27,2025-07-27,2,On-time,53.2,59924.5
PO001396,2025-08-01,S03,SUP02,P11,52.3,1130.8,2025-08-03,2025-08-04,3,Late,52.3,59140.8
PO001397,2025-08-07,S03,SUP02,P11,52.3,1130.8,2025-08-09,2025-08-08,1,Early,52.3,59140.8
PO001398,2025-08-13,S03,SUP02,P11,54.8,1130.8,2025-08-15,2025-08-16,3,Late,54.8,61967.8
PO001399,2025-08-21,S03,SUP02,P11,53.2,1130.8,2025-08-23,2025-08-27,6,Late,48.6,60158.6
PO001400,2025-08-29,S03,SUP02,P11,52.0,1130.8,2025-08-31,2025-09-05,7,Late,37.0,58801.6
PO001401,2025-09-05,S03,SUP02,P11,52.8,1135.2,2025-09-07,2025-09-06,1,Early,52.8,59938.6
PO001402,2025-09-13,S03,SUP02,P11,54.1,1135.2,2025-09-15,2025-09-15,2,On-time,54.1,61414.3
PO001403,2025-09-19,S03,SUP02,P11,53.4,1135.2,2025-09-21,2025-09-21,2,On-time,53.4,60619.7
PO001404,2025-09-26,S03,SUP02,P11,54.3,1135.2,2025-09-28,2025-09-29,3,Late,54.3,61641.4
PO001405,2025-10-04,S03,SUP02,P11,52.3,1139.6,2025-10-06,2025-10-05,1,Early,52.3,59601.1
PO001406,2025-10-10,S03,SUP02,P11,53.1,1139.6,2025-10-12,2025-10-12,2,On-time,53.1,60512.8
PO001407,2025-10-17,S03,SUP02,P11,53.2,1139.6,2025-10-19,2025-10-20,3,Late,53.2,60626.7
PO001408,2025-10-24,S03,SUP02,P11,53.5,1139.6,2025-10-26,2025-10-26,2,On-time,53.5,60968.6
PO001409,2025-10-31,S03,SUP02,P11,53.2,1139.6,2025-11-02,2025-11-07,7,Late,44.7,60626.7
PO001410,2025-11-07,S03,SUP02,P11,64.8,1144.0,2025-11-09,2025-11-13,6,Late,46.0,74131.2
PO001411,2025-11-13,S03,SUP02,P11,66.7,1144.0,2025-11-15,2025-11-15,2,On-time,66.7,76304.8
PO001412,2025-11-20,S03,SUP02,P11,65.8,1144.0,2025-11-22,2025-11-21,1,Early,65.8,75275.2
PO001413,2025-11-27,S03,SUP02,P11,65.9,1144.0,2025-11-29,2025-11-29,2,On-time,65.9,75389.6
PO001414,2025-12-03,S03,SUP02,P11,67.6,1148.4,2025-12-05,2025-12-04,1,Early,67.6,77631.8
PO001415,2025-12-11,S03,SUP02,P11,66.1,1148.4,2025-12-13,2025-12-13,2,On-time,66.1,75909.2
PO001416,2025-12-17,S03,SUP02,P11,68.6,1148.4,2025-12-19,2025-12-19,2,On-time,68.6,78780.2
PO001417,2025-12-24,S03,SUP02,P11,68.0,1148.4,2025-12-26,2025-12-27,3,Late,68.0,78091.2
PO001418,2025-12-30,S03,SUP02,P11,67.8,1148.4,2026-01-01,2026-01-01,2,On-time,67.8,77861.5
PO001419,2025-01-01,S03,SUP05,P12,15.3,520.0,2025-01-02,2025-01-02,1,On-time,15.3,7956.0
PO001420,2025-01-03,S03,SUP05,P12,15.3,520.0,2025-01-04,2025-01-04,1,On-time,15.3,7956.0
PO001421,2025-01-05,S03,SUP05,P12,16.4,520.0,2025-01-06,2025-01-06,1,On-time,16.4,8528.0
PO001422,2025-01-08,S03,SUP05,P12,16.4,520.0,2025-01-09,2025-01-10,2,Late,16.4,8528.0
PO001423,2025-01-11,S03,SUP05,P12,16.5,520.0,2025-01-12,2025-01-12,1,On-time,16.5,8580.0
PO001424,2025-01-14,S03,SUP05,P12,16.2,520.0,2025-01-15,2025-01-15,1,On-time,16.2,8424.0
PO001425,2025-01-18,S03,SUP05,P12,16.6,520.0,2025-01-19,2025-01-23,5,Late,13.9,8632.0
PO001426,2025-01-23,S03,SUP05,P12,16.2,520.0,2025-01-24,2025-01-24,1,On-time,16.2,8424.0
PO001427,2025-01-26,S03,SUP05,P12,16.8,520.0,2025-01-27,2025-01-27,1,On-time,16.8,8736.0
PO001428,2025-01-29,S03,SUP05,P12,16.7,520.0,2025-01-30,2025-01-30,1,On-time,16.7,8684.0
PO001429,2025-02-01,S03,SUP05,P12,16.9,520.0,2025-02-02,2025-02-02,1,On-time,16.9,8788.0
PO001430,2025-02-04,S03,SUP05,P12,17.2,520.0,2025-02-05,2025-02-06,2,Late,17.2,8944.0
PO001431,2025-02-07,S03,SUP05,P12,17.2,520.0,2025-02-08,2025-02-12,5,Late,12.2,8944.0
PO001432,2025-02-12,S03,SUP05,P12,18.1,520.0,2025-02-13,2025-02-13,1,On-time,18.1,9412.0
PO001433,2025-02-13,S03,SUP05,P12,19.0,520.0,2025-02-14,2025-02-14,1,On-time,19.0,9880.0
PO001434,2025-02-15,S03,SUP05,P12,21.0,520.0,2025-02-16,2025-02-16,1,On-time,21.0,10920.0
PO001435,2025-02-20,S03,SUP05,P12,18.2,520.0,2025-02-21,2025-02-22,2,Late,18.2,9464.0
PO001436,2025-02-22,S03,SUP05,P12,18.6,520.0,2025-02-23,2025-02-27,5,Late,13.5,9672.0
PO001437,2025-02-27,S03,SUP05,P12,17.2,520.0,2025-02-28,2025-03-03,4,Late,14.2,8944.0
PO001438,2025-03-03,S03,SUP05,P12,17.3,520.0,2025-03-04,2025-03-05,2,Late,17.3,8996.0
PO001439,2025-03-06,S03,SUP05,P12,17.5,520.0,2025-03-07,2025-03-08,2,Late,17.5,9100.0
PO001440,2025-03-08,S03,SUP05,P12,18.7,520.0,2025-03-09,2025-03-09,1,On-time,18.7,9724.0
PO001441,2025-03-11,S03,SUP05,P12,18.7,520.0,2025-03-12,2025-03-16,5,Late,15.3,9724.0
PO001442,2025-03-16,S03,SUP05,P12,20.0,520.0,2025-03-17,2025-03-20,4,Late,14.9,10400.0
PO001443,2025-03-20,S03,SUP05,P12,19.1,520.0,2025-03-21,2025-03-21,1,On-time,19.1,9932.0
PO001444,2025-03-23,S03,SUP05,P12,19.9,520.0,2025-03-24,2025-03-25,2,Late,19.9,10348.0
PO001445,2025-03-25,S03,SUP05,P12,19.9,520.0,2025-03-26,2025-03-26,1,On-time,19.9,10348.0
PO001446,2025-03-28,S03,SUP05,P12,20.0,520.0,2025-03-29,2025-03-30,2,Late,20.0,10400.0
PO001447,2025-03-31,S03,SUP05,P12,21.5,520.0,2025-04-01,2025-04-06,6,Late,15.7,11180.0
PO001448,2025-04-06,S03,SUP05,P12,11.3,812.5,2025-04-07,2025-04-07,1,On-time,11.3,9181.2
PO001449,2025-04-08,S03,SUP05,P12,10.7,812.5,2025-04-09,2025-04-09,1,On-time,10.7,8693.8
PO001450,2025-04-10,S03,SUP05,P12,10.6,812.5,2025-04-11,2025-04-11,1,On-time,10.6,8612.5
PO001451,2025-04-12,S03,SUP05,P12,10.3,812.5,2025-04-13,2025-04-13,1,On-time,10.3,8368.8
PO001452,2025-04-14,S03,SUP05,P12,10.1,812.5,2025-04-15,2025-04-15,1,On-time,10.1,8206.2
PO001453,2025-04-16,S03,SUP05,P12,9.7,812.5,2025-04-17,2025-04-21,5,Late,7.8,7881.2
PO001454,2025-04-21,S03,SUP05,P12,9.4,812.5,2025-04-22,2025-04-23,2,Late,9.4,7637.5
PO001455,2025-04-23,S03,SUP05,P12,9.2,812.5,2025-04-24,2025-04-24,1,On-time,9.2,7475.0
PO001456,2025-04-24,S03,SUP05,P12,9.1,812.5,2025-04-25,2025-04-25,1,On-time,9.1,7393.8
PO001457,2025-04-26,S03,SUP05,P12,9.2,812.5,2025-04-27,2025-04-27,1,On-time,9.2,7475.0
PO001458,2025-04-27,S03,SUP05,P12,9.5,812.5,2025-04-28,2025-04-28,1,On-time,9.5,7718.8
PO001459,2025-04-29,S03,SUP05,P12,9.2,812.5,2025-04-30,2025-04-30,1,On-time,9.2,7475.0
PO001460,2025-05-01,S03,SUP05,P12,9.0,812.5,2025-05-02,2025-05-02,1,On-time,9.0,7312.5
PO001461,2025-05-03,S03,SUP05,P12,9.4,812.5,2025-05-04,2025-05-05,2,Late,9.4,7637.5
PO001462,2025-05-05,S03,SUP05,P12,9.4,812.5,2025-05-06,2025-05-09,4,Late,7.1,7637.5
PO001463,2025-05-09,S03,SUP05,P12,8.9,812.5,2025-05-10,2025-05-10,1,On-time,8.9,7231.2
PO001464,2025-05-10,S03,SUP05,P12,9.2,812.5,2025-05-11,2025-05-11,1,On-time,9.2,7475.0
PO001465,2025-05-11,S03,SUP05,P12,9.6,812.5,2025-05-12,2025-05-12,1,On-time,9.6,7800.0
PO001466,2025-05-12,S03,SUP05,P12,9.5,812.5,2025-05-13,2025-05-13,1,On-time,9.5,7718.8
PO001467,2025-05-14,S03,SUP05,P12,9.2,812.5,2025-05-15,2025-05-15,1,On-time,9.2,7475.0
PO001468,2025-05-16,S03,SUP05,P12,9.2,812.5,2025-05-17,2025-05-21,5,Late,8.0,7475.0
PO001469,2025-05-21,S03,SUP05,P12,9.2,812.5,2025-05-22,2025-05-22,1,On-time,9.2,7475.0
PO001470,2025-05-22,S03,SUP05,P12,9.1,812.5,2025-05-23,2025-05-23,1,On-time,9.1,7393.8
PO001471,2025-05-23,S03,SUP05,P12,9.4,812.5,2025-05-24,2025-05-24,1,On-time,9.4,7637.5
PO001472,2025-05-25,S03,SUP05,P12,9.4,812.5,2025-05-26,2025-05-26,1,On-time,9.4,7637.5
PO001473,2025-05-27,S03,SUP05,P12,9.1,812.5,2025-05-28,2025-05-29,2,Late,9.1,7393.8
PO001474,2025-05-29,S03,SUP05,P12,9.1,812.5,2025-05-30,2025-06-04,6,Late,8.2,7393.8
PO001475,2025-06-04,S03,SUP05,P12,9.0,812.5,2025-06-05,2025-06-05,1,On-time,9.0,7312.5
PO001476,2025-06-05,S03,SUP05,P12,8.9,812.5,2025-06-06,2025-06-06,1,On-time,8.9,7231.2
PO001477,2025-06-06,S03,SUP05,P12,9.0,812.5,2025-06-07,2025-06-10,4,Late,7.1,7312.5
PO001478,2025-06-10,S03,SUP05,P12,10.1,812.5,2025-06-11,2025-06-11,1,On-time,10.1,8206.2
PO001479,2025-06-11,S03,SUP05,P12,10.1,812.5,2025-06-12,2025-06-12,1,On-time,10.1,8206.2
PO001480,2025-06-12,S03,SUP05,P12,9.9,812.5,2025-06-13,2025-06-13,1,On-time,9.9,8043.8
PO001481,2025-06-14,S03,SUP05,P12,10.1,812.5,2025-06-15,2025-06-19,5,Late,8.9,8206.2
PO001482,2025-06-19,S03,SUP05,P12,9.5,812.5,2025-06-20,2025-06-25,6,Late,8.4,7718.8
PO001483,2025-06-25,S03,SUP05,P12,9.4,812.5,2025-06-26,2025-06-26,1,On-time,9.4,7637.5
PO001484,2025-06-26,S03,SUP05,P12,9.4,812.5,2025-06-27,2025-06-28,2,Late,9.4,7637.5
PO001485,2025-06-28,S03,SUP05,P12,9.7,812.5,2025-06-29,2025-06-29,1,On-time,9.7,7881.2
PO001486,2025-06-29,S03,SUP05,P12,9.8,812.5,2025-06-30,2025-07-01,2,Late,9.8,7962.5
PO001487,2025-07-01,S03,SUP05,P12,9.6,812.5,2025-07-02,2025-07-02,1,On-time,9.6,7800.0
PO001488,2025-07-02,S03,SUP05,P12,9.5,812.5,2025-07-03,2025-07-03,1,On-time,9.5,7718.8
PO001489,2025-07-04,S03,SUP05,P12,9.6,812.5,2025-07-05,2025-07-05,1,On-time,9.6,7800.0
PO001490,2025-07-05,S03,SUP05,P12,9.7,812.5,2025-07-06,2025-07-06,1,On-time,9.7,7881.2
PO001491,2025-07-07,S03,SUP05,P12,9.6,812.5,2025-07-08,2025-07-11,4,Late,6.8,7800.0
PO001492,2025-07-11,S03,SUP05,P12,9.4,812.5,2025-07-12,2025-07-15,4,Late,8.6,7637.5
PO001493,2025-07-15,S03,SUP05,P12,9.6,812.5,2025-07-16,2025-07-17,2,Late,9.6,7800.0
PO001494,2025-07-17,S03,SUP05,P12,9.2,812.5,2025-07-18,2025-07-18,1,On-time,9.2,7475.0
PO001495,2025-07-18,S03,SUP05,P12,9.3,812.5,2025-07-19,2025-07-20,2,Late,9.3,7556.3
PO001496,2025-07-20,S03,SUP05,P12,9.7,812.5,2025-07-21,2025-07-22,2,Late,9.7,7881.2
PO001497,2025-07-22,S03,SUP05,P12,9.6,812.5,2025-07-23,2025-07-26,4,Late,8.0,7800.0
PO001498,2025-07-26,S03,SUP05,P12,9.7,812.5,2025-07-27,2025-07-28,2,Late,9.7,7881.2
PO001499,2025-07-28,S03,SUP05,P12,9.4,812.5,2025-07-29,2025-08-03,6,Late,6.6,7637.5
PO001500,2025-08-03,S03,SUP05,P12,9.4,812.5,2025-08-04,2025-08-05,2,Late,9.4,7637.5
PO001501,2025-08-05,S03,SUP05,P12,9.3,812.5,2025-08-06,2025-08-08,3,Late,8.0,7556.3
PO001502,2025-08-08,S03,SUP05,P12,9.4,812.5,2025-08-09,2025-08-09,1,On-time,9.4,7637.5
PO001503,2025-08-09,S03,SUP05,P12,9.6,812.5,2025-08-10,2025-08-11,2,Late,9.6,7800.0
PO001504,2025-08-11,S03,SUP05,P12,9.5,812.5,2025-08-12,2025-08-13,2,Late,9.5,7718.8
PO001505,2025-08-13,S03,SUP05,P12,9.6,812.5,2025-08-14,2025-08-14,1,On-time,9.6,7800.0
PO001506,2025-08-14,S03,SUP05,P12,9.8,812.5,2025-08-15,2025-08-15,1,On-time,9.8,7962.5
PO001507,2025-08-15,S03,SUP05,P12,10.0,812.5,2025-08-16,2025-08-17,2,Late,10.0,8125.0
PO001508,2025-08-17,S03,SUP05,P12,9.9,812.5,2025-08-18,2025-08-18,1,On-time,9.9,8043.8
PO001509,2025-08-18,S03,SUP05,P12,9.7,812.5,2025-08-19,2025-08-20,2,Late,9.7,7881.2
PO001510,2025-08-20,S03,SUP05,P12,9.3,812.5,2025-08-21,2025-08-21,1,On-time,9.3,7556.3
PO001511,2025-08-22,S03,SUP05,P12,9.4,812.5,2025-08-23,2025-08-27,5,Late,8.2,7637.5
PO001512,2025-08-27,S03,SUP05,P12,9.5,812.5,2025-08-28,2025-08-28,1,On-time,9.5,7718.8
PO001513,2025-08-28,S03,SUP05,P12,9.4,812.5,2025-08-29,2025-08-29,1,On-time,9.4,7637.5
PO001514,2025-08-29,S03,SUP05,P12,9.4,812.5,2025-08-30,2025-08-30,1,On-time,9.4,7637.5
PO001515,2025-08-31,S03,SUP05,P12,9.7,812.5,2025-09-01,2025-09-02,2,Late,9.7,7881.2
PO001516,2025-09-02,S03,SUP05,P12,9.4,812.5,2025-09-03,2025-09-07,5,Late,8.3,7637.5
PO001517,2025-09-07,S03,SUP05,P12,9.5,812.5,2025-09-08,2025-09-12,5,Late,7.4,7718.8
PO001518,2025-09-12,S03,SUP05,P12,9.1,812.5,2025-09-13,2025-09-13,1,On-time,9.1,7393.8
PO001519,2025-09-13,S03,SUP05,P12,9.4,812.5,2025-09-14,2025-09-14,1,On-time,9.4,7637.5
PO001520,2025-09-14,S03,SUP05,P12,9.5,812.5,2025-09-15,2025-09-17,3,Late,7.7,7718.8
PO001521,2025-09-17,S03,SUP05,P12,9.0,812.5,2025-09-18,2025-09-18,1,On-time,9.0,7312.5
PO001522,2025-09-18,S03,SUP05,P12,9.0,812.5,2025-09-19,2025-09-19,1,On-time,9.0,7312.5
PO001523,2025-09-19,S03,SUP05,P12,9.1,812.5,2025-09-20,2025-09-21,2,Late,9.1,7393.8
PO001524,2025-09-21,S03,SUP05,P12,9.8,812.5,2025-09-22,2025-09-22,1,On-time,9.8,7962.5
PO001525,2025-09-22,S03,SUP05,P12,9.7,812.5,2025-09-23,2025-09-28,6,Late,8.9,7881.2
PO001526,2025-09-28,S03,SUP05,P12,10.2,812.5,2025-09-29,2025-09-29,1,On-time,10.2,8287.5
PO001527,2025-09-29,S03,SUP05,P12,10.1,812.5,2025-09-30,2025-10-01,2,Late,10.1,8206.2
PO001528,2025-10-01,S03,SUP05,P12,9.9,812.5,2025-10-02,2025-10-03,2,Late,9.9,8043.8
PO001529,2025-10-03,S03,SUP05,P12,9.9,812.5,2025-10-04,2025-10-04,1,On-time,9.9,8043.8
PO001530,2025-10-04,S03,SUP05,P12,10.0,812.5,2025-10-05,2025-10-05,1,On-time,10.0,8125.0
PO001531,2025-10-05,S03,SUP05,P12,10.1,812.5,2025-10-06,2025-10-06,1,On-time,10.1,8206.2
PO001532,2025-10-07,S03,SUP05,P12,9.9,812.5,2025-10-08,2025-10-09,2,Late,9.9,8043.8
PO001533,2025-10-09,S03,SUP05,P12,9.8,812.5,2025-10-10,2025-10-11,2,Late,9.8,7962.5
PO001534,2025-10-11,S03,SUP05,P12,10.0,812.5,2025-10-12,2025-10-12,1,On-time,10.0,8125.0
PO001535,2025-10-12,S03,SUP05,P12,10.3,812.5,2025-10-13,2025-10-13,1,On-time,10.3,8368.8
PO001536,2025-10-13,S03,SUP05,P12,10.2,812.5,2025-10-14,2025-10-14,1,On-time,10.2,8287.5
PO001537,2025-10-15,S03,SUP05,P12,9.8,812.5,2025-10-16,2025-10-18,3,Late,7.8,7962.5
PO001538,2025-10-18,S03,SUP05,P12,10.1,812.5,2025-10-19,2025-10-19,1,On-time,10.1,8206.2
PO001539,2025-10-19,S03,SUP05,P12,10.1,812.5,2025-10-20,2025-10-20,1,On-time,10.1,8206.2
PO001540,2025-10-20,S03,SUP05,P12,10.0,812.5,2025-10-21,2025-10-21,1,On-time,10.0,8125.0
PO001541,2025-10-22,S03,SUP05,P12,9.7,812.5,2025-10-23,2025-10-28,6,Late,7.7,7881.2
PO001542,2025-10-28,S03,SUP05,P12,9.8,812.5,2025-10-29,2025-10-29,1,On-time,9.8,7962.5
PO001543,2025-10-29,S03,SUP05,P12,9.7,812.5,2025-10-30,2025-10-30,1,On-time,9.7,7881.2
PO001544,2025-10-30,S03,SUP05,P12,9.6,812.5,2025-10-31,2025-10-31,1,On-time,9.6,7800.0
PO001545,2025-11-01,S03,SUP05,P12,9.8,812.5,2025-11-02,2025-11-02,1,On-time,9.8,7962.5
PO001546,2025-11-02,S03,SUP05,P12,10.0,812.5,2025-11-03,2025-11-03,1,On-time,10.0,8125.0
PO001547,2025-11-04,S03,SUP05,P12,9.8,812.5,2025-11-05,2025-11-06,2,Late,9.8,7962.5
PO001548,2025-11-06,S03,SUP05,P12,9.5,812.5,2025-11-07,2025-11-11,5,Late,8.8,7718.8
PO001549,2025-11-11,S03,SUP05,P12,9.7,812.5,2025-11-12,2025-11-12,1,On-time,9.7,7881.2
PO001550,2025-11-12,S03,SUP05,P12,9.6,812.5,2025-11-13,2025-11-16,4,Late,6.9,7800.0
PO001551,2025-11-16,S03,SUP05,P12,10.0,812.5,2025-11-17,2025-11-18,2,Late,10.0,8125.0
PO001552,2025-11-18,S03,SUP05,P12,9.8,812.5,2025-11-19,2025-11-23,5,Late,8.1,7962.5
PO001553,2025-11-23,S03,SUP05,P12,9.9,812.5,2025-11-24,2025-11-25,2,Late,9.9,8043.8
PO001554,2025-11-25,S03,SUP05,P12,9.6,812.5,2025-11-26,2025-11-26,1,On-time,9.6,7800.0
PO001555,2025-11-26,S03,SUP05,P12,9.6,812.5,2025-11-27,2025-11-27,1,On-time,9.6,7800.0
PO001556,2025-11-28,S03,SUP05,P12,9.5,812.5,2025-11-29,2025-12-04,6,Late,7.8,7718.8
PO001557,2025-12-04,S03,SUP05,P12,17.4,520.0,2025-12-05,2025-12-05,1,On-time,17.4,9048.0
PO001558,2025-12-06,S03,SUP05,P12,17.8,520.0,2025-12-07,2025-12-07,1,On-time,17.8,9256.0
PO001559,2025-12-09,S03,SUP05,P12,17.3,520.0,2025-12-10,2025-12-10,1,On-time,17.3,8996.0
PO001560,2025-12-12,S03,SUP05,P12,17.6,520.0,2025-12-13,2025-12-16,4,Late,13.9,9152.0
PO001561,2025-12-16,S03,SUP05,P12,17.8,520.0,2025-12-17,2025-12-19,3,Late,12.9,9256.0
PO001562,2025-12-19,S03,SUP05,P12,17.9,520.0,2025-12-20,2025-12-20,1,On-time,17.9,9308.0
PO001563,2025-12-21,S03,SUP05,P12,19.0,520.0,2025-12-22,2025-12-22,1,On-time,19.0,9880.0
PO001564,2025-12-24,S03,SUP05,P12,18.3,520.0,2025-12-25,2025-12-29,5,Late,15.5,9516.0
PO001565,2025-12-29,S03,SUP05,P12,18.1,520.0,2025-12-30,2025-12-30,1,On-time,18.1,9412.0
PO001566,2025-01-01,S04,SUP01,P01,517.3,150.0,2025-01-04,2025-01-03,2,Early,517.3,77595.0
PO001567,2025-01-16,S04,SUP01,P01,524.1,150.0,2025-01-19,2025-01-19,3,On-time,524.1,78615.0
PO001568,2025-01-31,S04,SUP01,P01,568.1,150.0,2025-02-03,2025-02-05,5,Late,474.8,85215.0
PO001569,2025-02-14,S04,SUP01,P01,590.7,150.6,2025-02-17,2025-02-18,4,Late,590.7,88959.4
PO001570,2025-03-05,S04,SUP01,P01,588.4,151.2,2025-03-08,2025-03-11,6,Late,456.3,88966.1
PO001571,2025-03-17,S04,SUP01,P01,605.8,151.2,2025-03-20,2025-03-19,2,Early,605.8,91597.0
PO001572,2025-04-02,S04,SUP01,P01,670.0,151.8,2025-04-05,2025-04-05,3,On-time,670.0,101706.0
PO001573,2025-04-25,S04,SUP01,P01,569.3,151.8,2025-04-28,2025-05-01,6,Late,465.8,86419.7
PO001574,2025-05-10,S04,SUP01,P01,569.6,152.4,2025-05-13,2025-05-13,3,On-time,569.6,86807.0
PO001575,2025-05-27,S04,SUP01,P01,572.8,152.4,2025-05-30,2025-05-30,3,On-time,572.8,87294.7
PO001576,2025-06-14,S04,SUP01,P01,599.1,153.0,2025-06-17,2025-06-18,4,Late,599.1,91662.3
PO001577,2025-07-03,S04,SUP01,P01,577.2,153.6,2025-07-06,2025-07-06,3,On-time,577.2,88657.9
PO001578,2025-07-21,S04,SUP01,P01,579.5,153.6,2025-07-24,2025-07-24,3,On-time,579.5,89011.2
PO001579,2025-08-09,S04,SUP01,P01,579.6,154.2,2025-08-12,2025-08-14,5,Late,473.7,89374.3
PO001580,2025-08-23,S04,SUP01,P01,587.8,154.2,2025-08-26,2025-08-27,4,Late,587.8,90638.8
PO001581,2025-09-11,S04,SUP01,P01,556.8,154.8,2025-09-14,2025-09-14,3,On-time,556.8,86192.6
PO001582,2025-09-27,S04,SUP01,P01,595.2,154.8,2025-09-30,2025-09-30,3,On-time,595.2,92137.0
PO001583,2025-10-14,S04,SUP01,P01,604.4,155.4,2025-10-17,2025-10-18,4,Late,604.4,93923.8
PO001584,2025-11-01,S04,SUP01,P01,603.5,156.0,2025-11-04,2025-11-04,3,On-time,603.5,94146.0
PO001585,2025-11-19,S04,SUP01,P01,608.5,156.0,2025-11-22,2025-11-23,4,Late,608.5,94926.0
PO001586,2025-12-07,S04,SUP01,P01,597.6,156.6,2025-12-10,2025-12-10,3,On-time,597.6,93584.2
PO001587,2025-12-27,S04,SUP01,P01,585.3,156.6,2025-12-30,2025-12-31,4,Late,585.3,91658.0
PO001588,2025-01-01,S04,SUP03,P02,342.5,180.0,2025-01-05,2025-01-06,5,Late,342.5,61650.0
PO001589,2025-01-15,S04,SUP03,P02,384.2,180.0,2025-01-19,2025-01-18,3,Early,384.2,69156.0
PO001590,2025-02-01,S04,SUP03,P02,425.7,180.7,2025-02-05,2025-02-05,4,On-time,425.7,76924.0
PO001591,2025-02-22,S04,SUP03,P02,413.5,180.7,2025-02-26,2025-02-26,4,On-time,413.5,74719.4
PO001592,2025-03-10,S04,SUP03,P02,482.0,181.4,2025-03-14,2025-03-15,5,Late,482.0,87434.8
PO001593,2025-03-29,S04,SUP03,P02,504.6,181.4,2025-04-02,2025-04-02,4,On-time,504.6,91534.4
PO001594,2025-04-26,S04,SUP03,P02,394.3,182.2,2025-04-30,2025-04-30,4,On-time,394.3,71841.5
PO001595,2025-05-16,S04,SUP03,P02,391.2,182.9,2025-05-20,2025-05-18,2,Early,391.2,71550.5
PO001596,2025-06-07,S04,SUP03,P02,389.2,183.6,2025-06-11,2025-06-11,4,On-time,389.2,71457.1
PO001597,2025-06-25,S04,SUP03,P02,393.4,183.6,2025-06-29,2025-06-29,4,On-time,393.4,72228.2
PO001598,2025-07-17,S04,SUP03,P02,366.1,184.3,2025-07-21,2025-07-21,4,On-time,366.1,67472.2
PO001599,2025-08-04,S04,SUP03,P02,381.3,185.0,2025-08-08,2025-08-08,4,On-time,381.3,70540.5
PO001600,2025-08-24,S04,SUP03,P02,393.1,185.0,2025-08-28,2025-08-29,5,Late,393.1,72723.5
PO001601,2025-09-14,S04,SUP03,P02,384.5,185.8,2025-09-18,2025-09-18,4,On-time,384.5,71440.1
PO001602,2025-10-03,S04,SUP03,P02,381.1,186.5,2025-10-07,2025-10-07,4,On-time,381.1,71075.2
PO001603,2025-10-20,S04,SUP03,P02,416.3,186.5,2025-10-24,2025-10-23,3,Early,416.3,77639.9
PO001604,2025-11-08,S04,SUP03,P02,440.5,187.2,2025-11-12,2025-11-13,5,Late,440.5,82461.6
PO001605,2025-11-28,S04,SUP03,P02,448.8,187.2,2025-12-02,2025-12-01,3,Early,448.8,84015.4
PO001606,2025-12-18,S04,SUP03,P02,428.6,187.9,2025-12-22,2025-12-21,3,Early,428.6,80533.9
PO001607,2025-01-01,S04,SUP02,P03,54.3,1200.0,2025-01-03,2025-01-03,2,On-time,54.3,65160.0
PO001608,2025-01-05,S04,SUP02,P03,62.0,1200.0,2025-01-07,2025-01-06,1,Early,62.0,74400.0
PO001609,2025-01-11,S04,SUP02,P03,64.9,1200.0,2025-01-13,2025-01-13,2,On-time,64.9,77880.0
PO001610,2025-01-18,S04,SUP02,P03,64.8,1200.0,2025-01-20,2025-01-20,2,On-time,64.8,77760.0
PO001611,2025-01-25,S04,SUP02,P03,65.2,1200.0,2025-01-27,2025-01-27,2,On-time,65.2,78240.0
PO001612,2025-02-01,S04,SUP02,P03,66.5,1204.8,2025-02-03,2025-02-07,6,Late,57.6,80119.2
PO001613,2025-02-08,S04,SUP02,P03,71.1,1204.8,2025-02-10,2025-02-09,1,Early,71.1,85661.3
PO001614,2025-02-14,S04,SUP02,P03,76.1,1204.8,2025-02-16,2025-02-17,3,Late,76.1,91685.3
PO001615,2025-02-21,S04,SUP02,P03,72.4,1204.8,2025-02-23,2025-02-23,2,On-time,72.4,87227.5
PO001616,2025-03-01,S04,SUP02,P03,70.2,1209.6,2025-03-03,2025-03-02,1,Early,70.2,84913.9
PO001617,2025-03-08,S04,SUP02,P03,71.2,1209.6,2025-03-10,2025-03-10,2,On-time,71.2,86123.5
PO001618,2025-03-14,S04,SUP02,P03,72.6,1209.6,2025-03-16,2025-03-15,1,Early,72.6,87817.0
PO001619,2025-03-21,S04,SUP02,P03,72.2,1209.6,2025-03-23,2025-03-23,2,On-time,72.2,87333.1
PO001620,2025-03-29,S04,SUP02,P03,71.0,1209.6,2025-03-31,2025-04-03,5,Late,58.6,85881.6
PO001621,2025-04-04,S04,SUP02,P03,78.5,1214.4,2025-04-06,2025-04-06,2,On-time,78.5,95330.4
PO001622,2025-04-14,S04,SUP02,P03,66.8,1214.4,2025-04-16,2025-04-17,3,Late,66.8,81121.9
PO001623,2025-04-22,S04,SUP02,P03,62.1,1214.4,2025-04-24,2025-04-24,2,On-time,62.1,75414.2
PO001624,2025-04-30,S04,SUP02,P03,57.9,1214.4,2025-05-02,2025-05-03,3,Late,57.9,70313.8
PO001625,2025-05-07,S04,SUP02,P03,57.5,1219.2,2025-05-09,2025-05-12,5,Late,44.8,70104.0
PO001626,2025-05-13,S04,SUP02,P03,58.9,1219.2,2025-05-15,2025-05-18,5,Late,49.9,71810.9
PO001627,2025-05-19,S04,SUP02,P03,60.9,1219.2,2025-05-21,2025-05-20,1,Early,60.9,74249.3
PO001628,2025-05-26,S04,SUP02,P03,60.3,1219.2,2025-05-28,2025-05-27,1,Early,60.3,73517.8
PO001629,2025-06-02,S04,SUP02,P03,60.6,1224.0,2025-06-04,2025-06-04,2,On-time,60.6,74174.4
PO001630,2025-06-08,S04,SUP02,P03,70.4,1224.0,2025-06-10,2025-06-11,3,Late,70.4,86169.6
PO001631,2025-06-15,S04,SUP02,P03,67.2,1224.0,2025-06-17,2025-06-17,2,On-time,67.2,82252.8
PO001632,2025-06-23,S04,SUP02,P03,62.8,1224.0,2025-06-25,2025-06-25,2,On-time,62.8,76867.2
PO001633,2025-07-01,S04,SUP02,P03,61.7,1228.8,2025-07-03,2025-07-02,1,Early,61.7,75817.0
PO001634,2025-07-08,S04,SUP02,P03,61.3,1228.8,2025-07-10,2025-07-10,2,On-time,61.3,75325.4
PO001635,2025-07-15,S04,SUP02,P03,59.2,1228.8,2025-07-17,2025-07-17,2,On-time,59.2,72745.0
PO001636,2025-07-23,S04,SUP02,P03,57.4,1228.8,2025-07-25,2025-07-29,6,Late,52.7,70533.1
PO001637,2025-07-31,S04,SUP02,P03,58.4,1228.8,2025-08-02,2025-08-01,1,Early,58.4,71761.9
PO001638,2025-08-07,S04,SUP02,P03,57.5,1233.6,2025-08-09,2025-08-08,1,Early,57.5,70932.0
PO001639,2025-08-13,S04,SUP02,P03,60.1,1233.6,2025-08-15,2025-08-15,2,On-time,60.1,74139.4
PO001640,2025-08-19,S04,SUP02,P03,62.8,1233.6,2025-08-21,2025-08-20,1,Early,62.8,77470.1
PO001641,2025-08-27,S04,SUP02,P03,60.6,1233.6,2025-08-29,2025-08-30,3,Late,60.6,74756.2
PO001642,2025-09-03,S04,SUP02,P03,60.8,1238.4,2025-09-05,2025-09-05,2,On-time,60.8,75294.7
PO001643,2025-09-09,S04,SUP02,P03,62.4,1238.4,2025-09-11,2025-09-11,2,On-time,62.4,77276.2
PO001644,2025-09-17,S04,SUP02,P03,60.9,1238.4,2025-09-19,2025-09-20,3,Late,60.9,75418.6
PO001645,2025-09-24,S04,SUP02,P03,58.6,1238.4,2025-09-26,2025-09-28,4,Late,41.5,72570.2
PO001646,2025-09-28,S04,SUP02,P03,61.8,1238.4,2025-09-30,2025-09-30,2,On-time,61.8,76533.1
PO001647,2025-10-05,S04,SUP02,P03,64.3,1243.2,2025-10-07,2025-10-07,2,On-time,64.3,79937.8
PO001648,2025-10-12,S04,SUP02,P03,65.6,1243.2,2025-10-14,2025-10-14,2,On-time,65.6,81553.9
PO001649,2025-10-19,S04,SUP02,P03,65.7,1243.2,2025-10-21,2025-10-21,2,On-time,65.7,81678.2
PO001650,2025-10-27,S04,SUP02,P03,63.7,1243.2,2025-10-29,2025-10-29,2,On-time,63.7,79191.8
PO001651,2025-11-03,S04,SUP02,P03,65.2,1248.0,2025-11-05,2025-11-05,2,On-time,65.2,81369.6
PO001652,2025-11-09,S04,SUP02,P03,69.1,1248.0,2025-11-11,2025-11-11,2,On-time,69.1,86236.8
PO001653,2025-11-15,S04,SUP02,P03,70.3,1248.0,2025-11-17,2025-11-18,3,Late,70.3,87734.4
PO001654,2025-11-22,S04,SUP02,P03,74.0,1248.0,2025-11-24,2025-11-24,2,On-time,74.0,92352.0
PO001655,2025-11-28,S04,SUP02,P03,73.8,1248.0,2025-11-30,2025-11-29,1,Early,73.8,92102.4
PO001656,2025-12-06,S04,SUP02,P03,74.0,1252.8,2025-12-08,2025-12-09,3,Late,74.0,92707.2
PO001657,2025-12-13,S04,SUP02,P03,72.5,1252.8,2025-12-15,2025-12-15,2,On-time,72.5,90828.0
PO001658,2025-12-20,S04,SUP02,P03,73.5,1252.8,2025-12-22,2025-12-22,2,On-time,73.5,92080.8
PO001659,2025-12-27,S04,SUP02,P03,74.3,1252.8,2025-12-29,2025-12-29,2,On-time,74.3,93083.0
PO001660,2025-01-01,S04,SUP02,P04,79.9,320.0,2025-01-03,2025-01-07,6,Late,70.3,25568.0
PO001661,2025-01-08,S04,SUP02,P04,88.7,320.0,2025-01-10,2025-01-09,1,Early,88.7,28384.0
PO001662,2025-01-14,S04,SUP02,P04,94.7,320.0,2025-01-16,2025-01-15,1,Early,94.7,30304.0
PO001663,2025-01-21,S04,SUP02,P04,94.6,320.0,2025-01-23,2025-01-28,7,Late,85.1,30272.0
PO001664,2025-01-30,S04,SUP02,P04,93.2,320.0,2025-02-01,2025-02-01,2,On-time,93.2,29824.0
PO001665,2025-02-06,S04,SUP02,P04,93.4,321.3,2025-02-08,2025-02-09,3,Late,93.4,30009.4
PO001666,2025-02-12,S04,SUP02,P04,99.2,321.3,2025-02-14,2025-02-14,2,On-time,99.2,31873.0
PO001667,2025-02-17,S04,SUP02,P04,107.6,321.3,2025-02-19,2025-02-23,6,Late,79.3,34571.9
PO001668,2025-02-24,S04,SUP02,P04,104.0,321.3,2025-02-26,2025-03-02,6,Late,78.8,33415.2
PO001669,2025-03-03,S04,SUP02,P04,100.4,322.6,2025-03-05,2025-03-06,3,Late,100.4,32389.0
PO001670,2025-03-09,S04,SUP02,P04,107.2,322.6,2025-03-11,2025-03-10,1,Early,107.2,34582.7
PO001671,2025-03-16,S04,SUP02,P04,107.8,322.6,2025-03-18,2025-03-18,2,On-time,107.8,34776.3
PO001672,2025-03-23,S04,SUP02,P04,112.9,322.6,2025-03-25,2025-03-28,5,Late,102.9,36421.5
PO001673,2025-03-30,S04,SUP02,P04,110.3,322.6,2025-04-01,2025-04-02,3,Late,110.3,35582.8
PO001674,2025-04-05,S04,SUP02,P04,115.2,323.8,2025-04-07,2025-04-07,2,On-time,115.2,37301.8
PO001675,2025-04-14,S04,SUP02,P04,100.9,323.8,2025-04-16,2025-04-16,2,On-time,100.9,32671.4
PO001676,2025-04-22,S04,SUP02,P04,97.4,323.8,2025-04-24,2025-04-25,3,Late,97.4,31538.1
PO001677,2025-04-30,S04,SUP02,P04,91.1,323.8,2025-05-02,2025-05-02,2,On-time,91.1,29498.2
PO001678,2025-05-07,S04,SUP02,P04,90.0,325.1,2025-05-09,2025-05-09,2,On-time,90.0,29259.0
PO001679,2025-05-14,S04,SUP02,P04,88.2,325.1,2025-05-16,2025-05-16,2,On-time,88.2,28673.8
PO001680,2025-05-21,S04,SUP02,P04,89.6,325.1,2025-05-23,2025-05-22,1,Early,89.6,29129.0
PO001681,2025-05-28,S04,SUP02,P04,87.6,325.1,2025-05-30,2025-05-30,2,On-time,87.6,28478.8
PO001682,2025-06-05,S04,SUP02,P04,86.3,326.4,2025-06-07,2025-06-07,2,On-time,86.3,28168.3
PO001683,2025-06-09,S04,SUP02,P04,103.0,326.4,2025-06-11,2025-06-11,2,On-time,103.0,33619.2
PO001684,2025-06-17,S04,SUP02,P04,93.6,326.4,2025-06-19,2025-06-22,5,Late,80.0,30551.0
PO001685,2025-06-23,S04,SUP02,P04,96.3,326.4,2025-06-25,2025-06-25,2,On-time,96.3,31432.3
PO001686,2025-07-01,S04,SUP02,P04,92.3,327.7,2025-07-03,2025-07-07,6,Late,68.8,30246.7
PO001687,2025-07-08,S04,SUP02,P04,90.7,327.7,2025-07-10,2025-07-09,1,Early,90.7,29722.4
PO001688,2025-07-15,S04,SUP02,P04,90.2,327.7,2025-07-17,2025-07-16,1,Early,90.2,29558.5
PO001689,2025-07-21,S04,SUP02,P04,93.6,327.7,2025-07-23,2025-07-28,7,Late,70.6,30672.7
PO001690,2025-07-29,S04,SUP02,P04,90.4,327.7,2025-07-31,2025-08-02,4,Late,65.5,29624.1
PO001691,2025-08-03,S04,SUP02,P04,92.3,329.0,2025-08-05,2025-08-05,2,On-time,92.3,30366.7
PO001692,2025-08-10,S04,SUP02,P04,93.3,329.0,2025-08-12,2025-08-13,3,Late,93.3,30695.7
PO001693,2025-08-17,S04,SUP02,P04,98.1,329.0,2025-08-19,2025-08-18,1,Early,98.1,32274.9
PO001694,2025-08-24,S04,SUP02,P04,93.6,329.0,2025-08-26,2025-08-26,2,On-time,93.6,30794.4
PO001695,2025-08-31,S04,SUP02,P04,93.6,329.0,2025-09-02,2025-09-02,2,On-time,93.6,30794.4
PO001696,2025-09-08,S04,SUP02,P04,90.6,330.2,2025-09-10,2025-09-14,6,Late,63.5,29916.1
PO001697,2025-09-14,S04,SUP02,P04,89.5,330.2,2025-09-16,2025-09-16,2,On-time,89.5,29552.9
PO001698,2025-09-22,S04,SUP02,P04,87.5,330.2,2025-09-24,2025-09-24,2,On-time,87.5,28892.5
PO001699,2025-09-28,S04,SUP02,P04,92.2,330.2,2025-09-30,2025-09-30,2,On-time,92.2,30444.4
PO001700,2025-10-05,S04,SUP02,P04,91.6,331.5,2025-10-07,2025-10-07,2,On-time,91.6,30365.4
PO001701,2025-10-12,S04,SUP02,P04,90.8,331.5,2025-10-14,2025-10-13,1,Early,90.8,30100.2
PO001702,2025-10-19,S04,SUP02,P04,94.5,331.5,2025-10-21,2025-10-20,1,Early,94.5,31326.8
PO001703,2025-10-26,S04,SUP02,P04,91.8,331.5,2025-10-28,2025-10-28,2,On-time,91.8,30431.7
PO001704,2025-11-02,S04,SUP02,P04,99.1,332.8,2025-11-04,2025-11-05,3,Late,99.1,32980.5
PO001705,2025-11-08,S04,SUP02,P04,101.2,332.8,2025-11-10,2025-11-10,2,On-time,101.2,33679.4
PO001706,2025-11-15,S04,SUP02,P04,107.9,332.8,2025-11-17,2025-11-18,3,Late,107.9,35909.1
PO001707,2025-11-21,S04,SUP02,P04,107.7,332.8,2025-11-23,2025-11-23,2,On-time,107.7,35842.6
PO001708,2025-11-29,S04,SUP02,P04,106.2,332.8,2025-12-01,2025-12-01,2,On-time,106.2,35343.4
PO001709,2025-12-05,S04,SUP02,P04,108.0,334.1,2025-12-07,2025-12-07,2,On-time,108.0,36082.8
PO001710,2025-12-12,S04,SUP02,P04,107.0,334.1,2025-12-14,2025-12-13,1,Early,107.0,35748.7
PO001711,2025-12-20,S04,SUP02,P04,104.2,334.1,2025-12-22,2025-12-21,1,Early,104.2,34813.2
PO001712,2025-12-27,S04,SUP02,P04,107.1,334.1,2025-12-29,2025-12-29,2,On-time,107.1,35782.1
PO001713,2025-01-01,S04,SUP02,P05,100.2,210.0,2025-01-03,2025-01-03,2,On-time,100.2,21042.0
PO001714,2025-01-04,S04,SUP02,P05,105.2,210.0,2025-01-06,2025-01-09,5,Late,96.6,22092.0
PO001715,2025-01-09,S04,SUP02,P05,103.6,210.0,2025-01-11,2025-01-12,3,Late,103.6,21756.0
PO001716,2025-01-13,S04,SUP02,P05,109.2,210.0,2025-01-15,2025-01-19,6,Late,77.5,22932.0
PO001717,2025-01-19,S04,SUP02,P05,107.7,210.0,2025-01-21,2025-01-24,5,Late,83.4,22617.0
PO001718,2025-01-24,S04,SUP02,P05,102.6,210.0,2025-01-26,2025-01-26,2,On-time,102.6,21546.0
PO001719,2025-01-28,S04,SUP02,P05,104.0,210.0,2025-01-30,2025-01-29,1,Early,104.0,21840.0
PO001720,2025-02-01,S04,SUP02,P05,108.8,210.8,2025-02-03,2025-02-03,2,On-time,108.8,22935.0
PO001721,2025-02-05,S04,SUP02,P05,106.8,210.8,2025-02-07,2025-02-07,2,On-time,106.8,22513.4
PO001722,2025-02-09,S04,SUP02,P05,109.7,210.8,2025-02-11,2025-02-14,5,Late,96.8,23124.8
PO001723,2025-02-14,S04,SUP02,P05,107.2,210.8,2025-02-16,2025-02-16,2,On-time,107.2,22597.8
PO001724,2025-02-18,S04,SUP02,P05,108.7,210.8,2025-02-20,2025-02-20,2,On-time,108.7,22914.0
PO001725,2025-02-22,S04,SUP02,P05,109.4,210.8,2025-02-24,2025-02-27,5,Late,78.2,23061.5
PO001726,2025-02-27,S04,SUP02,P05,106.9,210.8,2025-03-01,2025-03-01,2,On-time,106.9,22534.5
PO001727,2025-03-02,S04,SUP02,P05,113.0,211.7,2025-03-04,2025-03-07,5,Late,103.7,23922.1
PO001728,2025-03-07,S04,SUP02,P05,117.5,211.7,2025-03-09,2025-03-08,1,Early,117.5,24874.8
PO001729,2025-03-10,S04,SUP02,P05,124.2,211.7,2025-03-12,2025-03-13,3,Late,124.2,26293.1
PO001730,2025-03-15,S04,SUP02,P05,122.1,211.7,2025-03-17,2025-03-17,2,On-time,122.1,25848.6
PO001731,2025-03-19,S04,SUP02,P05,122.6,211.7,2025-03-21,2025-03-20,1,Early,122.6,25954.4
PO001732,2025-03-23,S04,SUP02,P05,126.0,211.7,2025-03-25,2025-03-26,3,Late,126.0,26674.2
PO001733,2025-03-28,S04,SUP02,P05,123.5,211.7,2025-03-30,2025-03-29,1,Early,123.5,26144.9
PO001734,2025-03-31,S04,SUP02,P05,128.1,211.7,2025-04-02,2025-04-03,3,Late,128.1,27118.8
PO001735,2025-04-04,S04,SUP02,P05,129.9,212.5,2025-04-06,2025-04-06,2,On-time,129.9,27603.8
PO001736,2025-04-10,S04,SUP02,P05,115.4,212.5,2025-04-12,2025-04-12,2,On-time,115.4,24522.5
PO001737,2025-04-14,S04,SUP02,P05,115.1,212.5,2025-04-16,2025-04-17,3,Late,115.1,24458.8
PO001738,2025-04-19,S04,SUP02,P05,114.5,212.5,2025-04-21,2025-04-21,2,On-time,114.5,24331.2
PO001739,2025-04-23,S04,SUP02,P05,112.3,212.5,2025-04-25,2025-04-26,3,Late,112.3,23863.8
PO001740,2025-04-27,S04,SUP02,P05,112.4,212.5,2025-04-29,2025-04-28,1,Early,112.4,23885.0
PO001741,2025-05-02,S04,SUP02,P05,109.3,213.4,2025-05-04,2025-05-04,2,On-time,109.3,23324.6
PO001742,2025-05-06,S04,SUP02,P05,109.5,213.4,2025-05-08,2025-05-08,2,On-time,109.5,23367.3
PO001743,2025-05-10,S04,SUP02,P05,114.6,213.4,2025-05-12,2025-05-13,3,Late,114.6,24455.6
PO001744,2025-05-14,S04,SUP02,P05,113.1,213.4,2025-05-16,2025-05-15,1,Early,113.1,24135.5
PO001745,2025-05-18,S04,SUP02,P05,117.3,213.4,2025-05-20,2025-05-21,3,Late,117.3,25031.8
PO001746,2025-05-23,S04,SUP02,P05,111.7,213.4,2025-05-25,2025-05-25,2,On-time,111.7,23836.8
PO001747,2025-05-26,S04,SUP02,P05,114.4,213.4,2025-05-28,2025-05-31,5,Late,103.0,24413.0
PO001748,2025-05-31,S04,SUP02,P05,114.4,213.4,2025-06-02,2025-06-01,1,Early,114.4,24413.0
PO001749,2025-06-05,S04,SUP02,P05,112.5,214.2,2025-06-07,2025-06-10,5,Late,101.1,24097.5
PO001750,2025-06-10,S04,SUP02,P05,124.7,214.2,2025-06-12,2025-06-12,2,On-time,124.7,26710.7
PO001751,2025-06-15,S04,SUP02,P05,124.4,214.2,2025-06-17,2025-06-17,2,On-time,124.4,26646.5
PO001752,2025-06-19,S04,SUP02,P05,119.3,214.2,2025-06-21,2025-06-20,1,Early,119.3,25554.1
PO001753,2025-06-24,S04,SUP02,P05,116.6,214.2,2025-06-26,2025-06-26,2,On-time,116.6,24975.7
PO001754,2025-06-28,S04,SUP02,P05,118.3,214.2,2025-06-30,2025-06-29,1,Early,118.3,25339.9
PO001755,2025-07-02,S04,SUP02,P05,114.7,215.0,2025-07-04,2025-07-04,2,On-time,114.7,24660.5
PO001756,2025-07-06,S04,SUP02,P05,116.1,215.0,2025-07-08,2025-07-09,3,Late,116.1,24961.5
PO001757,2025-07-11,S04,SUP02,P05,111.7,215.0,2025-07-13,2025-07-17,6,Late,90.1,24015.5
PO001758,2025-07-17,S04,SUP02,P05,109.2,215.0,2025-07-19,2025-07-20,3,Late,109.2,23478.0
PO001759,2025-07-21,S04,SUP02,P05,113.8,215.0,2025-07-23,2025-07-23,2,On-time,113.8,24467.0
PO001760,2025-07-25,S04,SUP02,P05,116.0,215.0,2025-07-27,2025-07-27,2,On-time,116.0,24940.0
PO001761,2025-07-29,S04,SUP02,P05,113.5,215.0,2025-07-31,2025-07-31,2,On-time,113.5,24402.5
PO001762,2025-08-02,S04,SUP02,P05,115.5,215.9,2025-08-04,2025-08-04,2,On-time,115.5,24936.5
PO001763,2025-08-06,S04,SUP02,P05,114.6,215.9,2025-08-08,2025-08-09,3,Late,114.6,24742.1
PO001764,2025-08-10,S04,SUP02,P05,117.1,215.9,2025-08-12,2025-08-12,2,On-time,117.1,25281.9
PO001765,2025-08-15,S04,SUP02,P05,116.1,215.9,2025-08-17,2025-08-17,2,On-time,116.1,25066.0
PO001766,2025-08-19,S04,SUP02,P05,115.6,215.9,2025-08-21,2025-08-24,5,Late,99.5,24958.0
PO001767,2025-08-24,S04,SUP02,P05,119.2,215.9,2025-08-26,2025-08-26,2,On-time,119.2,25735.3
PO001768,2025-08-29,S04,SUP02,P05,114.3,215.9,2025-08-31,2025-08-31,2,On-time,114.3,24677.4
PO001769,2025-09-02,S04,SUP02,P05,114.8,216.7,2025-09-04,2025-09-03,1,Early,114.8,24877.2
PO001770,2025-09-06,S04,SUP02,P05,112.6,216.7,2025-09-08,2025-09-07,1,Early,112.6,24400.4
PO001771,2025-09-10,S04,SUP02,P05,113.2,216.7,2025-09-12,2025-09-12,2,On-time,113.2,24530.4
PO001772,2025-09-14,S04,SUP02,P05,117.2,216.7,2025-09-16,2025-09-17,3,Late,117.2,25397.2
PO001773,2025-09-20,S04,SUP02,P05,110.8,216.7,2025-09-22,2025-09-22,2,On-time,110.8,24010.4
PO001774,2025-09-24,S04,SUP02,P05,109.1,216.7,2025-09-26,2025-09-26,2,On-time,109.1,23642.0
PO001775,2025-09-27,S04,SUP02,P05,113.7,216.7,2025-09-29,2025-09-29,2,On-time,113.7,24638.8
PO001776,2025-10-02,S04,SUP02,P05,115.0,217.6,2025-10-04,2025-10-04,2,On-time,115.0,25024.0
PO001777,2025-10-05,S04,SUP02,P05,118.6,217.6,2025-10-07,2025-10-08,3,Late,118.6,25807.4
PO001778,2025-10-10,S04,SUP02,P05,111.6,217.6,2025-10-12,2025-10-13,3,Late,111.6,24284.2
PO001779,2025-10-14,S04,SUP02,P05,114.1,217.6,2025-10-16,2025-10-16,2,On-time,114.1,24828.2
PO001780,2025-10-18,S04,SUP02,P05,113.7,217.6,2025-10-20,2025-10-20,2,On-time,113.7,24741.1
PO001781,2025-10-23,S04,SUP02,P05,112.5,217.6,2025-10-25,2025-10-25,2,On-time,112.5,24480.0
PO001782,2025-10-26,S04,SUP02,P05,116.0,217.6,2025-10-28,2025-10-28,2,On-time,116.0,25241.6
PO001783,2025-10-31,S04,SUP02,P05,115.7,217.6,2025-11-02,2025-11-02,2,On-time,115.7,25176.3
PO001784,2025-11-04,S04,SUP02,P05,114.4,218.4,2025-11-06,2025-11-05,1,Early,114.4,24985.0
PO001785,2025-11-08,S04,SUP02,P05,116.5,218.4,2025-11-10,2025-11-10,2,On-time,116.5,25443.6
PO001786,2025-11-13,S04,SUP02,P05,113.8,218.4,2025-11-15,2025-11-15,2,On-time,113.8,24853.9
PO001787,2025-11-16,S04,SUP02,P05,122.2,218.4,2025-11-18,2025-11-20,4,Late,122.2,26688.5
PO001788,2025-11-21,S04,SUP02,P05,115.1,218.4,2025-11-23,2025-11-24,3,Late,115.1,25137.8
PO001789,2025-11-26,S04,SUP02,P05,110.5,218.4,2025-11-28,2025-12-01,5,Late,89.7,24133.2
PO001790,2025-12-01,S04,SUP02,P05,111.2,219.2,2025-12-03,2025-12-06,5,Late,90.8,24375.0
PO001791,2025-12-06,S04,SUP02,P05,113.1,219.2,2025-12-08,2025-12-08,2,On-time,113.1,24791.5
PO001792,2025-12-10,S04,SUP02,P05,110.3,219.2,2025-12-12,2025-12-12,2,On-time,110.3,24177.8
PO001793,2025-12-14,S04,SUP02,P05,115.2,219.2,2025-12-16,2025-12-16,2,On-time,115.2,25251.8
PO001794,2025-12-18,S04,SUP02,P05,116.8,219.2,2025-12-20,2025-12-21,3,Late,116.8,25602.6
PO001795,2025-12-22,S04,SUP02,P05,117.8,219.2,2025-12-24,2025-12-23,1,Early,117.8,25821.8
PO001796,2025-12-27,S04,SUP02,P05,116.5,219.2,2025-12-29,2025-12-30,3,Late,116.5,25536.8
PO001797,2025-12-31,S04,SUP02,P05,110.9,219.2,2026-01-02,2026-01-03,3,Late,110.9,24309.3
PO001798,2025-01-01,S04,SUP04,P06,25.6,900.0,2025-01-06,2025-01-06,5,On-time,25.6,23040.0
PO001799,2025-01-19,S04,SUP04,P06,28.0,900.0,2025-01-24,2025-01-25,6,Late,28.0,25200.0
PO001800,2025-02-10,S04,SUP04,P06,28.5,903.6,2025-02-15,2025-02-15,5,On-time,28.5,25752.6
PO001801,2025-03-05,S04,SUP04,P06,29.3,907.2,2025-03-10,2025-03-11,6,Late,29.3,26581.0
PO001802,2025-03-22,S04,SUP04,P06,34.8,907.2,2025-03-27,2025-03-26,4,Early,34.8,31570.6
PO001803,2025-04-19,S04,SUP04,P06,30.0,910.8,2025-04-24,2025-04-25,6,Late,30.0,27324.0
PO001804,2025-05-14,S04,SUP04,P06,28.2,914.4,2025-05-19,2025-05-24,10,Late,20.1,25786.1
PO001805,2025-05-28,S04,SUP04,P06,30.2,914.4,2025-06-02,2025-06-05,8,Late,22.9,27614.9
PO001806,2025-06-14,S04,SUP04,P06,31.8,918.0,2025-06-19,2025-06-19,5,On-time,31.8,29192.4
PO001807,2025-07-09,S04,SUP04,P06,29.3,921.6,2025-07-14,2025-07-14,5,On-time,29.3,27002.9
PO001808,2025-08-01,S04,SUP04,P06,28.7,925.2,2025-08-06,2025-08-05,4,Early,28.7,26553.2
PO001809,2025-08-23,S04,SUP04,P06,30.4,925.2,2025-08-28,2025-09-02,10,Late,22.2,28126.1
PO001810,2025-09-10,S04,SUP04,P06,28.5,928.8,2025-09-15,2025-09-15,5,On-time,28.5,26470.8
PO001811,2025-10-02,S04,SUP04,P06,29.3,932.4,2025-10-07,2025-10-07,5,On-time,29.3,27319.3
PO001812,2025-10-24,S04,SUP04,P06,29.0,932.4,2025-10-29,2025-10-28,4,Early,29.0,27039.6
PO001813,2025-11-15,S04,SUP04,P06,30.2,936.0,2025-11-20,2025-11-20,5,On-time,30.2,28267.2
PO001814,2025-12-08,S04,SUP04,P06,29.5,939.6,2025-12-13,2025-12-14,6,Late,29.5,27718.2
PO001815,2025-12-31,S04,SUP04,P06,29.0,939.6,2026-01-05,2026-01-05,5,On-time,29.0,27248.4
PO001816,2025-01-01,S04,SUP06,P07,135.6,1450.0,2025-01-07,2025-01-07,6,On-time,135.6,196620.0
PO001817,2025-01-13,S04,SUP06,P07,170.1,1450.0,2025-01-19,2025-01-19,6,On-time,170.1,246645.0
PO001818,2025-02-05,S04,SUP06,P07,169.7,1455.8,2025-02-11,2025-02-13,8,Late,129.3,247049.3
PO001819,2025-02-16,S04,SUP06,P07,209.6,1455.8,2025-02-22,2025-02-22,6,On-time,209.6,305135.7
PO001820,2025-03-15,S04,SUP06,P07,188.2,1461.6,2025-03-21,2025-03-21,6,On-time,188.2,275073.1
PO001821,2025-04-05,S04,SUP06,P07,193.0,1467.4,2025-04-11,2025-04-11,6,On-time,193.0,283208.2
PO001822,2025-05-11,S04,SUP06,P07,142.7,1473.2,2025-05-17,2025-05-17,6,On-time,142.7,210225.6
PO001823,2025-06-02,S04,SUP06,P07,145.4,1479.0,2025-06-08,2025-06-08,6,On-time,145.4,215046.6
PO001824,2025-06-23,S04,SUP06,P07,152.7,1479.0,2025-06-29,2025-06-28,5,Early,152.7,225843.3
PO001825,2025-07-18,S04,SUP06,P07,144.2,1484.8,2025-07-24,2025-07-24,6,On-time,144.2,214108.2
PO001826,2025-08-09,S04,SUP06,P07,148.0,1490.6,2025-08-15,2025-08-15,6,On-time,148.0,220608.8
PO001827,2025-08-31,S04,SUP06,P07,153.0,1490.6,2025-09-06,2025-09-06,6,On-time,153.0,228061.8
PO001828,2025-09-24,S04,SUP06,P07,147.8,1496.4,2025-09-30,2025-09-30,6,On-time,147.8,221167.9
PO001829,2025-10-17,S04,SUP06,P07,145.7,1502.2,2025-10-23,2025-10-23,6,On-time,145.7,218870.5
PO001830,2025-11-05,S04,SUP06,P07,169.8,1508.0,2025-11-11,2025-11-11,6,On-time,169.8,256058.4
PO001831,2025-11-25,S04,SUP06,P07,180.8,1508.0,2025-12-01,2025-11-30,5,Early,180.8,272646.4
PO001832,2025-12-19,S04,SUP06,P07,175.0,1513.8,2025-12-25,2025-12-30,11,Late,143.1,264915.0
PO001833,2025-01-01,S04,SUP06,P08,9.2,3200.0,2025-01-07,2025-01-09,8,Late,7.2,29440.0
PO001834,2025-01-11,S04,SUP06,P08,10.8,3200.0,2025-01-17,2025-01-20,9,Late,9.4,34560.0
PO001835,2025-01-30,S04,SUP06,P08,11.6,3200.0,2025-02-05,2025-02-05,6,On-time,11.6,37120.0
PO001836,2025-02-22,S04,SUP06,P08,11.8,3212.8,2025-02-28,2025-03-02,8,Late,9.8,37911.0
PO001837,2025-03-15,S04,SUP06,P08,11.3,3225.6,2025-03-21,2025-03-22,7,Late,11.3,36449.3
PO001838,2025-04-05,S04,SUP06,P08,12.4,3238.4,2025-04-11,2025-04-12,7,Late,12.4,40156.2
PO001839,2025-05-08,S04,SUP06,P08,10.2,3251.2,2025-05-14,2025-05-14,6,On-time,10.2,33162.2
PO001840,2025-06-01,S04,SUP06,P08,10.2,3264.0,2025-06-07,2025-06-06,5,Early,10.2,33292.8
PO001841,2025-06-25,S04,SUP06,P08,9.9,3264.0,2025-07-01,2025-07-03,8,Late,7.7,32313.6
PO001842,2025-07-13,S04,SUP06,P08,10.0,3276.8,2025-07-19,2025-07-19,6,On-time,10.0,32768.0
PO001843,2025-08-04,S04,SUP06,P08,10.7,3289.6,2025-08-10,2025-08-11,7,Late,10.7,35198.7
PO001844,2025-08-31,S04,SUP06,P08,10.4,3289.6,2025-09-06,2025-09-06,6,On-time,10.4,34211.8
PO001845,2025-09-22,S04,SUP06,P08,10.6,3302.4,2025-09-28,2025-10-02,10,Late,8.5,35005.4
PO001846,2025-10-11,S04,SUP06,P08,10.7,3315.2,2025-10-17,2025-10-17,6,On-time,10.7,35472.6
PO001847,2025-11-04,S04,SUP06,P08,10.9,3328.0,2025-11-10,2025-11-11,7,Late,10.9,36275.2
PO001848,2025-11-23,S04,SUP06,P08,12.5,3328.0,2025-11-29,2025-11-30,7,Late,12.5,41600.0
PO001849,2025-12-17,S04,SUP06,P08,12.6,3340.8,2025-12-23,2025-12-24,7,Late,12.6,42094.1
PO001850,2025-01-01,S04,SUP04,P09,31.2,350.0,2025-01-06,2025-01-07,6,Late,31.2,10920.0
PO001851,2025-01-18,S04,SUP04,P09,34.7,350.0,2025-01-23,2025-01-22,4,Early,34.7,12145.0
PO001852,2025-02-08,S04,SUP04,P09,35.2,351.4,2025-02-13,2025-02-13,5,On-time,35.2,12369.3
PO001853,2025-03-01,S04,SUP04,P09,36.3,352.8,2025-03-06,2025-03-06,5,On-time,36.3,12806.6
PO001854,2025-03-21,S04,SUP04,P09,38.4,352.8,2025-03-26,2025-03-26,5,On-time,38.4,13547.5
PO001855,2025-04-11,S04,SUP04,P09,38.9,354.2,2025-04-16,2025-04-15,4,Early,38.9,13778.4
PO001856,2025-05-06,S04,SUP04,P09,35.3,355.6,2025-05-11,2025-05-11,5,On-time,35.3,12552.7
PO001857,2025-05-29,S04,SUP04,P09,34.7,355.6,2025-06-03,2025-06-06,8,Late,24.7,12339.3
PO001858,2025-06-10,S04,SUP04,P09,38.5,357.0,2025-06-15,2025-06-20,10,Late,31.3,13744.5
PO001859,2025-07-01,S04,SUP04,P09,35.5,358.4,2025-07-06,2025-07-07,6,Late,35.5,12723.2
PO001860,2025-07-22,S04,SUP04,P09,37.3,358.4,2025-07-27,2025-07-26,4,Early,37.3,13368.3
PO001861,2025-08-13,S04,SUP04,P09,36.6,359.8,2025-08-18,2025-08-22,9,Late,32.1,13168.7
PO001862,2025-08-31,S04,SUP04,P09,38.1,359.8,2025-09-05,2025-09-06,6,Late,38.1,13708.4
PO001863,2025-09-23,S04,SUP04,P09,36.6,361.2,2025-09-28,2025-09-29,6,Late,36.6,13219.9
PO001864,2025-10-16,S04,SUP04,P09,34.8,362.6,2025-10-21,2025-10-21,5,On-time,34.8,12618.5
PO001865,2025-11-07,S04,SUP04,P09,34.3,364.0,2025-11-12,2025-11-12,5,On-time,34.3,12485.2
PO001866,2025-11-27,S04,SUP04,P09,36.8,364.0,2025-12-02,2025-12-03,6,Late,36.8,13395.2
PO001867,2025-12-18,S04,SUP04,P09,36.5,365.4,2025-12-23,2025-12-22,4,Early,36.5,13337.1
PO001868,2025-01-01,S04,SUP01,P10,17.2,90.0,2025-01-04,2025-01-05,4,Late,17.2,1548.0
PO001869,2025-01-18,S04,SUP01,P10,19.2,90.0,2025-01-21,2025-01-22,4,Late,19.2,1728.0
PO001870,2025-02-10,S04,SUP01,P10,19.5,90.4,2025-02-13,2025-02-13,3,On-time,19.5,1762.8
PO001871,2025-03-04,S04,SUP01,P10,19.4,90.7,2025-03-07,2025-03-07,3,On-time,19.4,1759.6
PO001872,2025-03-26,S04,SUP01,P10,20.0,90.7,2025-03-29,2025-03-29,3,On-time,20.0,1814.0
PO001873,2025-04-17,S04,SUP01,P10,19.5,91.1,2025-04-20,2025-04-20,3,On-time,19.5,1776.4
PO001874,2025-05-10,S04,SUP01,P10,19.6,91.4,2025-05-13,2025-05-13,3,On-time,19.6,1791.4
PO001875,2025-06-01,S04,SUP01,P10,20.7,91.8,2025-06-04,2025-06-04,3,On-time,20.7,1900.3
PO001876,2025-06-26,S04,SUP01,P10,18.5,91.8,2025-06-29,2025-06-30,4,Late,18.5,1698.3
PO001877,2025-07-18,S04,SUP01,P10,18.7,92.2,2025-07-21,2025-07-21,3,On-time,18.7,1724.1
PO001878,2025-08-09,S04,SUP01,P10,19.2,92.5,2025-08-12,2025-08-13,4,Late,19.2,1776.0
PO001879,2025-08-31,S04,SUP01,P10,19.7,92.5,2025-09-03,2025-09-03,3,On-time,19.7,1822.2
PO001880,2025-09-21,S04,SUP01,P10,20.9,92.9,2025-09-24,2025-09-24,3,On-time,20.9,1941.6
PO001881,2025-10-16,S04,SUP01,P10,19.8,93.2,2025-10-19,2025-10-19,3,On-time,19.8,1845.4
PO001882,2025-11-08,S04,SUP01,P10,19.9,93.6,2025-11-11,2025-11-11,3,On-time,19.9,1862.6
PO001883,2025-11-30,S04,SUP01,P10,20.0,93.6,2025-12-03,2025-12-03,3,On-time,20.0,1872.0
PO001884,2025-12-21,S04,SUP01,P10,21.2,94.0,2025-12-24,2025-12-24,3,On-time,21.2,1992.8
PO001885,2025-01-01,S04,SUP02,P11,27.2,1100.0,2025-01-03,2025-01-04,3,Late,27.2,29920.0
PO001886,2025-01-05,S04,SUP02,P11,31.4,1100.0,2025-01-07,2025-01-06,1,Early,31.4,34540.0
PO001887,2025-01-11,S04,SUP02,P11,32.7,1100.0,2025-01-13,2025-01-14,3,Late,32.7,35970.0
PO001888,2025-01-18,S04,SUP02,P11,34.3,1100.0,2025-01-20,2025-01-20,2,On-time,34.3,37730.0
PO001889,2025-01-25,S04,SUP02,P11,34.2,1100.0,2025-01-27,2025-01-27,2,On-time,34.2,37620.0
PO001890,2025-02-01,S04,SUP02,P11,35.4,1104.4,2025-02-03,2025-02-04,3,Late,35.4,39095.8
PO001891,2025-02-07,S04,SUP02,P11,35.1,1104.4,2025-02-09,2025-02-10,3,Late,35.1,38764.4
PO001892,2025-02-13,S04,SUP02,P11,38.5,1104.4,2025-02-15,2025-02-16,3,Late,38.5,42519.4
PO001893,2025-02-19,S04,SUP02,P11,39.7,1104.4,2025-02-21,2025-02-21,2,On-time,39.7,43844.7
PO001894,2025-02-27,S04,SUP02,P11,37.1,1104.4,2025-03-01,2025-03-01,2,On-time,37.1,40973.2
PO001895,2025-03-07,S04,SUP02,P11,35.8,1108.8,2025-03-09,2025-03-08,1,Early,35.8,39695.0
PO001896,2025-03-14,S04,SUP02,P11,35.8,1108.8,2025-03-16,2025-03-16,2,On-time,35.8,39695.0
PO001897,2025-03-21,S04,SUP02,P11,35.9,1108.8,2025-03-23,2025-03-23,2,On-time,35.9,39805.9
PO001898,2025-03-27,S04,SUP02,P11,37.0,1108.8,2025-03-29,2025-03-30,3,Late,37.0,41025.6
PO001899,2025-04-01,S04,SUP02,P11,42.0,1113.2,2025-04-03,2025-04-03,2,On-time,42.0,46754.4
PO001900,2025-04-11,S04,SUP02,P11,33.6,1113.2,2025-04-13,2025-04-14,3,Late,33.6,37403.5
PO001901,2025-04-19,S04,SUP02,P11,31.0,1113.2,2025-04-21,2025-04-21,2,On-time,31.0,34509.2
PO001902,2025-04-27,S04,SUP02,P11,31.4,1113.2,2025-04-29,2025-04-29,2,On-time,31.4,34954.5
PO001903,2025-05-04,S04,SUP02,P11,31.3,1117.6,2025-05-06,2025-05-07,3,Late,31.3,34980.9
PO001904,2025-05-11,S04,SUP02,P11,29.9,1117.6,2025-05-13,2025-05-14,3,Late,29.9,33416.2
PO001905,2025-05-18,S04,SUP02,P11,30.9,1117.6,2025-05-20,2025-05-25,7,Late,24.1,34533.8
PO001906,2025-05-26,S04,SUP02,P11,30.0,1117.6,2025-05-28,2025-05-29,3,Late,30.0,33528.0
PO001907,2025-06-02,S04,SUP02,P11,30.6,1122.0,2025-06-04,2025-06-04,2,On-time,30.6,34333.2
PO001908,2025-06-08,S04,SUP02,P11,32.1,1122.0,2025-06-10,2025-06-10,2,On-time,32.1,36016.2
PO001909,2025-06-17,S04,SUP02,P11,29.8,1122.0,2025-06-19,2025-06-20,3,Late,29.8,33435.6
PO001910,2025-06-23,S04,SUP02,P11,30.5,1122.0,2025-06-25,2025-06-25,2,On-time,30.5,34221.0
PO001911,2025-06-30,S04,SUP02,P11,30.6,1122.0,2025-07-02,2025-07-02,2,On-time,30.6,34333.2
PO001912,2025-07-08,S04,SUP02,P11,29.6,1126.4,2025-07-10,2025-07-10,2,On-time,29.6,33341.4
PO001913,2025-07-14,S04,SUP02,P11,30.1,1126.4,2025-07-16,2025-07-16,2,On-time,30.1,33904.6
PO001914,2025-07-21,S04,SUP02,P11,30.2,1126.4,2025-07-23,2025-07-24,3,Late,30.2,34017.3
PO001915,2025-07-29,S04,SUP02,P11,29.6,1126.4,2025-07-31,2025-07-31,2,On-time,29.6,33341.4
PO001916,2025-08-05,S04,SUP02,P11,28.9,1130.8,2025-08-07,2025-08-07,2,On-time,28.9,32680.1
PO001917,2025-08-11,S04,SUP02,P11,30.2,1130.8,2025-08-13,2025-08-17,6,Late,22.3,34150.2
PO001918,2025-08-17,S04,SUP02,P11,31.6,1130.8,2025-08-19,2025-08-23,6,Late,24.5,35733.3
PO001919,2025-08-24,S04,SUP02,P11,29.7,1130.8,2025-08-26,2025-08-26,2,On-time,29.7,33584.8
PO001920,2025-08-31,S04,SUP02,P11,31.1,1130.8,2025-09-02,2025-09-01,1,Early,31.1,35167.9
PO001921,2025-09-07,S04,SUP02,P11,30.3,1135.2,2025-09-09,2025-09-09,2,On-time,30.3,34396.6
PO001922,2025-09-14,S04,SUP02,P11,31.2,1135.2,2025-09-16,2025-09-16,2,On-time,31.2,35418.2
PO001923,2025-09-21,S04,SUP02,P11,30.8,1135.2,2025-09-23,2025-09-24,3,Late,30.8,34964.2
PO001924,2025-09-28,S04,SUP02,P11,31.0,1135.2,2025-09-30,2025-09-29,1,Early,31.0,35191.2
PO001925,2025-10-05,S04,SUP02,P11,31.5,1139.6,2025-10-07,2025-10-07,2,On-time,31.5,35897.4
PO001926,2025-10-12,S04,SUP02,P11,31.7,1139.6,2025-10-14,2025-10-17,5,Late,29.3,36125.3
PO001927,2025-10-19,S04,SUP02,P11,30.9,1139.6,2025-10-21,2025-10-21,2,On-time,30.9,35213.6
PO001928,2025-10-26,S04,SUP02,P11,31.7,1139.6,2025-10-28,2025-10-28,2,On-time,31.7,36125.3
PO001929,2025-11-02,S04,SUP02,P11,33.0,1144.0,2025-11-04,2025-11-03,1,Early,33.0,37752.0
PO001930,2025-11-08,S04,SUP02,P11,35.3,1144.0,2025-11-10,2025-11-13,5,Late,28.3,40383.2
PO001931,2025-11-14,S04,SUP02,P11,37.6,1144.0,2025-11-16,2025-11-19,5,Late,26.4,43014.4
PO001932,2025-11-19,S04,SUP02,P11,38.1,1144.0,2025-11-21,2025-11-21,2,On-time,38.1,43586.4
PO001933,2025-11-26,S04,SUP02,P11,38.0,1144.0,2025-11-28,2025-11-28,2,On-time,38.0,43472.0
PO001934,2025-12-03,S04,SUP02,P11,38.6,1148.4,2025-12-05,2025-12-04,1,Early,38.6,44328.2
PO001935,2025-12-10,S04,SUP02,P11,37.9,1148.4,2025-12-12,2025-12-12,2,On-time,37.9,43524.4
PO001936,2025-12-17,S04,SUP02,P11,37.7,1148.4,2025-12-19,2025-12-18,1,Early,37.7,43294.7
PO001937,2025-12-24,S04,SUP02,P11,39.0,1148.4,2025-12-26,2025-12-26,2,On-time,39.0,44787.6
PO001938,2025-12-31,S04,SUP02,P11,38.5,1148.4,2026-01-02,2026-01-02,2,On-time,38.5,44213.4
PO001939,2025-01-01,S04,SUP05,P12,8.6,520.0,2025-01-02,2025-01-03,2,Late,8.6,4472.0
PO001940,2025-01-03,S04,SUP05,P12,8.6,520.0,2025-01-04,2025-01-05,2,Late,8.6,4472.0
PO001941,2025-01-05,S04,SUP05,P12,9.3,520.0,2025-01-06,2025-01-06,1,On-time,9.3,4836.0
PO001942,2025-01-09,S04,SUP05,P12,9.0,520.0,2025-01-10,2025-01-13,4,Late,8.1,4680.0
PO001943,2025-01-13,S04,SUP05,P12,9.0,520.0,2025-01-14,2025-01-14,1,On-time,9.0,4680.0
PO001944,2025-01-17,S04,SUP05,P12,8.9,520.0,2025-01-18,2025-01-18,1,On-time,8.9,4628.0
PO001945,2025-01-19,S04,SUP05,P12,9.4,520.0,2025-01-20,2025-01-21,2,Late,9.4,4888.0
PO001946,2025-01-22,S04,SUP05,P12,9.1,520.0,2025-01-23,2025-01-23,1,On-time,9.1,4732.0
PO001947,2025-01-25,S04,SUP05,P12,9.3,520.0,2025-01-26,2025-01-26,1,On-time,9.3,4836.0
PO001948,2025-01-28,S04,SUP05,P12,9.3,520.0,2025-01-29,2025-01-30,2,Late,9.3,4836.0
PO001949,2025-02-01,S04,SUP05,P12,9.0,520.0,2025-02-02,2025-02-02,1,On-time,9.0,4680.0
PO001950,2025-02-03,S04,SUP05,P12,9.0,520.0,2025-02-04,2025-02-05,2,Late,9.0,4680.0
PO001951,2025-02-07,S04,SUP05,P12,8.7,520.0,2025-02-08,2025-02-08,1,On-time,8.7,4524.0
PO001952,2025-02-09,S04,SUP05,P12,9.0,520.0,2025-02-10,2025-02-15,6,Late,6.6,4680.0
PO001953,2025-02-15,S04,SUP05,P12,11.2,520.0,2025-02-16,2025-02-16,1,On-time,11.2,5824.0
PO001954,2025-02-17,S04,SUP05,P12,10.9,520.0,2025-02-18,2025-02-22,5,Late,8.7,5668.0
PO001955,2025-02-22,S04,SUP05,P12,10.3,520.0,2025-02-23,2025-02-23,1,On-time,10.3,5356.0
PO001956,2025-02-25,S04,SUP05,P12,10.1,520.0,2025-02-26,2025-02-26,1,On-time,10.1,5252.0
PO001957,2025-03-01,S04,SUP05,P12,9.9,520.0,2025-03-02,2025-03-03,2,Late,9.9,5148.0
PO001958,2025-03-03,S04,SUP05,P12,10.3,520.0,2025-03-04,2025-03-09,6,Late,9.4,5356.0
PO001959,2025-03-09,S04,SUP05,P12,10.6,520.0,2025-03-10,2025-03-10,1,On-time,10.6,5512.0
PO001960,2025-03-13,S04,SUP05,P12,10.2,520.0,2025-03-14,2025-03-15,2,Late,10.2,5304.0
PO001961,2025-03-15,S04,SUP05,P12,10.7,520.0,2025-03-16,2025-03-16,1,On-time,10.7,5564.0
PO001962,2025-03-18,S04,SUP05,P12,10.7,520.0,2025-03-19,2025-03-19,1,On-time,10.7,5564.0
PO001963,2025-03-21,S04,SUP05,P12,10.9,520.0,2025-03-22,2025-03-27,6,Late,8.3,5668.0
PO001964,2025-03-27,S04,SUP05,P12,11.6,520.0,2025-03-28,2025-03-28,1,On-time,11.6,6032.0
PO001965,2025-03-30,S04,SUP05,P12,12.0,520.0,2025-03-31,2025-04-03,4,Late,9.2,6240.0
PO001966,2025-04-03,S04,SUP05,P12,6.5,812.5,2025-04-04,2025-04-05,2,Late,6.5,5281.2
PO001967,2025-04-05,S04,SUP05,P12,6.4,812.5,2025-04-06,2025-04-10,5,Late,5.4,5200.0
PO001968,2025-04-10,S04,SUP05,P12,5.9,812.5,2025-04-11,2025-04-12,2,Late,5.9,4793.8
PO001969,2025-04-12,S04,SUP05,P12,5.8,812.5,2025-04-13,2025-04-14,2,Late,5.8,4712.5
PO001970,2025-04-14,S04,SUP05,P12,5.7,812.5,2025-04-15,2025-04-15,1,On-time,5.7,4631.2
PO001971,2025-04-15,S04,SUP05,P12,5.6,812.5,2025-04-16,2025-04-16,1,On-time,5.6,4550.0
PO001972,2025-04-17,S04,SUP05,P12,5.4,812.5,2025-04-18,2025-04-18,1,On-time,5.4,4387.5
PO001973,2025-04-19,S04,SUP05,P12,5.5,812.5,2025-04-20,2025-04-25,6,Late,3.9,4468.8
PO001974,2025-04-25,S04,SUP05,P12,5.2,812.5,2025-04-26,2025-04-26,1,On-time,5.2,4225.0
PO001975,2025-04-26,S04,SUP05,P12,5.4,812.5,2025-04-27,2025-04-27,1,On-time,5.4,4387.5
PO001976,2025-04-27,S04,SUP05,P12,5.6,812.5,2025-04-28,2025-04-28,1,On-time,5.6,4550.0
PO001977,2025-04-28,S04,SUP05,P12,5.6,812.5,2025-04-29,2025-04-30,2,Late,5.6,4550.0
PO001978,2025-04-30,S04,SUP05,P12,5.3,812.5,2025-05-01,2025-05-05,5,Late,3.9,4306.2
PO001979,2025-05-05,S04,SUP05,P12,5.5,812.5,2025-05-06,2025-05-06,1,On-time,5.5,4468.8
PO001980,2025-05-06,S04,SUP05,P12,5.4,812.5,2025-05-07,2025-05-07,1,On-time,5.4,4387.5
PO001981,2025-05-08,S04,SUP05,P12,5.3,812.5,2025-05-09,2025-05-10,2,Late,5.3,4306.2
PO001982,2025-05-10,S04,SUP05,P12,5.4,812.5,2025-05-11,2025-05-11,1,On-time,5.4,4387.5
PO001983,2025-05-11,S04,SUP05,P12,5.4,812.5,2025-05-12,2025-05-13,2,Late,5.4,4387.5
PO001984,2025-05-13,S04,SUP05,P12,5.2,812.5,2025-05-14,2025-05-17,4,Late,4.7,4225.0
PO001985,2025-05-17,S04,SUP05,P12,5.1,812.5,2025-05-18,2025-05-18,1,On-time,5.1,4143.8
PO001986,2025-05-18,S04,SUP05,P12,5.2,812.5,2025-05-19,2025-05-23,5,Late,3.8,4225.0
PO001987,2025-05-23,S04,SUP05,P12,5.0,812.5,2025-05-24,2025-05-24,1,On-time,5.0,4062.5
PO001988,2025-05-24,S04,SUP05,P12,5.3,812.5,2025-05-25,2025-05-25,1,On-time,5.3,4306.2
PO001989,2025-05-25,S04,SUP05,P12,5.3,812.5,2025-05-26,2025-05-28,3,Late,4.8,4306.2
PO001990,2025-05-28,S04,SUP05,P12,5.0,812.5,2025-05-29,2025-05-30,2,Late,5.0,4062.5
PO001991,2025-05-30,S04,SUP05,P12,5.1,812.5,2025-05-31,2025-06-04,5,Late,3.6,4143.8
PO001992,2025-06-04,S04,SUP05,P12,5.0,812.5,2025-06-05,2025-06-06,2,Late,5.0,4062.5
PO001993,2025-06-06,S04,SUP05,P12,5.0,812.5,2025-06-07,2025-06-07,1,On-time,5.0,4062.5
PO001994,2025-06-07,S04,SUP05,P12,5.2,812.5,2025-06-08,2025-06-08,1,On-time,5.2,4225.0
PO001995,2025-06-08,S04,SUP05,P12,5.5,812.5,2025-06-09,2025-06-09,1,On-time,5.5,4468.8
PO001996,2025-06-09,S04,SUP05,P12,5.4,812.5,2025-06-10,2025-06-11,2,Late,5.4,4387.5
PO001997,2025-06-11,S04,SUP05,P12,5.3,812.5,2025-06-12,2025-06-15,4,Late,4.8,4306.2
PO001998,2025-06-15,S04,SUP05,P12,5.4,812.5,2025-06-16,2025-06-16,1,On-time,5.4,4387.5
PO001999,2025-06-16,S04,SUP05,P12,5.4,812.5,2025-06-17,2025-06-21,5,Late,4.0,4387.5
PO002000,2025-06-21,S04,SUP05,P12,5.2,812.5,2025-06-22,2025-06-22,1,On-time,5.2,4225.0
PO002001,2025-06-22,S04,SUP05,P12,5.2,812.5,2025-06-23,2025-06-23,1,On-time,5.2,4225.0
PO002002,2025-06-23,S04,SUP05,P12,5.2,812.5,2025-06-24,2025-06-24,1,On-time,5.2,4225.0
PO002003,2025-06-25,S04,SUP05,P12,5.1,812.5,2025-06-26,2025-06-26,1,On-time,5.1,4143.8
PO002004,2025-06-26,S04,SUP05,P12,5.1,812.5,2025-06-27,2025-06-27,1,On-time,5.1,4143.8
PO002005,2025-06-28,S04,SUP05,P12,5.3,812.5,2025-06-29,2025-06-29,1,On-time,5.3,4306.2
PO002006,2025-06-29,S04,SUP05,P12,5.3,812.5,2025-06-30,2025-06-30,1,On-time,5.3,4306.2
PO002007,2025-07-01,S04,SUP05,P12,5.2,812.5,2025-07-02,2025-07-05,4,Late,3.8,4225.0
PO002008,2025-07-05,S04,SUP05,P12,5.3,812.5,2025-07-06,2025-07-06,1,On-time,5.3,4306.2
PO002009,2025-07-06,S04,SUP05,P12,5.4,812.5,2025-07-07,2025-07-10,4,Late,4.0,4387.5
PO002010,2025-07-10,S04,SUP05,P12,5.1,812.5,2025-07-11,2025-07-11,1,On-time,5.1,4143.8
PO002011,2025-07-11,S04,SUP05,P12,5.2,812.5,2025-07-12,2025-07-17,6,Late,4.0,4225.0
PO002012,2025-07-17,S04,SUP05,P12,5.2,812.5,2025-07-18,2025-07-18,1,On-time,5.2,4225.0
PO002013,2025-07-18,S04,SUP05,P12,5.2,812.5,2025-07-19,2025-07-19,1,On-time,5.2,4225.0
PO002014,2025-07-19,S04,SUP05,P12,5.3,812.5,2025-07-20,2025-07-20,1,On-time,5.3,4306.2
PO002015,2025-07-20,S04,SUP05,P12,5.3,812.5,2025-07-21,2025-07-21,1,On-time,5.3,4306.2
PO002016,2025-07-23,S04,SUP05,P12,5.1,812.5,2025-07-24,2025-07-24,1,On-time,5.1,4143.8
PO002017,2025-07-24,S04,SUP05,P12,5.0,812.5,2025-07-25,2025-07-25,1,On-time,5.0,4062.5
PO002018,2025-07-26,S04,SUP05,P12,5.1,812.5,2025-07-27,2025-07-27,1,On-time,5.1,4143.8
PO002019,2025-07-27,S04,SUP05,P12,5.2,812.5,2025-07-28,2025-07-28,1,On-time,5.2,4225.0
PO002020,2025-07-29,S04,SUP05,P12,5.0,812.5,2025-07-30,2025-07-30,1,On-time,5.0,4062.5
PO002021,2025-07-31,S04,SUP05,P12,5.0,812.5,2025-08-01,2025-08-01,1,On-time,5.0,4062.5
PO002022,2025-08-02,S04,SUP05,P12,5.2,812.5,2025-08-03,2025-08-06,4,Late,4.5,4225.0
PO002023,2025-08-06,S04,SUP05,P12,5.2,812.5,2025-08-07,2025-08-10,4,Late,4.8,4225.0
PO002024,2025-08-10,S04,SUP05,P12,5.4,812.5,2025-08-11,2025-08-14,4,Late,4.5,4387.5
PO002025,2025-08-14,S04,SUP05,P12,5.4,812.5,2025-08-15,2025-08-17,3,Late,5.0,4387.5
PO002026,2025-08-17,S04,SUP05,P12,5.7,812.5,2025-08-18,2025-08-21,4,Late,4.7,4631.2
PO002027,2025-08-21,S04,SUP05,P12,5.4,812.5,2025-08-22,2025-08-23,2,Late,5.4,4387.5
PO002028,2025-08-23,S04,SUP05,P12,5.4,812.5,2025-08-24,2025-08-27,4,Late,4.4,4387.5
PO002029,2025-08-27,S04,SUP05,P12,5.3,812.5,2025-08-28,2025-08-28,1,On-time,5.3,4306.2
PO002030,2025-08-28,S04,SUP05,P12,5.4,812.5,2025-08-29,2025-08-29,1,On-time,5.4,4387.5
PO002031,2025-08-29,S04,SUP05,P12,5.4,812.5,2025-08-30,2025-09-02,4,Late,3.9,4387.5
PO002032,2025-09-02,S04,SUP05,P12,5.4,812.5,2025-09-03,2025-09-03,1,On-time,5.4,4387.5
PO002033,2025-09-03,S04,SUP05,P12,5.3,812.5,2025-09-04,2025-09-04,1,On-time,5.3,4306.2
PO002034,2025-09-04,S04,SUP05,P12,5.3,812.5,2025-09-05,2025-09-08,4,Late,4.5,4306.2
PO002035,2025-09-08,S04,SUP05,P12,5.6,812.5,2025-09-09,2025-09-09,1,On-time,5.6,4550.0
PO002036,2025-09-09,S04,SUP05,P12,5.5,812.5,2025-09-10,2025-09-10,1,On-time,5.5,4468.8
PO002037,2025-09-10,S04,SUP05,P12,5.5,812.5,2025-09-11,2025-09-15,5,Late,5.0,4468.8
PO002038,2025-09-15,S04,SUP05,P12,5.5,812.5,2025-09-16,2025-09-16,1,On-time,5.5,4468.8
PO002039,2025-09-16,S04,SUP05,P12,5.4,812.5,2025-09-17,2025-09-18,2,Late,5.4,4387.5
PO002040,2025-09-18,S04,SUP05,P12,5.4,812.5,2025-09-19,2025-09-19,1,On-time,5.4,4387.5
PO002041,2025-09-19,S04,SUP05,P12,5.4,812.5,2025-09-20,2025-09-22,3,Late,4.4,4387.5
PO002042,2025-09-22,S04,SUP05,P12,5.6,812.5,2025-09-23,2025-09-23,1,On-time,5.6,4550.0
PO002043,2025-09-23,S04,SUP05,P12,5.4,812.5,2025-09-24,2025-09-24,1,On-time,5.4,4387.5
PO002044,2025-09-25,S04,SUP05,P12,5.2,812.5,2025-09-26,2025-09-28,3,Late,4.7,4225.0
PO002045,2025-09-28,S04,SUP05,P12,5.4,812.5,2025-09-29,2025-09-30,2,Late,5.4,4387.5
PO002046,2025-09-30,S04,SUP05,P12,5.4,812.5,2025-10-01,2025-10-01,1,On-time,5.4,4387.5
PO002047,2025-10-01,S04,SUP05,P12,5.3,812.5,2025-10-02,2025-10-02,1,On-time,5.3,4306.2
PO002048,2025-10-03,S04,SUP05,P12,5.3,812.5,2025-10-04,2025-10-05,2,Late,5.3,4306.2
PO002049,2025-10-05,S04,SUP05,P12,5.5,812.5,2025-10-06,2025-10-06,1,On-time,5.5,4468.8
PO002050,2025-10-06,S04,SUP05,P12,5.4,812.5,2025-10-07,2025-10-09,3,Late,4.6,4387.5
PO002051,2025-10-09,S04,SUP05,P12,5.2,812.5,2025-10-10,2025-10-11,2,Late,5.2,4225.0
PO002052,2025-10-11,S04,SUP05,P12,5.3,812.5,2025-10-12,2025-10-15,4,Late,4.7,4306.2
PO002053,2025-10-15,S04,SUP05,P12,5.4,812.5,2025-10-16,2025-10-18,3,Late,4.1,4387.5
PO002054,2025-10-18,S04,SUP05,P12,5.4,812.5,2025-10-19,2025-10-20,2,Late,5.4,4387.5
PO002055,2025-10-20,S04,SUP05,P12,5.4,812.5,2025-10-21,2025-10-21,1,On-time,5.4,4387.5
PO002056,2025-10-21,S04,SUP05,P12,5.4,812.5,2025-10-22,2025-10-25,4,Late,4.8,4387.5
PO002057,2025-10-25,S04,SUP05,P12,5.5,812.5,2025-10-26,2025-10-31,6,Late,4.4,4468.8
PO002058,2025-10-31,S04,SUP05,P12,5.6,812.5,2025-11-01,2025-11-01,1,On-time,5.6,4550.0
PO002059,2025-11-01,S04,SUP05,P12,5.7,812.5,2025-11-02,2025-11-02,1,On-time,5.7,4631.2
PO002060,2025-11-02,S04,SUP05,P12,5.7,812.5,2025-11-03,2025-11-05,3,Late,4.8,4631.2
PO002061,2025-11-05,S04,SUP05,P12,5.4,812.5,2025-11-06,2025-11-09,4,Late,4.6,4387.5
PO002062,2025-11-09,S04,SUP05,P12,5.7,812.5,2025-11-10,2025-11-10,1,On-time,5.7,4631.2
PO002063,2025-11-10,S04,SUP05,P12,5.7,812.5,2025-11-11,2025-11-11,1,On-time,5.7,4631.2
PO002064,2025-11-11,S04,SUP05,P12,5.4,812.5,2025-11-12,2025-11-17,6,Late,4.6,4387.5
PO002065,2025-11-17,S04,SUP05,P12,5.6,812.5,2025-11-18,2025-11-18,1,On-time,5.6,4550.0
PO002066,2025-11-18,S04,SUP05,P12,5.4,812.5,2025-11-19,2025-11-19,1,On-time,5.4,4387.5
PO002067,2025-11-20,S04,SUP05,P12,5.4,812.5,2025-11-21,2025-11-21,1,On-time,5.4,4387.5
PO002068,2025-11-21,S04,SUP05,P12,5.3,812.5,2025-11-22,2025-11-22,1,On-time,5.3,4306.2
PO002069,2025-11-23,S04,SUP05,P12,5.6,812.5,2025-11-24,2025-11-29,6,Late,4.4,4550.0
PO002070,2025-11-29,S04,SUP05,P12,5.5,812.5,2025-11-30,2025-12-03,4,Late,5.0,4468.8
PO002071,2025-12-03,S04,SUP05,P12,9.9,520.0,2025-12-04,2025-12-08,5,Late,7.9,5148.0
PO002072,2025-12-08,S04,SUP05,P12,10.0,520.0,2025-12-09,2025-12-09,1,On-time,10.0,5200.0
PO002073,2025-12-12,S04,SUP05,P12,9.4,520.0,2025-12-13,2025-12-13,1,On-time,9.4,4888.0
PO002074,2025-12-14,S04,SUP05,P12,9.6,520.0,2025-12-15,2025-12-15,1,On-time,9.6,4992.0
PO002075,2025-12-18,S04,SUP05,P12,9.5,520.0,2025-12-19,2025-12-19,1,On-time,9.5,4940.0
PO002076,2025-12-20,S04,SUP05,P12,9.7,520.0,2025-12-21,2025-12-22,2,Late,9.7,5044.0
PO002077,2025-12-23,S04,SUP05,P12,10.0,520.0,2025-12-24,2025-12-24,1,On-time,10.0,5200.0
PO002078,2025-12-26,S04,SUP05,P12,9.7,520.0,2025-12-27,2025-12-27,1,On-time,9.7,5044.0
PO002079,2025-12-29,S04,SUP05,P12,9.9,520.0,2025-12-30,2025-12-31,2,Late,9.9,5148.0
PO002080,2025-01-01,S05,SUP01,P01,601.4,150.0,2025-01-04,2025-01-04,3,On-time,601.4,90210.0
PO002081,2025-01-16,S05,SUP01,P01,623.7,150.0,2025-01-19,2025-01-19,3,On-time,623.7,93555.0
PO002082,2025-02-01,S05,SUP01,P01,662.0,150.6,2025-02-04,2025-02-03,2,Early,662.0,99697.2
PO002083,2025-02-18,S05,SUP01,P01,659.2,150.6,2025-02-21,2025-02-21,3,On-time,659.2,99275.5
PO002084,2025-03-08,S05,SUP01,P01,661.9,151.2,2025-03-11,2025-03-11,3,On-time,661.9,100079.3
PO002085,2025-03-25,S05,SUP01,P01,705.9,151.2,2025-03-28,2025-03-28,3,On-time,705.9,106732.1
PO002086,2025-04-12,S05,SUP01,P01,690.4,151.8,2025-04-15,2025-04-15,3,On-time,690.4,104802.7
PO002087,2025-04-30,S05,SUP01,P01,672.9,151.8,2025-05-03,2025-05-04,4,Late,672.9,102146.2
PO002088,2025-05-18,S05,SUP01,P01,686.7,152.4,2025-05-21,2025-05-25,7,Late,526.1,104653.1
PO002089,2025-06-01,S05,SUP01,P01,686.3,153.0,2025-06-04,2025-06-03,2,Early,686.3,105003.9
PO002090,2025-06-19,S05,SUP01,P01,675.6,153.0,2025-06-22,2025-06-22,3,On-time,675.6,103366.8
PO002091,2025-07-06,S05,SUP01,P01,665.3,153.6,2025-07-09,2025-07-09,3,On-time,665.3,102190.1
PO002092,2025-07-25,S05,SUP01,P01,642.5,153.6,2025-07-28,2025-07-28,3,On-time,642.5,98688.0
PO002093,2025-08-11,S05,SUP01,P01,681.8,154.2,2025-08-14,2025-08-14,3,On-time,681.8,105133.6
PO002094,2025-08-28,S05,SUP01,P01,682.1,154.2,2025-08-31,2025-08-31,3,On-time,682.1,105179.8
PO002095,2025-09-15,S05,SUP01,P01,693.2,154.8,2025-09-18,2025-09-16,1,Early,693.2,107307.4
PO002096,2025-10-04,S05,SUP01,P01,694.0,155.4,2025-10-07,2025-10-06,2,Early,694.0,107847.6
PO002097,2025-10-22,S05,SUP01,P01,661.0,155.4,2025-10-25,2025-10-25,3,On-time,661.0,102719.4
PO002098,2025-11-07,S05,SUP01,P01,709.3,156.0,2025-11-10,2025-11-09,2,Early,709.3,110650.8
PO002099,2025-11-27,S05,SUP01,P01,684.6,156.0,2025-11-30,2025-11-30,3,On-time,684.6,106797.6
PO002100,2025-12-14,S05,SUP01,P01,725.3,156.6,2025-12-17,2025-12-17,3,On-time,725.3,113582.0
PO002101,2025-01-01,S05,SUP03,P02,395.5,180.0,2025-01-05,2025-01-04,3,Early,395.5,71190.0
PO002102,2025-01-15,S05,SUP03,P02,446.6,180.0,2025-01-19,2025-01-19,4,On-time,446.6,80388.0
PO002103,2025-02-03,S05,SUP03,P02,452.0,180.7,2025-02-07,2025-02-10,7,Late,365.6,81676.4
PO002104,2025-02-19,S05,SUP03,P02,453.6,180.7,2025-02-23,2025-02-24,5,Late,453.6,81965.5
PO002105,2025-03-09,S05,SUP03,P02,521.0,181.4,2025-03-13,2025-03-12,3,Early,521.0,94509.4
PO002106,2025-03-25,S05,SUP03,P02,566.4,181.4,2025-03-29,2025-03-28,3,Early,566.4,102745.0
PO002107,2025-04-19,S05,SUP03,P02,469.9,182.2,2025-04-23,2025-04-26,7,Late,378.1,85615.8
PO002108,2025-05-07,S05,SUP03,P02,442.0,182.9,2025-05-11,2025-05-12,5,Late,442.0,80841.8
PO002109,2025-05-26,S05,SUP03,P02,457.0,182.9,2025-05-30,2025-05-30,4,On-time,457.0,83585.3
PO002110,2025-06-14,S05,SUP03,P02,476.6,183.6,2025-06-18,2025-06-21,7,Late,337.0,87503.8
PO002111,2025-06-28,S05,SUP03,P02,473.6,183.6,2025-07-02,2025-07-01,3,Early,473.6,86953.0
PO002112,2025-07-20,S05,SUP03,P02,446.5,184.3,2025-07-24,2025-07-24,4,On-time,446.5,82290.0
PO002113,2025-08-09,S05,SUP03,P02,448.9,185.0,2025-08-13,2025-08-13,4,On-time,448.9,83046.5
PO002114,2025-08-30,S05,SUP03,P02,441.7,185.0,2025-09-03,2025-09-04,5,Late,441.7,81714.5
PO002115,2025-09-18,S05,SUP03,P02,439.5,185.8,2025-09-22,2025-09-25,7,Late,399.8,81659.1
PO002116,2025-10-05,S05,SUP03,P02,461.7,186.5,2025-10-09,2025-10-08,3,Early,461.7,86107.1
PO002117,2025-10-25,S05,SUP03,P02,475.6,186.5,2025-10-29,2025-10-28,3,Early,475.6,88699.4
PO002118,2025-11-12,S05,SUP03,P02,495.3,187.2,2025-11-16,2025-11-16,4,On-time,495.3,92720.2
PO002119,2025-12-03,S05,SUP03,P02,475.3,187.9,2025-12-07,2025-12-07,4,On-time,475.3,89308.9
PO002120,2025-12-20,S05,SUP03,P02,530.6,187.9,2025-12-24,2025-12-27,7,Late,447.7,99699.7
PO002121,2025-01-01,S05,SUP02,P03,63.4,1200.0,2025-01-03,2025-01-02,1,Early,63.4,76080.0
PO002122,2025-01-05,S05,SUP02,P03,72.6,1200.0,2025-01-07,2025-01-08,3,Late,72.6,87120.0
PO002123,2025-01-11,S05,SUP02,P03,76.4,1200.0,2025-01-13,2025-01-14,3,Late,76.4,91680.0
PO002124,2025-01-18,S05,SUP02,P03,76.6,1200.0,2025-01-20,2025-01-20,2,On-time,76.6,91920.0
PO002125,2025-01-24,S05,SUP02,P03,78.7,1200.0,2025-01-26,2025-01-26,2,On-time,78.7,94440.0
PO002126,2025-01-31,S05,SUP02,P03,79.4,1200.0,2025-02-02,2025-02-02,2,On-time,79.4,95280.0
PO002127,2025-02-07,S05,SUP02,P03,80.5,1204.8,2025-02-09,2025-02-09,2,On-time,80.5,96986.4
PO002128,2025-02-13,S05,SUP02,P03,83.3,1204.8,2025-02-15,2025-02-15,2,On-time,83.3,100359.8
PO002129,2025-02-20,S05,SUP02,P03,81.6,1204.8,2025-02-22,2025-02-22,2,On-time,81.6,98311.7
PO002130,2025-02-27,S05,SUP02,P03,81.8,1204.8,2025-03-01,2025-03-04,5,Late,58.3,98552.6
PO002131,2025-03-05,S05,SUP02,P03,81.0,1209.6,2025-03-07,2025-03-10,5,Late,68.5,97977.6
PO002132,2025-03-11,S05,SUP02,P03,83.7,1209.6,2025-03-13,2025-03-13,2,On-time,83.7,101243.5
PO002133,2025-03-18,S05,SUP02,P03,84.8,1209.6,2025-03-20,2025-03-20,2,On-time,84.8,102574.1
PO002134,2025-03-25,S05,SUP02,P03,84.6,1209.6,2025-03-27,2025-03-27,2,On-time,84.6,102332.2
PO002135,2025-03-31,S05,SUP02,P03,89.7,1209.6,2025-04-02,2025-04-02,2,On-time,89.7,108501.1
PO002136,2025-04-09,S05,SUP02,P03,81.4,1214.4,2025-04-11,2025-04-11,2,On-time,81.4,98852.2
PO002137,2025-04-18,S05,SUP02,P03,72.1,1214.4,2025-04-20,2025-04-21,3,Late,72.1,87558.2
PO002138,2025-04-26,S05,SUP02,P03,69.4,1214.4,2025-04-28,2025-04-27,1,Early,69.4,84279.4
PO002139,2025-05-03,S05,SUP02,P03,68.5,1219.2,2025-05-05,2025-05-09,6,Late,57.3,83515.2
PO002140,2025-05-10,S05,SUP02,P03,69.3,1219.2,2025-05-12,2025-05-11,1,Early,69.3,84490.6
PO002141,2025-05-18,S05,SUP02,P03,68.9,1219.2,2025-05-20,2025-05-23,5,Late,63.7,84002.9
PO002142,2025-05-24,S05,SUP02,P03,69.9,1219.2,2025-05-26,2025-05-26,2,On-time,69.9,85222.1
PO002143,2025-06-01,S05,SUP02,P03,68.9,1224.0,2025-06-03,2025-06-05,4,Late,52.0,84333.6
PO002144,2025-06-07,S05,SUP02,P03,70.3,1224.0,2025-06-09,2025-06-09,2,On-time,70.3,86047.2
PO002145,2025-06-13,S05,SUP02,P03,72.3,1224.0,2025-06-15,2025-06-14,1,Early,72.3,88495.2
PO002146,2025-06-20,S05,SUP02,P03,67.9,1224.0,2025-06-22,2025-06-25,5,Late,51.1,83109.6
PO002147,2025-06-26,S05,SUP02,P03,68.9,1224.0,2025-06-28,2025-06-29,3,Late,68.9,84333.6
PO002148,2025-07-03,S05,SUP02,P03,68.2,1228.8,2025-07-05,2025-07-04,1,Early,68.2,83804.2
PO002149,2025-07-09,S05,SUP02,P03,70.0,1228.8,2025-07-11,2025-07-11,2,On-time,70.0,86016.0
PO002150,2025-07-17,S05,SUP02,P03,67.5,1228.8,2025-07-19,2025-07-19,2,On-time,67.5,82944.0
PO002151,2025-07-24,S05,SUP02,P03,66.6,1228.8,2025-07-26,2025-07-27,3,Late,66.6,81838.1
PO002152,2025-07-31,S05,SUP02,P03,68.0,1228.8,2025-08-02,2025-08-02,2,On-time,68.0,83558.4
PO002153,2025-08-06,S05,SUP02,P03,68.7,1233.6,2025-08-08,2025-08-08,2,On-time,68.7,84748.3
PO002154,2025-08-13,S05,SUP02,P03,69.3,1233.6,2025-08-15,2025-08-17,4,Late,57.2,85488.5
PO002155,2025-08-19,S05,SUP02,P03,69.2,1233.6,2025-08-21,2025-08-22,3,Late,69.2,85365.1
PO002156,2025-08-26,S05,SUP02,P03,69.2,1233.6,2025-08-28,2025-08-28,2,On-time,69.2,85365.1
PO002157,2025-09-02,S05,SUP02,P03,69.9,1238.4,2025-09-04,2025-09-05,3,Late,69.9,86564.2
PO002158,2025-09-09,S05,SUP02,P03,70.6,1238.4,2025-09-11,2025-09-11,2,On-time,70.6,87431.0
PO002159,2025-09-15,S05,SUP02,P03,72.7,1238.4,2025-09-17,2025-09-21,6,Late,55.8,90031.7
PO002160,2025-09-22,S05,SUP02,P03,71.2,1238.4,2025-09-24,2025-09-24,2,On-time,71.2,88174.1
PO002161,2025-09-30,S05,SUP02,P03,69.5,1238.4,2025-10-02,2025-10-02,2,On-time,69.5,86068.8
PO002162,2025-10-06,S05,SUP02,P03,71.9,1243.2,2025-10-08,2025-10-08,2,On-time,71.9,89386.1
PO002163,2025-10-13,S05,SUP02,P03,70.5,1243.2,2025-10-15,2025-10-15,2,On-time,70.5,87645.6
PO002164,2025-10-20,S05,SUP02,P03,70.7,1243.2,2025-10-22,2025-10-22,2,On-time,70.7,87894.2
PO002165,2025-10-28,S05,SUP02,P03,67.7,1243.2,2025-10-30,2025-10-30,2,On-time,67.7,84164.6
PO002166,2025-11-03,S05,SUP02,P03,75.4,1248.0,2025-11-05,2025-11-05,2,On-time,75.4,94099.2
PO002167,2025-11-09,S05,SUP02,P03,80.1,1248.0,2025-11-11,2025-11-11,2,On-time,80.1,99964.8
PO002168,2025-11-15,S05,SUP02,P03,83.7,1248.0,2025-11-17,2025-11-16,1,Early,83.7,104457.6
PO002169,2025-11-22,S05,SUP02,P03,84.0,1248.0,2025-11-24,2025-11-23,1,Early,84.0,104832.0
PO002170,2025-11-29,S05,SUP02,P03,86.7,1248.0,2025-12-01,2025-12-04,5,Late,68.0,108201.6
PO002171,2025-12-05,S05,SUP02,P03,84.1,1252.8,2025-12-07,2025-12-07,2,On-time,84.1,105360.5
PO002172,2025-12-13,S05,SUP02,P03,83.4,1252.8,2025-12-15,2025-12-15,2,On-time,83.4,104483.5
PO002173,2025-12-19,S05,SUP02,P03,84.1,1252.8,2025-12-21,2025-12-22,3,Late,84.1,105360.5
PO002174,2025-12-26,S05,SUP02,P03,81.9,1252.8,2025-12-28,2025-12-28,2,On-time,81.9,102604.3
PO002175,2025-01-01,S05,SUP02,P04,93.0,320.0,2025-01-03,2025-01-03,2,On-time,93.0,29760.0
PO002176,2025-01-05,S05,SUP02,P04,107.5,320.0,2025-01-07,2025-01-08,3,Late,107.5,34400.0
PO002177,2025-01-12,S05,SUP02,P04,108.0,320.0,2025-01-14,2025-01-13,1,Early,108.0,34560.0
PO002178,2025-01-18,S05,SUP02,P04,111.1,320.0,2025-01-20,2025-01-20,2,On-time,111.1,35552.0
PO002179,2025-01-25,S05,SUP02,P04,109.8,320.0,2025-01-27,2025-01-31,6,Late,92.0,35136.0
PO002180,2025-02-01,S05,SUP02,P04,111.1,321.3,2025-02-03,2025-02-04,3,Late,111.1,35696.4
PO002181,2025-02-08,S05,SUP02,P04,109.7,321.3,2025-02-10,2025-02-10,2,On-time,109.7,35246.6
PO002182,2025-02-15,S05,SUP02,P04,118.8,321.3,2025-02-17,2025-02-17,2,On-time,118.8,38170.4
PO002183,2025-02-22,S05,SUP02,P04,117.3,321.3,2025-02-24,2025-02-24,2,On-time,117.3,37688.5
PO002184,2025-03-01,S05,SUP02,P04,111.9,322.6,2025-03-03,2025-03-02,1,Early,111.9,36098.9
PO002185,2025-03-08,S05,SUP02,P04,115.7,322.6,2025-03-10,2025-03-10,2,On-time,115.7,37324.8
PO002186,2025-03-15,S05,SUP02,P04,120.0,322.6,2025-03-17,2025-03-17,2,On-time,120.0,38712.0
PO002187,2025-03-21,S05,SUP02,P04,124.5,322.6,2025-03-23,2025-03-23,2,On-time,124.5,40163.7
PO002188,2025-03-28,S05,SUP02,P04,123.4,322.6,2025-03-30,2025-03-30,2,On-time,123.4,39808.8
PO002189,2025-04-02,S05,SUP02,P04,140.4,323.8,2025-04-04,2025-04-08,6,Late,112.1,45461.5
PO002190,2025-04-11,S05,SUP02,P04,116.5,323.8,2025-04-13,2025-04-12,1,Early,116.5,37722.7
PO002191,2025-04-19,S05,SUP02,P04,109.8,323.8,2025-04-21,2025-04-21,2,On-time,109.8,35553.2
PO002192,2025-04-27,S05,SUP02,P04,106.0,323.8,2025-04-29,2025-04-29,2,On-time,106.0,34322.8
PO002193,2025-05-04,S05,SUP02,P04,106.9,325.1,2025-05-06,2025-05-07,3,Late,106.9,34753.2
PO002194,2025-05-11,S05,SUP02,P04,105.2,325.1,2025-05-13,2025-05-13,2,On-time,105.2,34200.5
PO002195,2025-05-18,S05,SUP02,P04,104.7,325.1,2025-05-20,2025-05-20,2,On-time,104.7,34038.0
PO002196,2025-05-26,S05,SUP02,P04,101.9,325.1,2025-05-28,2025-06-01,6,Late,86.4,33127.7
PO002197,2025-06-02,S05,SUP02,P04,101.5,326.4,2025-06-04,2025-06-05,3,Late,101.5,33129.6
PO002198,2025-06-08,S05,SUP02,P04,113.8,326.4,2025-06-10,2025-06-09,1,Early,113.8,37144.3
PO002199,2025-06-16,S05,SUP02,P04,106.3,326.4,2025-06-18,2025-06-18,2,On-time,106.3,34696.3
PO002200,2025-06-24,S05,SUP02,P04,100.8,326.4,2025-06-26,2025-06-26,2,On-time,100.8,32901.1
PO002201,2025-06-30,S05,SUP02,P04,107.5,326.4,2025-07-02,2025-07-02,2,On-time,107.5,35088.0
PO002202,2025-07-08,S05,SUP02,P04,100.8,327.7,2025-07-10,2025-07-11,3,Late,100.8,33032.2
PO002203,2025-07-14,S05,SUP02,P04,108.2,327.7,2025-07-16,2025-07-16,2,On-time,108.2,35457.1
PO002204,2025-07-21,S05,SUP02,P04,105.8,327.7,2025-07-23,2025-07-22,1,Early,105.8,34670.7
PO002205,2025-07-29,S05,SUP02,P04,104.2,327.7,2025-07-31,2025-07-31,2,On-time,104.2,34146.3
PO002206,2025-08-04,S05,SUP02,P04,105.6,329.0,2025-08-06,2025-08-06,2,On-time,105.6,34742.4
PO002207,2025-08-12,S05,SUP02,P04,103.6,329.0,2025-08-14,2025-08-19,7,Late,84.8,34084.4
PO002208,2025-08-20,S05,SUP02,P04,108.2,329.0,2025-08-22,2025-08-25,5,Late,83.2,35597.8
PO002209,2025-08-26,S05,SUP02,P04,109.4,329.0,2025-08-28,2025-08-28,2,On-time,109.4,35992.6
PO002210,2025-09-03,S05,SUP02,P04,104.5,330.2,2025-09-05,2025-09-05,2,On-time,104.5,34505.9
PO002211,2025-09-10,S05,SUP02,P04,101.7,330.2,2025-09-12,2025-09-12,2,On-time,101.7,33581.3
PO002212,2025-09-17,S05,SUP02,P04,102.6,330.2,2025-09-19,2025-09-20,3,Late,102.6,33878.5
PO002213,2025-09-24,S05,SUP02,P04,100.3,330.2,2025-09-26,2025-09-26,2,On-time,100.3,33119.1
PO002214,2025-10-01,S05,SUP02,P04,101.9,331.5,2025-10-03,2025-10-03,2,On-time,101.9,33779.8
PO002215,2025-10-07,S05,SUP02,P04,103.7,331.5,2025-10-09,2025-10-09,2,On-time,103.7,34376.6
PO002216,2025-10-14,S05,SUP02,P04,106.2,331.5,2025-10-16,2025-10-20,6,Late,75.8,35205.3
PO002217,2025-10-20,S05,SUP02,P04,107.3,331.5,2025-10-22,2025-10-22,2,On-time,107.3,35569.9
PO002218,2025-10-27,S05,SUP02,P04,109.3,331.5,2025-10-29,2025-10-29,2,On-time,109.3,36232.9
PO002219,2025-11-03,S05,SUP02,P04,111.3,332.8,2025-11-05,2025-11-04,1,Early,111.3,37040.6
PO002220,2025-11-09,S05,SUP02,P04,117.1,332.8,2025-11-11,2025-11-10,1,Early,117.1,38970.9
PO002221,2025-11-16,S05,SUP02,P04,124.1,332.8,2025-11-18,2025-11-17,1,Early,124.1,41300.5
PO002222,2025-11-23,S05,SUP02,P04,125.7,332.8,2025-11-25,2025-11-24,1,Early,125.7,41833.0
PO002223,2025-11-30,S05,SUP02,P04,120.7,332.8,2025-12-02,2025-12-02,2,On-time,120.7,40169.0
PO002224,2025-12-07,S05,SUP02,P04,126.5,334.1,2025-12-09,2025-12-08,1,Early,126.5,42263.7
PO002225,2025-12-14,S05,SUP02,P04,124.0,334.1,2025-12-16,2025-12-20,6,Late,91.6,41428.4
PO002226,2025-12-20,S05,SUP02,P04,129.0,334.1,2025-12-22,2025-12-22,2,On-time,129.0,43098.9
PO002227,2025-12-27,S05,SUP02,P04,128.7,334.1,2025-12-29,2025-12-29,2,On-time,128.7,42998.7
PO002228,2025-01-01,S05,SUP02,P05,115.8,210.0,2025-01-03,2025-01-04,3,Late,115.8,24318.0
PO002229,2025-01-04,S05,SUP02,P05,120.7,210.0,2025-01-06,2025-01-07,3,Late,120.7,25347.0
PO002230,2025-01-09,S05,SUP02,P05,117.2,210.0,2025-01-11,2025-01-12,3,Late,117.2,24612.0
PO002231,2025-01-12,S05,SUP02,P05,126.4,210.0,2025-01-14,2025-01-13,1,Early,126.4,26544.0
PO002232,2025-01-17,S05,SUP02,P05,124.1,210.0,2025-01-19,2025-01-19,2,On-time,124.1,26061.0
PO002233,2025-01-21,S05,SUP02,P05,122.7,210.0,2025-01-23,2025-01-26,5,Late,89.4,25767.0
PO002234,2025-01-26,S05,SUP02,P05,123.8,210.0,2025-01-28,2025-01-29,3,Late,123.8,25998.0
PO002235,2025-01-31,S05,SUP02,P05,120.5,210.0,2025-02-02,2025-02-02,2,On-time,120.5,25305.0
PO002236,2025-02-03,S05,SUP02,P05,122.4,210.8,2025-02-05,2025-02-05,2,On-time,122.4,25801.9
PO002237,2025-02-08,S05,SUP02,P05,124.5,210.8,2025-02-10,2025-02-10,2,On-time,124.5,26244.6
PO002238,2025-02-11,S05,SUP02,P05,127.4,210.8,2025-02-13,2025-02-13,2,On-time,127.4,26855.9
PO002239,2025-02-15,S05,SUP02,P05,127.6,210.8,2025-02-17,2025-02-18,3,Late,127.6,26898.1
PO002240,2025-02-20,S05,SUP02,P05,123.5,210.8,2025-02-22,2025-02-23,3,Late,123.5,26033.8
PO002241,2025-02-24,S05,SUP02,P05,122.9,210.8,2025-02-26,2025-02-26,2,On-time,122.9,25907.3
PO002242,2025-02-28,S05,SUP02,P05,123.4,210.8,2025-03-02,2025-03-02,2,On-time,123.4,26012.7
PO002243,2025-03-04,S05,SUP02,P05,128.0,211.7,2025-03-06,2025-03-06,2,On-time,128.0,27097.6
PO002244,2025-03-08,S05,SUP02,P05,138.0,211.7,2025-03-10,2025-03-10,2,On-time,138.0,29214.6
PO002245,2025-03-11,S05,SUP02,P05,139.2,211.7,2025-03-13,2025-03-14,3,Late,139.2,29468.6
PO002246,2025-03-15,S05,SUP02,P05,143.6,211.7,2025-03-17,2025-03-17,2,On-time,143.6,30400.1
PO002247,2025-03-19,S05,SUP02,P05,139.7,211.7,2025-03-21,2025-03-21,2,On-time,139.7,29574.5
PO002248,2025-03-23,S05,SUP02,P05,145.4,211.7,2025-03-25,2025-03-25,2,On-time,145.4,30781.2
PO002249,2025-03-28,S05,SUP02,P05,141.2,211.7,2025-03-30,2025-03-30,2,On-time,141.2,29892.0
PO002250,2025-03-31,S05,SUP02,P05,150.9,211.7,2025-04-02,2025-04-03,3,Late,150.9,31945.5
PO002251,2025-04-04,S05,SUP02,P05,150.5,212.5,2025-04-06,2025-04-06,2,On-time,150.5,31981.2
PO002252,2025-04-09,S05,SUP02,P05,140.8,212.5,2025-04-11,2025-04-10,1,Early,140.8,29920.0
PO002253,2025-04-14,S05,SUP02,P05,136.3,212.5,2025-04-16,2025-04-20,6,Late,120.6,28963.8
PO002254,2025-04-20,S05,SUP02,P05,133.1,212.5,2025-04-22,2025-04-21,1,Early,133.1,28283.8
PO002255,2025-04-25,S05,SUP02,P05,127.8,212.5,2025-04-27,2025-04-27,2,On-time,127.8,27157.5
PO002256,2025-04-30,S05,SUP02,P05,127.6,212.5,2025-05-02,2025-05-01,1,Early,127.6,27115.0
PO002257,2025-05-03,S05,SUP02,P05,131.9,213.4,2025-05-05,2025-05-04,1,Early,131.9,28147.5
PO002258,2025-05-07,S05,SUP02,P05,130.8,213.4,2025-05-09,2025-05-09,2,On-time,130.8,27912.7
PO002259,2025-05-12,S05,SUP02,P05,129.3,213.4,2025-05-14,2025-05-13,1,Early,129.3,27592.6
PO002260,2025-05-16,S05,SUP02,P05,128.9,213.4,2025-05-18,2025-05-17,1,Early,128.9,27507.3
PO002261,2025-05-19,S05,SUP02,P05,131.1,213.4,2025-05-21,2025-05-20,1,Early,131.1,27976.7
PO002262,2025-05-24,S05,SUP02,P05,131.4,213.4,2025-05-26,2025-05-28,4,Late,94.4,28040.8
PO002263,2025-05-28,S05,SUP02,P05,126.2,213.4,2025-05-30,2025-05-30,2,On-time,126.2,26931.1
PO002264,2025-06-01,S05,SUP02,P05,128.0,214.2,2025-06-03,2025-06-03,2,On-time,128.0,27417.6
PO002265,2025-06-06,S05,SUP02,P05,122.8,214.2,2025-06-08,2025-06-08,2,On-time,122.8,26303.8
PO002266,2025-06-08,S05,SUP02,P05,140.1,214.2,2025-06-10,2025-06-10,2,On-time,140.1,30009.4
PO002267,2025-06-13,S05,SUP02,P05,131.8,214.2,2025-06-15,2025-06-14,1,Early,131.8,28231.6
PO002268,2025-06-17,S05,SUP02,P05,132.1,214.2,2025-06-19,2025-06-18,1,Early,132.1,28295.8
PO002269,2025-06-21,S05,SUP02,P05,135.9,214.2,2025-06-23,2025-06-23,2,On-time,135.9,29109.8
PO002270,2025-06-26,S05,SUP02,P05,132.7,214.2,2025-06-28,2025-06-28,2,On-time,132.7,28424.3
PO002271,2025-06-30,S05,SUP02,P05,132.0,214.2,2025-07-02,2025-07-04,4,Late,132.0,28274.4
PO002272,2025-07-05,S05,SUP02,P05,133.9,215.0,2025-07-07,2025-07-08,3,Late,133.9,28788.5
PO002273,2025-07-09,S05,SUP02,P05,132.2,215.0,2025-07-11,2025-07-11,2,On-time,132.2,28423.0
PO002274,2025-07-13,S05,SUP02,P05,136.7,215.0,2025-07-15,2025-07-15,2,On-time,136.7,29390.5
PO002275,2025-07-17,S05,SUP02,P05,130.5,215.0,2025-07-19,2025-07-19,2,On-time,130.5,28057.5
PO002276,2025-07-21,S05,SUP02,P05,131.0,215.0,2025-07-23,2025-07-23,2,On-time,131.0,28165.0
PO002277,2025-07-26,S05,SUP02,P05,131.6,215.0,2025-07-28,2025-07-28,2,On-time,131.6,28294.0
PO002278,2025-07-30,S05,SUP02,P05,131.0,215.0,2025-08-01,2025-08-05,6,Late,100.3,28165.0
PO002279,2025-08-05,S05,SUP02,P05,132.9,215.9,2025-08-07,2025-08-10,5,Late,96.7,28693.1
PO002280,2025-08-10,S05,SUP02,P05,136.2,215.9,2025-08-12,2025-08-12,2,On-time,136.2,29405.6
PO002281,2025-08-14,S05,SUP02,P05,137.1,215.9,2025-08-16,2025-08-20,6,Late,107.0,29599.9
PO002282,2025-08-20,S05,SUP02,P05,133.7,215.9,2025-08-22,2025-08-22,2,On-time,133.7,28865.8
PO002283,2025-08-24,S05,SUP02,P05,138.2,215.9,2025-08-26,2025-08-26,2,On-time,138.2,29837.4
PO002284,2025-08-28,S05,SUP02,P05,132.7,215.9,2025-08-30,2025-08-30,2,On-time,132.7,28649.9
PO002285,2025-09-01,S05,SUP02,P05,135.7,216.7,2025-09-03,2025-09-07,6,Late,123.8,29406.2
PO002286,2025-09-07,S05,SUP02,P05,134.0,216.7,2025-09-09,2025-09-13,6,Late,109.1,29037.8
PO002287,2025-09-13,S05,SUP02,P05,138.5,216.7,2025-09-15,2025-09-16,3,Late,138.5,30012.9
PO002288,2025-09-17,S05,SUP02,P05,134.9,216.7,2025-09-19,2025-09-21,4,Late,119.6,29232.8
PO002289,2025-09-21,S05,SUP02,P05,140.8,216.7,2025-09-23,2025-09-23,2,On-time,140.8,30511.4
PO002290,2025-09-26,S05,SUP02,P05,133.7,216.7,2025-09-28,2025-09-28,2,On-time,133.7,28972.8
PO002291,2025-09-30,S05,SUP02,P05,132.1,216.7,2025-10-02,2025-10-02,2,On-time,132.1,28626.1
PO002292,2025-10-05,S05,SUP02,P05,130.7,217.6,2025-10-07,2025-10-07,2,On-time,130.7,28440.3
PO002293,2025-10-09,S05,SUP02,P05,129.7,217.6,2025-10-11,2025-10-11,2,On-time,129.7,28222.7
PO002294,2025-10-12,S05,SUP02,P05,137.1,217.6,2025-10-14,2025-10-14,2,On-time,137.1,29833.0
PO002295,2025-10-17,S05,SUP02,P05,131.1,217.6,2025-10-19,2025-10-19,2,On-time,131.1,28527.4
PO002296,2025-10-21,S05,SUP02,P05,131.1,217.6,2025-10-23,2025-10-22,1,Early,131.1,28527.4
PO002297,2025-10-26,S05,SUP02,P05,133.0,217.6,2025-10-28,2025-11-01,6,Late,106.6,28940.8
PO002298,2025-11-01,S05,SUP02,P05,132.5,218.4,2025-11-03,2025-11-03,2,On-time,132.5,28938.0
PO002299,2025-11-05,S05,SUP02,P05,134.1,218.4,2025-11-07,2025-11-07,2,On-time,134.1,29287.4
PO002300,2025-11-09,S05,SUP02,P05,136.9,218.4,2025-11-11,2025-11-12,3,Late,136.9,29899.0
PO002301,2025-11-13,S05,SUP02,P05,131.6,218.4,2025-11-15,2025-11-14,1,Early,131.6,28741.4
PO002302,2025-11-18,S05,SUP02,P05,130.8,218.4,2025-11-20,2025-11-21,3,Late,130.8,28566.7
PO002303,2025-11-22,S05,SUP02,P05,131.2,218.4,2025-11-24,2025-11-24,2,On-time,131.2,28654.1
PO002304,2025-11-26,S05,SUP02,P05,129.3,218.4,2025-11-28,2025-11-28,2,On-time,129.3,28239.1
PO002305,2025-11-30,S05,SUP02,P05,130.2,218.4,2025-12-02,2025-12-06,6,Late,106.3,28435.7
PO002306,2025-12-06,S05,SUP02,P05,133.0,219.2,2025-12-08,2025-12-08,2,On-time,133.0,29153.6
PO002307,2025-12-10,S05,SUP02,P05,132.7,219.2,2025-12-12,2025-12-13,3,Late,132.7,29087.8
PO002308,2025-12-14,S05,SUP02,P05,134.6,219.2,2025-12-16,2025-12-17,3,Late,134.6,29504.3
PO002309,2025-12-19,S05,SUP02,P05,130.7,219.2,2025-12-21,2025-12-21,2,On-time,130.7,28649.4
PO002310,2025-12-22,S05,SUP02,P05,135.2,219.2,2025-12-24,2025-12-24,2,On-time,135.2,29635.8
PO002311,2025-12-27,S05,SUP02,P05,134.2,219.2,2025-12-29,2025-12-29,2,On-time,134.2,29416.6
PO002312,2025-12-31,S05,SUP02,P05,131.7,219.2,2026-01-02,2026-01-02,2,On-time,131.7,28868.6
PO002313,2025-01-01,S05,SUP04,P06,30.2,900.0,2025-01-06,2025-01-06,5,On-time,30.2,27180.0
PO002314,2025-01-19,S05,SUP04,P06,31.9,900.0,2025-01-24,2025-01-24,5,On-time,31.9,28710.0
PO002315,2025-02-10,S05,SUP04,P06,33.1,903.6,2025-02-15,2025-02-15,5,On-time,33.1,29909.2
PO002316,2025-03-04,S05,SUP04,P06,33.9,907.2,2025-03-09,2025-03-09,5,On-time,33.9,30754.1
PO002317,2025-03-23,S05,SUP04,P06,38.3,907.2,2025-03-28,2025-03-27,4,Early,38.3,34745.8
PO002318,2025-04-17,S05,SUP04,P06,34.8,910.8,2025-04-22,2025-04-25,8,Late,24.6,31695.8
PO002319,2025-05-04,S05,SUP04,P06,34.9,914.4,2025-05-09,2025-05-08,4,Early,34.9,31912.6
PO002320,2025-05-28,S05,SUP04,P06,34.0,914.4,2025-06-02,2025-06-06,9,Late,31.3,31089.6
PO002321,2025-06-15,S05,SUP04,P06,37.3,918.0,2025-06-20,2025-06-20,5,On-time,37.3,34241.4
PO002322,2025-07-11,S05,SUP04,P06,35.0,921.6,2025-07-16,2025-07-15,4,Early,35.0,32256.0
PO002323,2025-08-03,S05,SUP04,P06,35.1,925.2,2025-08-08,2025-08-08,5,On-time,35.1,32474.5
PO002324,2025-08-26,S05,SUP04,P06,35.0,925.2,2025-08-31,2025-08-30,4,Early,35.0,32382.0
PO002325,2025-09-19,S05,SUP04,P06,34.1,928.8,2025-09-24,2025-09-24,5,On-time,34.1,31672.1
PO002326,2025-10-12,S05,SUP04,P06,34.0,932.4,2025-10-17,2025-10-16,4,Early,34.0,31701.6
PO002327,2025-11-02,S05,SUP04,P06,35.7,936.0,2025-11-07,2025-11-07,5,On-time,35.7,33415.2
PO002328,2025-11-27,S05,SUP04,P06,34.0,936.0,2025-12-02,2025-12-02,5,On-time,34.0,31824.0
PO002329,2025-12-20,S05,SUP04,P06,34.9,939.6,2025-12-25,2025-12-25,5,On-time,34.9,32792.0
PO002330,2025-01-01,S05,SUP06,P07,154.2,1450.0,2025-01-07,2025-01-06,5,Early,154.2,223590.0
PO002331,2025-01-13,S05,SUP06,P07,196.0,1450.0,2025-01-19,2025-01-19,6,On-time,196.0,284200.0
PO002332,2025-02-05,S05,SUP06,P07,196.2,1455.8,2025-02-11,2025-02-14,9,Late,150.3,285628.0
PO002333,2025-02-16,S05,SUP06,P07,245.5,1455.8,2025-02-22,2025-02-22,6,On-time,245.5,357398.9
PO002334,2025-03-17,S05,SUP06,P07,214.2,1461.6,2025-03-23,2025-03-24,7,Late,214.2,313074.7
PO002335,2025-04-11,S05,SUP06,P07,191.2,1467.4,2025-04-17,2025-04-17,6,On-time,191.2,280566.9
PO002336,2025-05-10,S05,SUP06,P07,164.5,1473.2,2025-05-16,2025-05-17,7,Late,164.5,242341.4
PO002337,2025-06-01,S05,SUP06,P07,173.0,1479.0,2025-06-07,2025-06-11,10,Late,152.9,255867.0
PO002338,2025-06-21,S05,SUP06,P07,170.9,1479.0,2025-06-27,2025-06-27,6,On-time,170.9,252761.1
PO002339,2025-07-13,S05,SUP06,P07,178.1,1484.8,2025-07-19,2025-07-19,6,On-time,178.1,264442.9
PO002340,2025-08-06,S05,SUP06,P07,172.2,1490.6,2025-08-12,2025-08-12,6,On-time,172.2,256681.3
PO002341,2025-08-27,S05,SUP06,P07,180.7,1490.6,2025-09-02,2025-09-02,6,On-time,180.7,269351.4
PO002342,2025-09-20,S05,SUP06,P07,180.1,1496.4,2025-09-26,2025-09-26,6,On-time,180.1,269501.6
PO002343,2025-10-15,S05,SUP06,P07,168.2,1502.2,2025-10-21,2025-10-22,7,Late,168.2,252670.0
PO002344,2025-11-04,S05,SUP06,P07,188.3,1508.0,2025-11-10,2025-11-09,5,Early,188.3,283956.4
PO002345,2025-11-25,S05,SUP06,P07,196.4,1508.0,2025-12-01,2025-12-01,6,On-time,196.4,296171.2
PO002346,2025-12-15,S05,SUP06,P07,213.3,1513.8,2025-12-21,2025-12-20,5,Early,213.3,322893.5
PO002347,2025-01-01,S05,SUP06,P08,10.9,3200.0,2025-01-07,2025-01-06,5,Early,10.9,34880.0
PO002348,2025-01-15,S05,SUP06,P08,12.8,3200.0,2025-01-21,2025-01-23,8,Late,11.0,40960.0
PO002349,2025-02-02,S05,SUP06,P08,14.3,3212.8,2025-02-08,2025-02-08,6,On-time,14.3,45943.0
PO002350,2025-02-27,S05,SUP06,P08,13.3,3212.8,2025-03-05,2025-03-06,7,Late,13.3,42730.2
PO002351,2025-03-22,S05,SUP06,P08,14.1,3225.6,2025-03-28,2025-04-01,10,Late,11.0,45481.0
PO002352,2025-04-10,S05,SUP06,P08,13.3,3238.4,2025-04-16,2025-04-20,10,Late,10.3,43070.7
PO002353,2025-05-03,S05,SUP06,P08,12.1,3251.2,2025-05-09,2025-05-14,11,Late,9.7,39339.5
PO002354,2025-05-23,S05,SUP06,P08,11.7,3251.2,2025-05-29,2025-05-29,6,On-time,11.7,38039.0
PO002355,2025-06-15,S05,SUP06,P08,12.2,3264.0,2025-06-21,2025-06-21,6,On-time,12.2,39820.8
PO002356,2025-07-11,S05,SUP06,P08,11.9,3276.8,2025-07-17,2025-07-16,5,Early,11.9,38993.9
PO002357,2025-08-02,S05,SUP06,P08,12.7,3289.6,2025-08-08,2025-08-08,6,On-time,12.7,41777.9
PO002358,2025-08-28,S05,SUP06,P08,11.6,3289.6,2025-09-03,2025-09-04,7,Late,11.6,38159.4
PO002359,2025-09-20,S05,SUP06,P08,12.2,3302.4,2025-09-26,2025-09-26,6,On-time,12.2,40289.3
PO002360,2025-10-13,S05,SUP06,P08,12.4,3315.2,2025-10-19,2025-10-19,6,On-time,12.4,41108.5
PO002361,2025-11-05,S05,SUP06,P08,13.0,3328.0,2025-11-11,2025-11-14,9,Late,11.5,43264.0
PO002362,2025-11-22,S05,SUP06,P08,14.9,3328.0,2025-11-28,2025-11-28,6,On-time,14.9,49587.2
PO002363,2025-12-18,S05,SUP06,P08,13.9,3340.8,2025-12-24,2025-12-24,6,On-time,13.9,46437.1
PO002364,2025-01-01,S05,SUP04,P09,36.1,350.0,2025-01-06,2025-01-07,6,Late,36.1,12635.0
PO002365,2025-01-18,S05,SUP04,P09,38.0,350.0,2025-01-23,2025-01-26,8,Late,33.5,13300.0
PO002366,2025-02-07,S05,SUP04,P09,38.2,351.4,2025-02-12,2025-02-12,5,On-time,38.2,13423.5
PO002367,2025-02-27,S05,SUP04,P09,39.8,351.4,2025-03-04,2025-03-04,5,On-time,39.8,13985.7
PO002368,2025-03-17,S05,SUP04,P09,44.5,352.8,2025-03-22,2025-03-22,5,On-time,44.5,15699.6
PO002369,2025-04-06,S05,SUP04,P09,48.3,354.2,2025-04-11,2025-04-11,5,On-time,48.3,17107.9
PO002370,2025-05-04,S05,SUP04,P09,41.4,355.6,2025-05-09,2025-05-09,5,On-time,41.4,14721.8
PO002371,2025-05-29,S05,SUP04,P09,37.9,355.6,2025-06-03,2025-06-03,5,On-time,37.9,13477.2
PO002372,2025-06-16,S05,SUP04,P09,42.8,357.0,2025-06-21,2025-06-21,5,On-time,42.8,15279.6
PO002373,2025-07-08,S05,SUP04,P09,42.5,358.4,2025-07-13,2025-07-13,5,On-time,42.5,15232.0
PO002374,2025-08-01,S05,SUP04,P09,40.1,359.8,2025-08-06,2025-08-08,7,Late,35.2,14428.0
PO002375,2025-08-20,S05,SUP04,P09,40.9,359.8,2025-08-25,2025-08-25,5,On-time,40.9,14715.8
PO002376,2025-09-11,S05,SUP04,P09,41.8,361.2,2025-09-16,2025-09-16,5,On-time,41.8,15098.2
PO002377,2025-10-01,S05,SUP04,P09,44.6,362.6,2025-10-06,2025-10-06,5,On-time,44.6,16172.0
PO002378,2025-10-25,S05,SUP04,P09,41.8,362.6,2025-10-30,2025-10-31,6,Late,41.8,15156.7
PO002379,2025-11-15,S05,SUP04,P09,44.0,364.0,2025-11-20,2025-11-20,5,On-time,44.0,16016.0
PO002380,2025-12-07,S05,SUP04,P09,44.7,365.4,2025-12-12,2025-12-12,5,On-time,44.7,16333.4
PO002381,2025-12-31,S05,SUP04,P09,42.3,365.4,2026-01-05,2026-01-05,5,On-time,42.3,15456.4
PO002382,2025-01-01,S05,SUP01,P10,20.5,90.0,2025-01-04,2025-01-04,3,On-time,20.5,1845.0
PO002383,2025-01-20,S05,SUP01,P10,20.9,90.0,2025-01-23,2025-01-23,3,On-time,20.9,1881.0
PO002384,2025-02-11,S05,SUP01,P10,21.7,90.4,2025-02-14,2025-02-13,2,Early,21.7,1961.7
PO002385,2025-03-04,S05,SUP01,P10,23.0,90.7,2025-03-07,2025-03-07,3,On-time,23.0,2086.1
PO002386,2025-03-25,S05,SUP01,P10,24.4,90.7,2025-03-28,2025-03-28,3,On-time,24.4,2213.1
PO002387,2025-04-19,S05,SUP01,P10,22.8,91.1,2025-04-22,2025-04-26,7,Late,20.9,2077.1
PO002388,2025-05-11,S05,SUP01,P10,22.4,91.4,2025-05-14,2025-05-14,3,On-time,22.4,2047.4
PO002389,2025-06-03,S05,SUP01,P10,22.1,91.8,2025-06-06,2025-06-06,3,On-time,22.1,2028.8
PO002390,2025-06-25,S05,SUP01,P10,22.2,91.8,2025-06-28,2025-06-27,2,Early,22.2,2038.0
PO002391,2025-07-15,S05,SUP01,P10,22.8,92.2,2025-07-18,2025-07-18,3,On-time,22.8,2102.2
PO002392,2025-08-08,S05,SUP01,P10,23.6,92.5,2025-08-11,2025-08-10,2,Early,23.6,2183.0
PO002393,2025-08-31,S05,SUP01,P10,23.2,92.5,2025-09-03,2025-09-03,3,On-time,23.2,2146.0
PO002394,2025-09-24,S05,SUP01,P10,22.7,92.9,2025-09-27,2025-09-27,3,On-time,22.7,2108.8
PO002395,2025-10-17,S05,SUP01,P10,21.9,93.2,2025-10-20,2025-10-20,3,On-time,21.9,2041.1
PO002396,2025-11-08,S05,SUP01,P10,23.2,93.6,2025-11-11,2025-11-11,3,On-time,23.2,2171.5
PO002397,2025-11-30,S05,SUP01,P10,23.5,93.6,2025-12-03,2025-12-04,4,Late,23.5,2199.6
PO002398,2025-12-21,S05,SUP01,P10,25.3,94.0,2025-12-24,2025-12-24,3,On-time,25.3,2378.2
PO002399,2025-01-01,S05,SUP02,P11,30.8,1100.0,2025-01-03,2025-01-04,3,Late,30.8,33880.0
PO002400,2025-01-05,S05,SUP02,P11,37.0,1100.0,2025-01-07,2025-01-06,1,Early,37.0,40700.0
PO002401,2025-01-11,S05,SUP02,P11,39.9,1100.0,2025-01-13,2025-01-12,1,Early,39.9,43890.0
PO002402,2025-01-18,S05,SUP02,P11,40.4,1100.0,2025-01-20,2025-01-23,5,Late,28.7,44440.0
PO002403,2025-01-24,S05,SUP02,P11,39.3,1100.0,2025-01-26,2025-01-26,2,On-time,39.3,43230.0
PO002404,2025-01-30,S05,SUP02,P11,40.3,1100.0,2025-02-01,2025-02-01,2,On-time,40.3,44330.0
PO002405,2025-02-06,S05,SUP02,P11,40.8,1104.4,2025-02-08,2025-02-12,6,Late,35.0,45059.5
PO002406,2025-02-13,S05,SUP02,P11,47.3,1104.4,2025-02-15,2025-02-16,3,Late,47.3,52238.1
PO002407,2025-02-19,S05,SUP02,P11,48.1,1104.4,2025-02-21,2025-02-21,2,On-time,48.1,53121.6
PO002408,2025-02-28,S05,SUP02,P11,42.6,1104.4,2025-03-02,2025-03-02,2,On-time,42.6,47047.4
PO002409,2025-03-07,S05,SUP02,P11,42.9,1108.8,2025-03-09,2025-03-10,3,Late,42.9,47567.5
PO002410,2025-03-14,S05,SUP02,P11,43.2,1108.8,2025-03-16,2025-03-15,1,Early,43.2,47900.2
PO002411,2025-03-20,S05,SUP02,P11,44.0,1108.8,2025-03-22,2025-03-22,2,On-time,44.0,48787.2
PO002412,2025-03-26,S05,SUP02,P11,45.2,1108.8,2025-03-28,2025-03-28,2,On-time,45.2,50117.8
PO002413,2025-04-01,S05,SUP02,P11,49.9,1113.2,2025-04-03,2025-04-03,2,On-time,49.9,55548.7
PO002414,2025-04-11,S05,SUP02,P11,40.3,1113.2,2025-04-13,2025-04-12,1,Early,40.3,44862.0
PO002415,2025-04-19,S05,SUP02,P11,37.3,1113.2,2025-04-21,2025-04-25,6,Late,28.9,41522.4
PO002416,2025-04-26,S05,SUP02,P11,37.2,1113.2,2025-04-28,2025-04-28,2,On-time,37.2,41411.0
PO002417,2025-05-04,S05,SUP02,P11,34.4,1117.6,2025-05-06,2025-05-06,2,On-time,34.4,38445.4
PO002418,2025-05-11,S05,SUP02,P11,34.6,1117.6,2025-05-13,2025-05-13,2,On-time,34.6,38669.0
PO002419,2025-05-18,S05,SUP02,P11,35.0,1117.6,2025-05-20,2025-05-21,3,Late,35.0,39116.0
PO002420,2025-05-25,S05,SUP02,P11,35.4,1117.6,2025-05-27,2025-05-27,2,On-time,35.4,39563.0
PO002421,2025-06-02,S05,SUP02,P11,33.6,1122.0,2025-06-04,2025-06-08,6,Late,26.7,37699.2
PO002422,2025-06-08,S05,SUP02,P11,37.0,1122.0,2025-06-10,2025-06-11,3,Late,37.0,41514.0
PO002423,2025-06-16,S05,SUP02,P11,34.6,1122.0,2025-06-18,2025-06-18,2,On-time,34.6,38821.2
PO002424,2025-06-23,S05,SUP02,P11,34.1,1122.0,2025-06-25,2025-06-25,2,On-time,34.1,38260.2
PO002425,2025-07-01,S05,SUP02,P11,32.6,1126.4,2025-07-03,2025-07-02,1,Early,32.6,36720.6
PO002426,2025-07-07,S05,SUP02,P11,34.4,1126.4,2025-07-09,2025-07-08,1,Early,34.4,38748.2
PO002427,2025-07-14,S05,SUP02,P11,34.4,1126.4,2025-07-16,2025-07-15,1,Early,34.4,38748.2
PO002428,2025-07-21,S05,SUP02,P11,35.3,1126.4,2025-07-23,2025-07-23,2,On-time,35.3,39761.9
PO002429,2025-07-27,S05,SUP02,P11,38.2,1126.4,2025-07-29,2025-07-29,2,On-time,38.2,43028.5
PO002430,2025-08-03,S05,SUP02,P11,37.6,1130.8,2025-08-05,2025-08-04,1,Early,37.6,42518.1
PO002431,2025-08-11,S05,SUP02,P11,35.2,1130.8,2025-08-13,2025-08-13,2,On-time,35.2,39804.2
PO002432,2025-08-18,S05,SUP02,P11,36.0,1130.8,2025-08-20,2025-08-21,3,Late,36.0,40708.8
PO002433,2025-08-25,S05,SUP02,P11,34.7,1130.8,2025-08-27,2025-08-30,5,Late,31.8,39238.8
PO002434,2025-08-31,S05,SUP02,P11,35.7,1130.8,2025-09-02,2025-09-02,2,On-time,35.7,40369.6
PO002435,2025-09-08,S05,SUP02,P11,35.0,1135.2,2025-09-10,2025-09-09,1,Early,35.0,39732.0
PO002436,2025-09-15,S05,SUP02,P11,35.1,1135.2,2025-09-17,2025-09-16,1,Early,35.1,39845.5
PO002437,2025-09-22,S05,SUP02,P11,34.6,1135.2,2025-09-24,2025-09-29,7,Late,25.9,39277.9
PO002438,2025-09-30,S05,SUP02,P11,34.6,1135.2,2025-10-02,2025-10-02,2,On-time,34.6,39277.9
PO002439,2025-10-06,S05,SUP02,P11,35.9,1139.6,2025-10-08,2025-10-09,3,Late,35.9,40911.6
PO002440,2025-10-13,S05,SUP02,P11,35.4,1139.6,2025-10-15,2025-10-15,2,On-time,35.4,40341.8
PO002441,2025-10-20,S05,SUP02,P11,35.2,1139.6,2025-10-22,2025-10-27,7,Late,27.6,40113.9
PO002442,2025-10-29,S05,SUP02,P11,33.8,1139.6,2025-10-31,2025-10-31,2,On-time,33.8,38518.5
PO002443,2025-11-03,S05,SUP02,P11,37.4,1144.0,2025-11-05,2025-11-05,2,On-time,37.4,42785.6
PO002444,2025-11-09,S05,SUP02,P11,41.3,1144.0,2025-11-11,2025-11-10,1,Early,41.3,47247.2
PO002445,2025-11-15,S05,SUP02,P11,42.9,1144.0,2025-11-17,2025-11-17,2,On-time,42.9,49077.6
PO002446,2025-11-22,S05,SUP02,P11,44.7,1144.0,2025-11-24,2025-11-23,1,Early,44.7,51136.8
PO002447,2025-11-29,S05,SUP02,P11,44.7,1144.0,2025-12-01,2025-12-05,6,Late,40.1,51136.8
PO002448,2025-12-07,S05,SUP02,P11,45.0,1148.4,2025-12-09,2025-12-13,6,Late,32.2,51678.0
PO002449,2025-12-13,S05,SUP02,P11,46.1,1148.4,2025-12-15,2025-12-14,1,Early,46.1,52941.2
PO002450,2025-12-20,S05,SUP02,P11,46.6,1148.4,2025-12-22,2025-12-22,2,On-time,46.6,53515.4
PO002451,2025-12-28,S05,SUP02,P11,45.9,1148.4,2025-12-30,2026-01-03,6,Late,32.9,52711.6
PO002452,2025-01-01,S05,SUP05,P12,9.9,520.0,2025-01-02,2025-01-02,1,On-time,9.9,5148.0
PO002453,2025-01-03,S05,SUP05,P12,9.9,520.0,2025-01-04,2025-01-04,1,On-time,9.9,5148.0
PO002454,2025-01-05,S05,SUP05,P12,10.6,520.0,2025-01-06,2025-01-06,1,On-time,10.6,5512.0
PO002455,2025-01-08,S05,SUP05,P12,10.5,520.0,2025-01-09,2025-01-09,1,On-time,10.5,5460.0
PO002456,2025-01-11,S05,SUP05,P12,11.0,520.0,2025-01-12,2025-01-14,3,Late,7.8,5720.0
PO002457,2025-01-14,S05,SUP05,P12,10.7,520.0,2025-01-15,2025-01-16,2,Late,10.7,5564.0
PO002458,2025-01-17,S05,SUP05,P12,10.3,520.0,2025-01-18,2025-01-18,1,On-time,10.3,5356.0
PO002459,2025-01-20,S05,SUP05,P12,10.6,520.0,2025-01-21,2025-01-22,2,Late,10.6,5512.0
PO002460,2025-01-23,S05,SUP05,P12,10.2,520.0,2025-01-24,2025-01-28,5,Late,8.3,5304.0
PO002461,2025-01-28,S05,SUP05,P12,10.4,520.0,2025-01-29,2025-01-29,1,On-time,10.4,5408.0
PO002462,2025-01-31,S05,SUP05,P12,10.2,520.0,2025-02-01,2025-02-01,1,On-time,10.2,5304.0
PO002463,2025-02-02,S05,SUP05,P12,10.8,520.0,2025-02-03,2025-02-05,3,Late,9.2,5616.0
PO002464,2025-02-05,S05,SUP05,P12,10.5,520.0,2025-02-06,2025-02-06,1,On-time,10.5,5460.0
PO002465,2025-02-08,S05,SUP05,P12,10.7,520.0,2025-02-09,2025-02-09,1,On-time,10.7,5564.0
PO002466,2025-02-11,S05,SUP05,P12,10.4,520.0,2025-02-12,2025-02-12,1,On-time,10.4,5408.0
PO002467,2025-02-13,S05,SUP05,P12,12.0,520.0,2025-02-14,2025-02-18,5,Late,8.7,6240.0
PO002468,2025-02-18,S05,SUP05,P12,12.8,520.0,2025-02-19,2025-02-20,2,Late,12.8,6656.0
PO002469,2025-02-21,S05,SUP05,P12,12.4,520.0,2025-02-22,2025-02-22,1,On-time,12.4,6448.0
PO002470,2025-02-24,S05,SUP05,P12,12.2,520.0,2025-02-25,2025-02-25,1,On-time,12.2,6344.0
PO002471,2025-02-28,S05,SUP05,P12,11.5,520.0,2025-03-01,2025-03-01,1,On-time,11.5,5980.0
PO002472,2025-03-03,S05,SUP05,P12,11.8,520.0,2025-03-04,2025-03-04,1,On-time,11.8,6136.0
PO002473,2025-03-06,S05,SUP05,P12,11.8,520.0,2025-03-07,2025-03-08,2,Late,11.8,6136.0
PO002474,2025-03-08,S05,SUP05,P12,12.5,520.0,2025-03-09,2025-03-13,5,Late,9.1,6500.0
PO002475,2025-03-13,S05,SUP05,P12,12.0,520.0,2025-03-14,2025-03-14,1,On-time,12.0,6240.0
PO002476,2025-03-16,S05,SUP05,P12,12.3,520.0,2025-03-17,2025-03-17,1,On-time,12.3,6396.0
PO002477,2025-03-19,S05,SUP05,P12,12.2,520.0,2025-03-20,2025-03-20,1,On-time,12.2,6344.0
PO002478,2025-03-22,S05,SUP05,P12,12.8,520.0,2025-03-23,2025-03-24,2,Late,12.8,6656.0
PO002479,2025-03-25,S05,SUP05,P12,13.0,520.0,2025-03-26,2025-03-27,2,Late,13.0,6760.0
PO002480,2025-03-28,S05,SUP05,P12,12.9,520.0,2025-03-29,2025-03-29,1,On-time,12.9,6708.0
PO002481,2025-03-31,S05,SUP05,P12,13.1,520.0,2025-04-01,2025-04-01,1,On-time,13.1,6812.0
PO002482,2025-04-02,S05,SUP05,P12,7.6,812.5,2025-04-03,2025-04-03,1,On-time,7.6,6175.0
PO002483,2025-04-04,S05,SUP05,P12,7.3,812.5,2025-04-05,2025-04-07,3,Late,7.3,5931.2
PO002484,2025-04-07,S05,SUP05,P12,6.9,812.5,2025-04-08,2025-04-08,1,On-time,6.9,5606.2
PO002485,2025-04-08,S05,SUP05,P12,6.7,812.5,2025-04-09,2025-04-10,2,Late,6.7,5443.8
PO002486,2025-04-11,S05,SUP05,P12,6.4,812.5,2025-04-12,2025-04-13,2,Late,6.4,5200.0
PO002487,2025-04-13,S05,SUP05,P12,6.5,812.5,2025-04-14,2025-04-16,3,Late,5.0,5281.2
PO002488,2025-04-16,S05,SUP05,P12,6.2,812.5,2025-04-17,2025-04-17,1,On-time,6.2,5037.5
PO002489,2025-04-17,S05,SUP05,P12,6.2,812.5,2025-04-18,2025-04-18,1,On-time,6.2,5037.5
PO002490,2025-04-18,S05,SUP05,P12,6.2,812.5,2025-04-19,2025-04-20,2,Late,6.2,5037.5
PO002491,2025-04-20,S05,SUP05,P12,6.3,812.5,2025-04-21,2025-04-21,1,On-time,6.3,5118.8
PO002492,2025-04-21,S05,SUP05,P12,6.2,812.5,2025-04-22,2025-04-22,1,On-time,6.2,5037.5
PO002493,2025-04-24,S05,SUP05,P12,5.8,812.5,2025-04-25,2025-04-27,3,Late,4.6,4712.5
PO002494,2025-04-27,S05,SUP05,P12,6.1,812.5,2025-04-28,2025-04-28,1,On-time,6.1,4956.2
PO002495,2025-04-28,S05,SUP05,P12,5.9,812.5,2025-04-29,2025-04-29,1,On-time,5.9,4793.8
PO002496,2025-04-29,S05,SUP05,P12,5.8,812.5,2025-04-30,2025-04-30,1,On-time,5.8,4712.5
PO002497,2025-05-01,S05,SUP05,P12,5.8,812.5,2025-05-02,2025-05-02,1,On-time,5.8,4712.5
PO002498,2025-05-03,S05,SUP05,P12,5.8,812.5,2025-05-04,2025-05-08,5,Late,4.7,4712.5
PO002499,2025-05-08,S05,SUP05,P12,5.6,812.5,2025-05-09,2025-05-09,1,On-time,5.6,4550.0
PO002500,2025-05-09,S05,SUP05,P12,5.7,812.5,2025-05-10,2025-05-10,1,On-time,5.7,4631.2
PO002501,2025-05-10,S05,SUP05,P12,5.8,812.5,2025-05-11,2025-05-11,1,On-time,5.8,4712.5
PO002502,2025-05-11,S05,SUP05,P12,6.0,812.5,2025-05-12,2025-05-12,1,On-time,6.0,4875.0
PO002503,2025-05-13,S05,SUP05,P12,5.9,812.5,2025-05-14,2025-05-14,1,On-time,5.9,4793.8
PO002504,2025-05-15,S05,SUP05,P12,5.7,812.5,2025-05-16,2025-05-16,1,On-time,5.7,4631.2
PO002505,2025-05-16,S05,SUP05,P12,5.8,812.5,2025-05-17,2025-05-21,5,Late,5.2,4712.5
PO002506,2025-05-21,S05,SUP05,P12,5.9,812.5,2025-05-22,2025-05-22,1,On-time,5.9,4793.8
PO002507,2025-05-22,S05,SUP05,P12,5.8,812.5,2025-05-23,2025-05-28,6,Late,5.0,4712.5
PO002508,2025-05-28,S05,SUP05,P12,5.8,812.5,2025-05-29,2025-05-29,1,On-time,5.8,4712.5
PO002509,2025-05-29,S05,SUP05,P12,5.8,812.5,2025-05-30,2025-06-01,3,Late,5.3,4712.5
PO002510,2025-06-01,S05,SUP05,P12,6.1,812.5,2025-06-02,2025-06-02,1,On-time,6.1,4956.2
PO002511,2025-06-02,S05,SUP05,P12,6.1,812.5,2025-06-03,2025-06-03,1,On-time,6.1,4956.2
PO002512,2025-06-04,S05,SUP05,P12,5.9,812.5,2025-06-05,2025-06-07,3,Late,4.6,4793.8
PO002513,2025-06-07,S05,SUP05,P12,6.4,812.5,2025-06-08,2025-06-08,1,On-time,6.4,5200.0
PO002514,2025-06-08,S05,SUP05,P12,6.7,812.5,2025-06-09,2025-06-09,1,On-time,6.7,5443.8
PO002515,2025-06-09,S05,SUP05,P12,6.7,812.5,2025-06-10,2025-06-15,6,Late,5.0,5443.8
PO002516,2025-06-15,S05,SUP05,P12,6.8,812.5,2025-06-16,2025-06-17,2,Late,6.8,5525.0
PO002517,2025-06-17,S05,SUP05,P12,6.5,812.5,2025-06-18,2025-06-18,1,On-time,6.5,5281.2
PO002518,2025-06-18,S05,SUP05,P12,6.4,812.5,2025-06-19,2025-06-19,1,On-time,6.4,5200.0
PO002519,2025-06-20,S05,SUP05,P12,6.3,812.5,2025-06-21,2025-06-21,1,On-time,6.3,5118.8
PO002520,2025-06-22,S05,SUP05,P12,6.4,812.5,2025-06-23,2025-06-23,1,On-time,6.4,5200.0
PO002521,2025-06-23,S05,SUP05,P12,6.3,812.5,2025-06-24,2025-06-24,1,On-time,6.3,5118.8
PO002522,2025-06-25,S05,SUP05,P12,6.3,812.5,2025-06-26,2025-06-26,1,On-time,6.3,5118.8
PO002523,2025-06-27,S05,SUP05,P12,6.3,812.5,2025-06-28,2025-06-28,1,On-time,6.3,5118.8
PO002524,2025-06-28,S05,SUP05,P12,6.3,812.5,2025-06-29,2025-06-29,1,On-time,6.3,5118.8
PO002525,2025-06-30,S05,SUP05,P12,6.1,812.5,2025-07-01,2025-07-01,1,On-time,6.1,4956.2
PO002526,2025-07-02,S05,SUP05,P12,6.1,812.5,2025-07-03,2025-07-03,1,On-time,6.1,4956.2
PO002527,2025-07-04,S05,SUP05,P12,6.2,812.5,2025-07-05,2025-07-05,1,On-time,6.2,5037.5
PO002528,2025-07-05,S05,SUP05,P12,6.3,812.5,2025-07-06,2025-07-06,1,On-time,6.3,5118.8
PO002529,2025-07-07,S05,SUP05,P12,6.3,812.5,2025-07-08,2025-07-09,2,Late,6.3,5118.8
PO002530,2025-07-09,S05,SUP05,P12,6.1,812.5,2025-07-10,2025-07-10,1,On-time,6.1,4956.2
PO002531,2025-07-10,S05,SUP05,P12,6.1,812.5,2025-07-11,2025-07-11,1,On-time,6.1,4956.2
PO002532,2025-07-12,S05,SUP05,P12,6.2,812.5,2025-07-13,2025-07-14,2,Late,6.2,5037.5
PO002533,2025-07-14,S05,SUP05,P12,6.1,812.5,2025-07-15,2025-07-15,1,On-time,6.1,4956.2
PO002534,2025-07-16,S05,SUP05,P12,5.9,812.5,2025-07-17,2025-07-17,1,On-time,5.9,4793.8
PO002535,2025-07-17,S05,SUP05,P12,5.9,812.5,2025-07-18,2025-07-22,5,Late,4.7,4793.8
PO002536,2025-07-22,S05,SUP05,P12,6.1,812.5,2025-07-23,2025-07-26,4,Late,5.0,4956.2
PO002537,2025-07-26,S05,SUP05,P12,6.0,812.5,2025-07-27,2025-07-27,1,On-time,6.0,4875.0
PO002538,2025-07-27,S05,SUP05,P12,6.2,812.5,2025-07-28,2025-07-29,2,Late,6.2,5037.5
PO002539,2025-07-29,S05,SUP05,P12,5.9,812.5,2025-07-30,2025-08-02,4,Late,5.2,4793.8
PO002540,2025-08-02,S05,SUP05,P12,6.1,812.5,2025-08-03,2025-08-03,1,On-time,6.1,4956.2
PO002541,2025-08-03,S05,SUP05,P12,6.1,812.5,2025-08-04,2025-08-05,2,Late,6.1,4956.2
PO002542,2025-08-05,S05,SUP05,P12,6.0,812.5,2025-08-06,2025-08-06,1,On-time,6.0,4875.0
PO002543,2025-08-06,S05,SUP05,P12,6.1,812.5,2025-08-07,2025-08-07,1,On-time,6.1,4956.2
PO002544,2025-08-08,S05,SUP05,P12,5.9,812.5,2025-08-09,2025-08-09,1,On-time,5.9,4793.8
PO002545,2025-08-09,S05,SUP05,P12,6.1,812.5,2025-08-10,2025-08-10,1,On-time,6.1,4956.2
PO002546,2025-08-10,S05,SUP05,P12,6.2,812.5,2025-08-11,2025-08-11,1,On-time,6.2,5037.5
PO002547,2025-08-12,S05,SUP05,P12,6.1,812.5,2025-08-13,2025-08-13,1,On-time,6.1,4956.2
PO002548,2025-08-14,S05,SUP05,P12,6.1,812.5,2025-08-15,2025-08-16,2,Late,6.1,4956.2
PO002549,2025-08-16,S05,SUP05,P12,6.6,812.5,2025-08-17,2025-08-17,1,On-time,6.6,5362.5
PO002550,2025-08-17,S05,SUP05,P12,6.6,812.5,2025-08-18,2025-08-18,1,On-time,6.6,5362.5
PO002551,2025-08-18,S05,SUP05,P12,6.5,812.5,2025-08-19,2025-08-19,1,On-time,6.5,5281.2
PO002552,2025-08-20,S05,SUP05,P12,6.3,812.5,2025-08-21,2025-08-25,5,Late,4.6,5118.8
PO002553,2025-08-25,S05,SUP05,P12,6.2,812.5,2025-08-26,2025-08-26,1,On-time,6.2,5037.5
PO002554,2025-08-26,S05,SUP05,P12,6.1,812.5,2025-08-27,2025-08-27,1,On-time,6.1,4956.2
PO002555,2025-08-28,S05,SUP05,P12,6.0,812.5,2025-08-29,2025-09-02,5,Late,5.1,4875.0
PO002556,2025-09-02,S05,SUP05,P12,5.9,812.5,2025-09-03,2025-09-04,2,Late,5.9,4793.8
PO002557,2025-09-04,S05,SUP05,P12,5.8,812.5,2025-09-05,2025-09-05,1,On-time,5.8,4712.5
PO002558,2025-09-05,S05,SUP05,P12,5.7,812.5,2025-09-06,2025-09-10,5,Late,4.2,4631.2
PO002559,2025-09-10,S05,SUP05,P12,5.9,812.5,2025-09-11,2025-09-13,3,Late,5.4,4793.8
PO002560,2025-09-13,S05,SUP05,P12,6.1,812.5,2025-09-14,2025-09-14,1,On-time,6.1,4956.2
PO002561,2025-09-14,S05,SUP05,P12,6.1,812.5,2025-09-15,2025-09-15,1,On-time,6.1,4956.2
PO002562,2025-09-15,S05,SUP05,P12,5.9,812.5,2025-09-16,2025-09-16,1,On-time,5.9,4793.8
PO002563,2025-09-17,S05,SUP05,P12,6.0,812.5,2025-09-18,2025-09-18,1,On-time,6.0,4875.0
PO002564,2025-09-18,S05,SUP05,P12,6.0,812.5,2025-09-19,2025-09-20,2,Late,6.0,4875.0
PO002565,2025-09-20,S05,SUP05,P12,6.2,812.5,2025-09-21,2025-09-21,1,On-time,6.2,5037.5
PO002566,2025-09-21,S05,SUP05,P12,6.3,812.5,2025-09-22,2025-09-24,3,Late,5.3,5118.8
PO002567,2025-09-24,S05,SUP05,P12,6.1,812.5,2025-09-25,2025-09-25,1,On-time,6.1,4956.2
PO002568,2025-09-25,S05,SUP05,P12,6.2,812.5,2025-09-26,2025-09-26,1,On-time,6.2,5037.5
PO002569,2025-09-26,S05,SUP05,P12,6.1,812.5,2025-09-27,2025-09-27,1,On-time,6.1,4956.2
PO002570,2025-09-28,S05,SUP05,P12,6.2,812.5,2025-09-29,2025-09-29,1,On-time,6.2,5037.5
PO002571,2025-09-30,S05,SUP05,P12,6.1,812.5,2025-10-01,2025-10-01,1,On-time,6.1,4956.2
PO002572,2025-10-02,S05,SUP05,P12,6.0,812.5,2025-10-03,2025-10-03,1,On-time,6.0,4875.0
PO002573,2025-10-03,S05,SUP05,P12,6.1,812.5,2025-10-04,2025-10-04,1,On-time,6.1,4956.2
PO002574,2025-10-04,S05,SUP05,P12,6.2,812.5,2025-10-05,2025-10-06,2,Late,6.2,5037.5
PO002575,2025-10-06,S05,SUP05,P12,6.2,812.5,2025-10-07,2025-10-07,1,On-time,6.2,5037.5
PO002576,2025-10-08,S05,SUP05,P12,5.9,812.5,2025-10-09,2025-10-09,1,On-time,5.9,4793.8
PO002577,2025-10-10,S05,SUP05,P12,5.9,812.5,2025-10-11,2025-10-11,1,On-time,5.9,4793.8
PO002578,2025-10-12,S05,SUP05,P12,6.1,812.5,2025-10-13,2025-10-16,4,Late,4.9,4956.2
PO002579,2025-10-16,S05,SUP05,P12,5.9,812.5,2025-10-17,2025-10-17,1,On-time,5.9,4793.8
PO002580,2025-10-17,S05,SUP05,P12,6.0,812.5,2025-10-18,2025-10-18,1,On-time,6.0,4875.0
PO002581,2025-10-18,S05,SUP05,P12,6.2,812.5,2025-10-19,2025-10-20,2,Late,6.2,5037.5
PO002582,2025-10-20,S05,SUP05,P12,6.3,812.5,2025-10-21,2025-10-26,6,Late,5.2,5118.8
PO002583,2025-10-26,S05,SUP05,P12,6.2,812.5,2025-10-27,2025-10-28,2,Late,6.2,5037.5
PO002584,2025-10-28,S05,SUP05,P12,6.0,812.5,2025-10-29,2025-10-29,1,On-time,6.0,4875.0
PO002585,2025-10-29,S05,SUP05,P12,5.9,812.5,2025-10-30,2025-10-30,1,On-time,5.9,4793.8
PO002586,2025-10-31,S05,SUP05,P12,5.9,812.5,2025-11-01,2025-11-01,1,On-time,5.9,4793.8
PO002587,2025-11-01,S05,SUP05,P12,6.2,812.5,2025-11-02,2025-11-03,2,Late,6.2,5037.5
PO002588,2025-11-03,S05,SUP05,P12,6.1,812.5,2025-11-04,2025-11-04,1,On-time,6.1,4956.2
PO002589,2025-11-04,S05,SUP05,P12,6.1,812.5,2025-11-05,2025-11-05,1,On-time,6.1,4956.2
PO002590,2025-11-06,S05,SUP05,P12,6.2,812.5,2025-11-07,2025-11-07,1,On-time,6.2,5037.5
PO002591,2025-11-08,S05,SUP05,P12,6.4,812.5,2025-11-09,2025-11-09,1,On-time,6.4,5200.0
PO002592,2025-11-09,S05,SUP05,P12,6.4,812.5,2025-11-10,2025-11-11,2,Late,6.4,5200.0
PO002593,2025-11-11,S05,SUP05,P12,6.2,812.5,2025-11-12,2025-11-13,2,Late,6.2,5037.5
PO002594,2025-11-13,S05,SUP05,P12,6.2,812.5,2025-11-14,2025-11-16,3,Late,6.2,5037.5
PO002595,2025-11-16,S05,SUP05,P12,6.4,812.5,2025-11-17,2025-11-17,1,On-time,6.4,5200.0
PO002596,2025-11-17,S05,SUP05,P12,6.3,812.5,2025-11-18,2025-11-18,1,On-time,6.3,5118.8
PO002597,2025-11-19,S05,SUP05,P12,6.2,812.5,2025-11-20,2025-11-20,1,On-time,6.2,5037.5
PO002598,2025-11-20,S05,SUP05,P12,6.2,812.5,2025-11-21,2025-11-21,1,On-time,6.2,5037.5
PO002599,2025-11-22,S05,SUP05,P12,6.3,812.5,2025-11-23,2025-11-24,2,Late,6.3,5118.8
PO002600,2025-11-24,S05,SUP05,P12,6.3,812.5,2025-11-25,2025-11-28,4,Late,5.2,5118.8
PO002601,2025-11-28,S05,SUP05,P12,6.1,812.5,2025-11-29,2025-11-30,2,Late,6.1,4956.2
PO002602,2025-11-30,S05,SUP05,P12,6.5,812.5,2025-12-01,2025-12-05,5,Late,6.0,5281.2
PO002603,2025-12-05,S05,SUP05,P12,11.2,520.0,2025-12-06,2025-12-06,1,On-time,11.2,5824.0
PO002604,2025-12-07,S05,SUP05,P12,11.4,520.0,2025-12-08,2025-12-11,4,Late,10.5,5928.0
PO002605,2025-12-11,S05,SUP05,P12,10.9,520.0,2025-12-12,2025-12-13,2,Late,10.9,5668.0
PO002606,2025-12-14,S05,SUP05,P12,11.5,520.0,2025-12-15,2025-12-15,1,On-time,11.5,5980.0
PO002607,2025-12-17,S05,SUP05,P12,11.2,520.0,2025-12-18,2025-12-18,1,On-time,11.2,5824.0
PO002608,2025-12-20,S05,SUP05,P12,11.4,520.0,2025-12-21,2025-12-22,2,Late,11.4,5928.0
PO002609,2025-12-22,S05,SUP05,P12,11.6,520.0,2025-12-23,2025-12-27,5,Late,8.4,6032.0
PO002610,2025-12-27,S05,SUP05,P12,11.7,520.0,2025-12-28,2025-12-28,1,On-time,11.7,6084.0
PO002611,2025-12-30,S05,SUP05,P12,11.4,520.0,2025-12-31,2026-01-01,2,Late,11.4,5928.0
PO002612,2025-01-01,S06,SUP01,P01,453.4,150.0,2025-01-04,2025-01-03,2,Early,453.4,68010.0
PO002613,2025-01-16,S06,SUP01,P01,461.8,150.0,2025-01-19,2025-01-19,3,On-time,461.8,69270.0
PO002614,2025-02-01,S06,SUP01,P01,491.7,150.6,2025-02-04,2025-02-05,4,Late,491.7,74050.0
PO002615,2025-02-19,S06,SUP01,P01,488.7,150.6,2025-02-22,2025-02-22,3,On-time,488.7,73598.2
PO002616,2025-03-08,S06,SUP01,P01,520.8,151.2,2025-03-11,2025-03-11,3,On-time,520.8,78745.0
PO002617,2025-03-25,S06,SUP01,P01,546.0,151.2,2025-03-28,2025-03-27,2,Early,546.0,82555.2
PO002618,2025-04-12,S06,SUP01,P01,549.9,151.8,2025-04-15,2025-04-15,3,On-time,549.9,83474.8
PO002619,2025-05-03,S06,SUP01,P01,488.4,152.4,2025-05-06,2025-05-06,3,On-time,488.4,74432.2
PO002620,2025-05-20,S06,SUP01,P01,503.7,152.4,2025-05-23,2025-05-23,3,On-time,503.7,76763.9
PO002621,2025-06-07,S06,SUP01,P01,560.2,153.0,2025-06-10,2025-06-10,3,On-time,560.2,85710.6
PO002622,2025-06-26,S06,SUP01,P01,505.3,153.0,2025-06-29,2025-06-29,3,On-time,505.3,77310.9
PO002623,2025-07-13,S06,SUP01,P01,527.6,153.6,2025-07-16,2025-07-16,3,On-time,527.6,81039.4
PO002624,2025-07-31,S06,SUP01,P01,493.5,153.6,2025-08-03,2025-08-02,2,Early,493.5,75801.6
PO002625,2025-08-17,S06,SUP01,P01,535.9,154.2,2025-08-20,2025-08-20,3,On-time,535.9,82635.8
PO002626,2025-09-05,S06,SUP01,P01,498.2,154.8,2025-09-08,2025-09-08,3,On-time,498.2,77121.4
PO002627,2025-09-21,S06,SUP01,P01,535.7,154.8,2025-09-24,2025-09-27,6,Late,491.5,82926.4
PO002628,2025-10-08,S06,SUP01,P01,526.4,155.4,2025-10-11,2025-10-11,3,On-time,526.4,81802.6
PO002629,2025-10-26,S06,SUP01,P01,532.2,155.4,2025-10-29,2025-10-28,2,Early,532.2,82703.9
PO002630,2025-11-14,S06,SUP01,P01,504.5,156.0,2025-11-17,2025-11-17,3,On-time,504.5,78702.0
PO002631,2025-12-01,S06,SUP01,P01,526.0,156.6,2025-12-04,2025-12-05,4,Late,526.0,82371.6
PO002632,2025-12-19,S06,SUP01,P01,534.6,156.6,2025-12-22,2025-12-22,3,On-time,534.6,83718.4
PO002633,2025-01-01,S06,SUP03,P02,310.7,180.0,2025-01-05,2025-01-04,3,Early,310.7,55926.0
PO002634,2025-01-14,S06,SUP03,P02,356.7,180.0,2025-01-18,2025-01-19,5,Late,356.7,64206.0
PO002635,2025-02-03,S06,SUP03,P02,354.9,180.7,2025-02-07,2025-02-06,3,Early,354.9,64130.4
PO002636,2025-02-23,S06,SUP03,P02,359.2,180.7,2025-02-27,2025-02-28,5,Late,359.2,64907.4
PO002637,2025-03-12,S06,SUP03,P02,402.3,181.4,2025-03-16,2025-03-17,5,Late,402.3,72977.2
PO002638,2025-03-30,S06,SUP03,P02,433.7,181.4,2025-04-03,2025-04-03,4,On-time,433.7,78673.2
PO002639,2025-04-26,S06,SUP03,P02,344.7,182.2,2025-04-30,2025-04-30,4,On-time,344.7,62804.3
PO002640,2025-05-15,S06,SUP03,P02,345.2,182.9,2025-05-19,2025-05-19,4,On-time,345.2,63137.1
PO002641,2025-06-04,S06,SUP03,P02,350.4,183.6,2025-06-08,2025-06-08,4,On-time,350.4,64333.4
PO002642,2025-06-24,S06,SUP03,P02,348.1,183.6,2025-06-28,2025-06-28,4,On-time,348.1,63911.2
PO002643,2025-07-14,S06,SUP03,P02,345.8,184.3,2025-07-18,2025-07-18,4,On-time,345.8,63730.9
PO002644,2025-08-03,S06,SUP03,P02,352.0,185.0,2025-08-07,2025-08-06,3,Early,352.0,65120.0
PO002645,2025-08-23,S06,SUP03,P02,360.7,185.0,2025-08-27,2025-08-27,4,On-time,360.7,66729.5
PO002646,2025-09-13,S06,SUP03,P02,347.6,185.8,2025-09-17,2025-09-17,4,On-time,347.6,64584.1
PO002647,2025-10-03,S06,SUP03,P02,347.1,186.5,2025-10-07,2025-10-08,5,Late,347.1,64734.2
PO002648,2025-10-23,S06,SUP03,P02,340.5,186.5,2025-10-27,2025-10-27,4,On-time,340.5,63503.2
PO002649,2025-11-09,S06,SUP03,P02,381.1,187.2,2025-11-13,2025-11-14,5,Late,381.1,71341.9
PO002650,2025-11-28,S06,SUP03,P02,394.0,187.2,2025-12-02,2025-12-02,4,On-time,394.0,73756.8
PO002651,2025-12-18,S06,SUP03,P02,382.2,187.9,2025-12-22,2025-12-22,4,On-time,382.2,71815.4
PO002652,2025-01-01,S06,SUP02,P03,47.4,1200.0,2025-01-03,2025-01-03,2,On-time,47.4,56880.0
PO002653,2025-01-05,S06,SUP02,P03,53.8,1200.0,2025-01-07,2025-01-07,2,On-time,53.8,64560.0
PO002654,2025-01-11,S06,SUP02,P03,57.1,1200.0,2025-01-13,2025-01-14,3,Late,57.1,68520.0
PO002655,2025-01-18,S06,SUP02,P03,58.9,1200.0,2025-01-20,2025-01-21,3,Late,58.9,70680.0
PO002656,2025-01-24,S06,SUP02,P03,60.0,1200.0,2025-01-26,2025-01-26,2,On-time,60.0,72000.0
PO002657,2025-01-30,S06,SUP02,P03,60.3,1200.0,2025-02-01,2025-01-31,1,Early,60.3,72360.0
PO002658,2025-02-06,S06,SUP02,P03,61.6,1204.8,2025-02-08,2025-02-09,3,Late,61.6,74215.7
PO002659,2025-02-12,S06,SUP02,P03,63.7,1204.8,2025-02-14,2025-02-14,2,On-time,63.7,76745.8
PO002660,2025-02-18,S06,SUP02,P03,66.8,1204.8,2025-02-20,2025-02-20,2,On-time,66.8,80480.6
PO002661,2025-02-26,S06,SUP02,P03,61.8,1204.8,2025-02-28,2025-02-28,2,On-time,61.8,74456.6
PO002662,2025-03-05,S06,SUP02,P03,61.0,1209.6,2025-03-07,2025-03-07,2,On-time,61.0,73785.6
PO002663,2025-03-12,S06,SUP02,P03,64.1,1209.6,2025-03-14,2025-03-18,6,Late,54.2,77535.4
PO002664,2025-03-19,S06,SUP02,P03,66.3,1209.6,2025-03-21,2025-03-21,2,On-time,66.3,80196.5
PO002665,2025-03-26,S06,SUP02,P03,65.6,1209.6,2025-03-28,2025-03-30,4,Late,65.6,79349.8
PO002666,2025-04-01,S06,SUP02,P03,74.0,1214.4,2025-04-03,2025-04-03,2,On-time,74.0,89865.6
PO002667,2025-04-10,S06,SUP02,P03,61.8,1214.4,2025-04-12,2025-04-11,1,Early,61.8,75049.9
PO002668,2025-04-19,S06,SUP02,P03,57.5,1214.4,2025-04-21,2025-04-24,5,Late,52.2,69828.0
PO002669,2025-04-26,S06,SUP02,P03,53.8,1214.4,2025-04-28,2025-04-27,1,Early,53.8,65334.7
PO002670,2025-05-03,S06,SUP02,P03,54.6,1219.2,2025-05-05,2025-05-05,2,On-time,54.6,66568.3
PO002671,2025-05-11,S06,SUP02,P03,53.8,1219.2,2025-05-13,2025-05-12,1,Early,53.8,65593.0
PO002672,2025-05-18,S06,SUP02,P03,53.7,1219.2,2025-05-20,2025-05-20,2,On-time,53.7,65471.0
PO002673,2025-05-25,S06,SUP02,P03,52.9,1219.2,2025-05-27,2025-05-27,2,On-time,52.9,64495.7
PO002674,2025-06-01,S06,SUP02,P03,53.4,1224.0,2025-06-03,2025-06-03,2,On-time,53.4,65361.6
PO002675,2025-06-08,S06,SUP02,P03,58.5,1224.0,2025-06-10,2025-06-10,2,On-time,58.5,71604.0
PO002676,2025-06-14,S06,SUP02,P03,57.9,1224.0,2025-06-16,2025-06-18,4,Late,48.5,70869.6
PO002677,2025-06-21,S06,SUP02,P03,55.8,1224.0,2025-06-23,2025-06-24,3,Late,55.8,68299.2
PO002678,2025-06-28,S06,SUP02,P03,55.4,1224.0,2025-06-30,2025-07-03,5,Late,41.8,67809.6
PO002679,2025-07-04,S06,SUP02,P03,54.7,1228.8,2025-07-06,2025-07-06,2,On-time,54.7,67215.4
PO002680,2025-07-11,S06,SUP02,P03,53.7,1228.8,2025-07-13,2025-07-16,5,Late,40.4,65986.6
PO002681,2025-07-17,S06,SUP02,P03,53.4,1228.8,2025-07-19,2025-07-19,2,On-time,53.4,65617.9
PO002682,2025-07-24,S06,SUP02,P03,52.8,1228.8,2025-07-26,2025-07-26,2,On-time,52.8,64880.6
PO002683,2025-07-30,S06,SUP02,P03,55.4,1228.8,2025-08-01,2025-08-01,2,On-time,55.4,68075.5
PO002684,2025-08-06,S06,SUP02,P03,55.5,1233.6,2025-08-08,2025-08-09,3,Late,55.5,68464.8
PO002685,2025-08-13,S06,SUP02,P03,54.6,1233.6,2025-08-15,2025-08-19,6,Late,45.1,67354.6
PO002686,2025-08-21,S06,SUP02,P03,54.4,1233.6,2025-08-23,2025-08-22,1,Early,54.4,67107.8
PO002687,2025-08-27,S06,SUP02,P03,54.4,1233.6,2025-08-29,2025-08-30,3,Late,54.4,67107.8
PO002688,2025-09-04,S06,SUP02,P03,53.2,1238.4,2025-09-06,2025-09-11,7,Late,38.7,65882.9
PO002689,2025-09-12,S06,SUP02,P03,53.2,1238.4,2025-09-14,2025-09-14,2,On-time,53.2,65882.9
PO002690,2025-09-18,S06,SUP02,P03,53.6,1238.4,2025-09-20,2025-09-20,2,On-time,53.6,66378.2
PO002691,2025-09-26,S06,SUP02,P03,52.2,1238.4,2025-09-28,2025-09-29,3,Late,52.2,64644.5
PO002692,2025-10-03,S06,SUP02,P03,52.5,1243.2,2025-10-05,2025-10-05,2,On-time,52.5,65268.0
PO002693,2025-10-09,S06,SUP02,P03,53.4,1243.2,2025-10-11,2025-10-11,2,On-time,53.4,66386.9
PO002694,2025-10-16,S06,SUP02,P03,53.7,1243.2,2025-10-18,2025-10-17,1,Early,53.7,66759.8
PO002695,2025-10-23,S06,SUP02,P03,54.3,1243.2,2025-10-25,2025-10-25,2,On-time,54.3,67505.8
PO002696,2025-10-30,S06,SUP02,P03,52.4,1243.2,2025-11-01,2025-10-31,1,Early,52.4,65143.7
PO002697,2025-11-05,S06,SUP02,P03,59.2,1248.0,2025-11-07,2025-11-08,3,Late,59.2,73881.6
PO002698,2025-11-10,S06,SUP02,P03,63.5,1248.0,2025-11-12,2025-11-16,6,Late,51.9,79248.0
PO002699,2025-11-17,S06,SUP02,P03,65.6,1248.0,2025-11-19,2025-11-20,3,Late,65.6,81868.8
PO002700,2025-11-24,S06,SUP02,P03,65.9,1248.0,2025-11-26,2025-11-27,3,Late,65.9,82243.2
PO002701,2025-12-01,S06,SUP02,P03,64.4,1252.8,2025-12-03,2025-12-03,2,On-time,64.4,80680.3
PO002702,2025-12-08,S06,SUP02,P03,66.6,1252.8,2025-12-10,2025-12-10,2,On-time,66.6,83436.5
PO002703,2025-12-15,S06,SUP02,P03,67.0,1252.8,2025-12-17,2025-12-21,6,Late,62.2,83937.6
PO002704,2025-12-23,S06,SUP02,P03,66.9,1252.8,2025-12-25,2025-12-25,2,On-time,66.9,83812.3
PO002705,2025-12-30,S06,SUP02,P03,66.5,1252.8,2026-01-01,2026-01-02,3,Late,66.5,83311.2
PO002706,2025-01-01,S06,SUP02,P04,72.1,320.0,2025-01-03,2025-01-06,5,Late,63.0,23072.0
PO002707,2025-01-07,S06,SUP02,P04,80.5,320.0,2025-01-09,2025-01-08,1,Early,80.5,25760.0
PO002708,2025-01-13,S06,SUP02,P04,83.8,320.0,2025-01-15,2025-01-19,6,Late,73.4,26816.0
PO002709,2025-01-20,S06,SUP02,P04,87.4,320.0,2025-01-22,2025-01-21,1,Early,87.4,27968.0
PO002710,2025-01-28,S06,SUP02,P04,85.7,320.0,2025-01-30,2025-01-30,2,On-time,85.7,27424.0
PO002711,2025-02-03,S06,SUP02,P04,87.9,321.3,2025-02-05,2025-02-06,3,Late,87.9,28242.3
PO002712,2025-02-10,S06,SUP02,P04,88.3,321.3,2025-02-12,2025-02-12,2,On-time,88.3,28370.8
PO002713,2025-02-15,S06,SUP02,P04,98.1,321.3,2025-02-17,2025-02-20,5,Late,86.8,31519.5
PO002714,2025-02-22,S06,SUP02,P04,97.2,321.3,2025-02-24,2025-02-23,1,Early,97.2,31230.4
PO002715,2025-03-02,S06,SUP02,P04,93.3,322.6,2025-03-04,2025-03-05,3,Late,93.3,30098.6
PO002716,2025-03-09,S06,SUP02,P04,95.2,322.6,2025-03-11,2025-03-12,3,Late,95.2,30711.5
PO002717,2025-03-16,S06,SUP02,P04,96.2,322.6,2025-03-18,2025-03-18,2,On-time,96.2,31034.1
PO002718,2025-03-23,S06,SUP02,P04,95.2,322.6,2025-03-25,2025-03-25,2,On-time,95.2,30711.5
PO002719,2025-03-30,S06,SUP02,P04,98.7,322.6,2025-04-01,2025-04-02,3,Late,98.7,31840.6
PO002720,2025-04-05,S06,SUP02,P04,99.9,323.8,2025-04-07,2025-04-07,2,On-time,99.9,32347.6
PO002721,2025-04-15,S06,SUP02,P04,85.0,323.8,2025-04-17,2025-04-16,1,Early,85.0,27523.0
PO002722,2025-04-22,S06,SUP02,P04,82.6,323.8,2025-04-24,2025-04-24,2,On-time,82.6,26745.9
PO002723,2025-04-30,S06,SUP02,P04,78.4,323.8,2025-05-02,2025-05-02,2,On-time,78.4,25385.9
PO002724,2025-05-07,S06,SUP02,P04,80.0,325.1,2025-05-09,2025-05-08,1,Early,80.0,26008.0
PO002725,2025-05-14,S06,SUP02,P04,78.2,325.1,2025-05-16,2025-05-20,6,Late,61.6,25422.8
PO002726,2025-05-21,S06,SUP02,P04,78.2,325.1,2025-05-23,2025-05-23,2,On-time,78.2,25422.8
PO002727,2025-05-28,S06,SUP02,P04,77.7,325.1,2025-05-30,2025-05-30,2,On-time,77.7,25260.3
PO002728,2025-06-04,S06,SUP02,P04,79.8,326.4,2025-06-06,2025-06-07,3,Late,79.8,26046.7
PO002729,2025-06-09,S06,SUP02,P04,91.2,326.4,2025-06-11,2025-06-11,2,On-time,91.2,29767.7
PO002730,2025-06-17,S06,SUP02,P04,84.5,326.4,2025-06-19,2025-06-19,2,On-time,84.5,27580.8
PO002731,2025-06-24,S06,SUP02,P04,81.5,326.4,2025-06-26,2025-06-26,2,On-time,81.5,26601.6
PO002732,2025-07-01,S06,SUP02,P04,82.4,327.7,2025-07-03,2025-07-06,5,Late,69.0,27002.5
PO002733,2025-07-07,S06,SUP02,P04,82.7,327.7,2025-07-09,2025-07-09,2,On-time,82.7,27100.8
PO002734,2025-07-15,S06,SUP02,P04,79.0,327.7,2025-07-17,2025-07-17,2,On-time,79.0,25888.3
PO002735,2025-07-22,S06,SUP02,P04,79.9,327.7,2025-07-24,2025-07-24,2,On-time,79.9,26183.2
PO002736,2025-07-29,S06,SUP02,P04,79.7,327.7,2025-07-31,2025-07-30,1,Early,79.7,26117.7
PO002737,2025-08-04,S06,SUP02,P04,83.2,329.0,2025-08-06,2025-08-05,1,Early,83.2,27372.8
PO002738,2025-08-11,S06,SUP02,P04,82.5,329.0,2025-08-13,2025-08-13,2,On-time,82.5,27142.5
PO002739,2025-08-19,S06,SUP02,P04,81.7,329.0,2025-08-21,2025-08-20,1,Early,81.7,26879.3
PO002740,2025-08-25,S06,SUP02,P04,82.5,329.0,2025-08-27,2025-08-30,5,Late,63.0,27142.5
PO002741,2025-08-31,S06,SUP02,P04,80.9,329.0,2025-09-02,2025-09-03,3,Late,80.9,26616.1
PO002742,2025-09-07,S06,SUP02,P04,80.0,330.2,2025-09-09,2025-09-10,3,Late,80.0,26416.0
PO002743,2025-09-14,S06,SUP02,P04,81.7,330.2,2025-09-16,2025-09-16,2,On-time,81.7,26977.3
PO002744,2025-09-21,S06,SUP02,P04,82.6,330.2,2025-09-23,2025-09-23,2,On-time,82.6,27274.5
PO002745,2025-09-28,S06,SUP02,P04,81.5,330.2,2025-09-30,2025-09-30,2,On-time,81.5,26911.3
PO002746,2025-10-05,S06,SUP02,P04,83.7,331.5,2025-10-07,2025-10-06,1,Early,83.7,27746.5
PO002747,2025-10-12,S06,SUP02,P04,87.6,331.5,2025-10-14,2025-10-16,4,Late,71.5,29039.4
PO002748,2025-10-18,S06,SUP02,P04,83.2,331.5,2025-10-20,2025-10-21,3,Late,83.2,27580.8
PO002749,2025-10-25,S06,SUP02,P04,82.9,331.5,2025-10-27,2025-10-27,2,On-time,82.9,27481.4
PO002750,2025-11-01,S06,SUP02,P04,84.0,332.8,2025-11-03,2025-11-03,2,On-time,84.0,27955.2
PO002751,2025-11-08,S06,SUP02,P04,87.6,332.8,2025-11-10,2025-11-11,3,Late,87.6,29153.3
PO002752,2025-11-15,S06,SUP02,P04,90.8,332.8,2025-11-17,2025-11-16,1,Early,90.8,30218.2
PO002753,2025-11-21,S06,SUP02,P04,90.8,332.8,2025-11-23,2025-11-26,5,Late,78.9,30218.2
PO002754,2025-11-27,S06,SUP02,P04,94.9,332.8,2025-11-29,2025-11-29,2,On-time,94.9,31582.7
PO002755,2025-12-04,S06,SUP02,P04,93.8,334.1,2025-12-06,2025-12-06,2,On-time,93.8,31338.6
PO002756,2025-12-12,S06,SUP02,P04,93.1,334.1,2025-12-14,2025-12-14,2,On-time,93.1,31104.7
PO002757,2025-12-19,S06,SUP02,P04,91.4,334.1,2025-12-21,2025-12-25,6,Late,73.1,30536.7
PO002758,2025-12-26,S06,SUP02,P04,93.8,334.1,2025-12-28,2025-12-28,2,On-time,93.8,31338.6
PO002759,2025-01-01,S06,SUP02,P05,88.6,210.0,2025-01-03,2025-01-03,2,On-time,88.6,18606.0
PO002760,2025-01-04,S06,SUP02,P05,93.1,210.0,2025-01-06,2025-01-09,5,Late,74.2,19551.0
PO002761,2025-01-09,S06,SUP02,P05,93.5,210.0,2025-01-11,2025-01-11,2,On-time,93.5,19635.0
PO002762,2025-01-12,S06,SUP02,P05,98.4,210.0,2025-01-14,2025-01-14,2,On-time,98.4,20664.0
PO002763,2025-01-17,S06,SUP02,P05,95.4,210.0,2025-01-19,2025-01-19,2,On-time,95.4,20034.0
PO002764,2025-01-21,S06,SUP02,P05,97.2,210.0,2025-01-23,2025-01-23,2,On-time,97.2,20412.0
PO002765,2025-01-25,S06,SUP02,P05,96.2,210.0,2025-01-27,2025-01-28,3,Late,96.2,20202.0
PO002766,2025-01-30,S06,SUP02,P05,94.7,210.0,2025-02-01,2025-02-01,2,On-time,94.7,19887.0
PO002767,2025-02-02,S06,SUP02,P05,99.6,210.8,2025-02-04,2025-02-05,3,Late,99.6,20995.7
PO002768,2025-02-08,S06,SUP02,P05,98.3,210.8,2025-02-10,2025-02-10,2,On-time,98.3,20721.6
PO002769,2025-02-11,S06,SUP02,P05,96.4,210.8,2025-02-13,2025-02-13,2,On-time,96.4,20321.1
PO002770,2025-02-15,S06,SUP02,P05,99.5,210.8,2025-02-17,2025-02-18,3,Late,99.5,20974.6
PO002771,2025-02-20,S06,SUP02,P05,96.2,210.8,2025-02-22,2025-02-22,2,On-time,96.2,20279.0
PO002772,2025-02-23,S06,SUP02,P05,102.5,210.8,2025-02-25,2025-02-25,2,On-time,102.5,21607.0
PO002773,2025-02-28,S06,SUP02,P05,97.9,210.8,2025-03-02,2025-03-02,2,On-time,97.9,20637.3
PO002774,2025-03-04,S06,SUP02,P05,98.1,211.7,2025-03-06,2025-03-10,6,Late,72.9,20767.8
PO002775,2025-03-10,S06,SUP02,P05,106.3,211.7,2025-03-12,2025-03-12,2,On-time,106.3,22503.7
PO002776,2025-03-14,S06,SUP02,P05,102.2,211.7,2025-03-16,2025-03-19,5,Late,76.8,21635.7
PO002777,2025-03-19,S06,SUP02,P05,107.5,211.7,2025-03-21,2025-03-24,5,Late,80.4,22757.8
PO002778,2025-03-24,S06,SUP02,P05,113.5,211.7,2025-03-26,2025-03-26,2,On-time,113.5,24027.9
PO002779,2025-03-28,S06,SUP02,P05,110.5,211.7,2025-03-30,2025-03-30,2,On-time,110.5,23392.8
PO002780,2025-04-01,S06,SUP02,P05,116.8,212.5,2025-04-03,2025-04-03,2,On-time,116.8,24820.0
PO002781,2025-04-05,S06,SUP02,P05,114.3,212.5,2025-04-07,2025-04-10,5,Late,94.5,24288.8
PO002782,2025-04-10,S06,SUP02,P05,107.4,212.5,2025-04-12,2025-04-13,3,Late,107.4,22822.5
PO002783,2025-04-15,S06,SUP02,P05,103.6,212.5,2025-04-17,2025-04-18,3,Late,103.6,22015.0
PO002784,2025-04-19,S06,SUP02,P05,103.2,212.5,2025-04-21,2025-04-21,2,On-time,103.2,21930.0
PO002785,2025-04-23,S06,SUP02,P05,104.1,212.5,2025-04-25,2025-04-25,2,On-time,104.1,22121.2
PO002786,2025-04-27,S06,SUP02,P05,105.3,212.5,2025-04-29,2025-04-30,3,Late,105.3,22376.2
PO002787,2025-05-02,S06,SUP02,P05,99.2,213.4,2025-05-04,2025-05-04,2,On-time,99.2,21169.3
PO002788,2025-05-06,S06,SUP02,P05,102.1,213.4,2025-05-08,2025-05-08,2,On-time,102.1,21788.1
PO002789,2025-05-10,S06,SUP02,P05,102.7,213.4,2025-05-12,2025-05-13,3,Late,102.7,21916.2
PO002790,2025-05-15,S06,SUP02,P05,98.2,213.4,2025-05-17,2025-05-21,6,Late,84.8,20955.9
PO002791,2025-05-21,S06,SUP02,P05,98.3,213.4,2025-05-23,2025-05-24,3,Late,98.3,20977.2
PO002792,2025-05-25,S06,SUP02,P05,101.9,213.4,2025-05-27,2025-05-27,2,On-time,101.9,21745.5
PO002793,2025-05-30,S06,SUP02,P05,97.9,213.4,2025-06-01,2025-06-01,2,On-time,97.9,20891.9
PO002794,2025-06-03,S06,SUP02,P05,97.7,214.2,2025-06-05,2025-06-05,2,On-time,97.7,20927.3
PO002795,2025-06-07,S06,SUP02,P05,103.8,214.2,2025-06-09,2025-06-09,2,On-time,103.8,22234.0
PO002796,2025-06-10,S06,SUP02,P05,107.9,214.2,2025-06-12,2025-06-12,2,On-time,107.9,23112.2
PO002797,2025-06-15,S06,SUP02,P05,106.5,214.2,2025-06-17,2025-06-17,2,On-time,106.5,22812.3
PO002798,2025-06-19,S06,SUP02,P05,101.6,214.2,2025-06-21,2025-06-22,3,Late,101.6,21762.7
PO002799,2025-06-23,S06,SUP02,P05,102.2,214.2,2025-06-25,2025-06-27,4,Late,90.4,21891.2
PO002800,2025-06-28,S06,SUP02,P05,103.5,214.2,2025-06-30,2025-06-30,2,On-time,103.5,22169.7
PO002801,2025-07-01,S06,SUP02,P05,103.5,215.0,2025-07-03,2025-07-03,2,On-time,103.5,22252.5
PO002802,2025-07-06,S06,SUP02,P05,104.6,215.0,2025-07-08,2025-07-08,2,On-time,104.6,22489.0
PO002803,2025-07-10,S06,SUP02,P05,100.0,215.0,2025-07-12,2025-07-11,1,Early,100.0,21500.0
PO002804,2025-07-14,S06,SUP02,P05,103.7,215.0,2025-07-16,2025-07-20,6,Late,96.3,22295.5
PO002805,2025-07-20,S06,SUP02,P05,104.2,215.0,2025-07-22,2025-07-22,2,On-time,104.2,22403.0
PO002806,2025-07-26,S06,SUP02,P05,100.0,215.0,2025-07-28,2025-07-28,2,On-time,100.0,21500.0
PO002807,2025-07-30,S06,SUP02,P05,96.6,215.0,2025-08-01,2025-08-01,2,On-time,96.6,20769.0
PO002808,2025-08-03,S06,SUP02,P05,102.6,215.9,2025-08-05,2025-08-04,1,Early,102.6,22151.3
PO002809,2025-08-07,S06,SUP02,P05,97.3,215.9,2025-08-09,2025-08-10,3,Late,97.3,21007.1
PO002810,2025-08-11,S06,SUP02,P05,99.9,215.9,2025-08-13,2025-08-14,3,Late,99.9,21568.4
PO002811,2025-08-15,S06,SUP02,P05,102.9,215.9,2025-08-17,2025-08-19,4,Late,79.2,22216.1
PO002812,2025-08-19,S06,SUP02,P05,102.4,215.9,2025-08-21,2025-08-21,2,On-time,102.4,22108.2
PO002813,2025-08-23,S06,SUP02,P05,102.7,215.9,2025-08-25,2025-08-25,2,On-time,102.7,22172.9
PO002814,2025-08-28,S06,SUP02,P05,97.4,215.9,2025-08-30,2025-09-04,7,Late,71.3,21028.7
PO002815,2025-09-04,S06,SUP02,P05,97.7,216.7,2025-09-06,2025-09-07,3,Late,97.7,21171.6
PO002816,2025-09-07,S06,SUP02,P05,102.8,216.7,2025-09-09,2025-09-08,1,Early,102.8,22276.8
PO002817,2025-09-11,S06,SUP02,P05,103.1,216.7,2025-09-13,2025-09-13,2,On-time,103.1,22341.8
PO002818,2025-09-15,S06,SUP02,P05,105.4,216.7,2025-09-17,2025-09-17,2,On-time,105.4,22840.2
PO002819,2025-09-20,S06,SUP02,P05,105.7,216.7,2025-09-22,2025-09-22,2,On-time,105.7,22905.2
PO002820,2025-09-24,S06,SUP02,P05,102.3,216.7,2025-09-26,2025-09-26,2,On-time,102.3,22168.4
PO002821,2025-09-28,S06,SUP02,P05,106.2,216.7,2025-09-30,2025-10-04,6,Late,86.6,23013.5
PO002822,2025-10-04,S06,SUP02,P05,104.9,217.6,2025-10-06,2025-10-10,6,Late,87.4,22826.2
PO002823,2025-10-10,S06,SUP02,P05,99.3,217.6,2025-10-12,2025-10-12,2,On-time,99.3,21607.7
PO002824,2025-10-14,S06,SUP02,P05,100.8,217.6,2025-10-16,2025-10-18,4,Late,100.8,21934.1
PO002825,2025-10-18,S06,SUP02,P05,102.8,217.6,2025-10-20,2025-10-19,1,Early,102.8,22369.3
PO002826,2025-10-23,S06,SUP02,P05,101.4,217.6,2025-10-25,2025-10-25,2,On-time,101.4,22064.6
PO002827,2025-10-27,S06,SUP02,P05,104.1,217.6,2025-10-29,2025-11-03,7,Late,79.2,22652.2
PO002828,2025-11-03,S06,SUP02,P05,100.7,218.4,2025-11-05,2025-11-05,2,On-time,100.7,21992.9
PO002829,2025-11-07,S06,SUP02,P05,98.4,218.4,2025-11-09,2025-11-09,2,On-time,98.4,21490.6
PO002830,2025-11-12,S06,SUP02,P05,97.8,218.4,2025-11-14,2025-11-15,3,Late,97.8,21359.5
PO002831,2025-11-16,S06,SUP02,P05,100.3,218.4,2025-11-18,2025-11-18,2,On-time,100.3,21905.5
PO002832,2025-11-20,S06,SUP02,P05,98.1,218.4,2025-11-22,2025-11-22,2,On-time,98.1,21425.0
PO002833,2025-11-24,S06,SUP02,P05,101.7,218.4,2025-11-26,2025-11-25,1,Early,101.7,22211.3
PO002834,2025-11-28,S06,SUP02,P05,98.8,218.4,2025-11-30,2025-11-30,2,On-time,98.8,21577.9
PO002835,2025-12-02,S06,SUP02,P05,100.7,219.2,2025-12-04,2025-12-04,2,On-time,100.7,22073.4
PO002836,2025-12-06,S06,SUP02,P05,101.9,219.2,2025-12-08,2025-12-08,2,On-time,101.9,22336.5
PO002837,2025-12-11,S06,SUP02,P05,98.7,219.2,2025-12-13,2025-12-12,1,Early,98.7,21635.0
PO002838,2025-12-15,S06,SUP02,P05,100.7,219.2,2025-12-17,2025-12-19,4,Late,100.7,22073.4
PO002839,2025-12-20,S06,SUP02,P05,104.2,219.2,2025-12-22,2025-12-26,6,Late,78.8,22840.6
PO002840,2025-12-26,S06,SUP02,P05,102.5,219.2,2025-12-28,2025-12-28,2,On-time,102.5,22468.0
PO002841,2025-12-29,S06,SUP02,P05,106.7,219.2,2025-12-31,2026-01-01,3,Late,106.7,23388.6
PO002842,2025-01-01,S06,SUP04,P06,23.4,900.0,2025-01-06,2025-01-06,5,On-time,23.4,21060.0
PO002843,2025-01-18,S06,SUP04,P06,25.2,900.0,2025-01-23,2025-01-23,5,On-time,25.2,22680.0
PO002844,2025-02-10,S06,SUP04,P06,25.8,903.6,2025-02-15,2025-02-15,5,On-time,25.8,23312.9
PO002845,2025-03-03,S06,SUP04,P06,28.2,907.2,2025-03-08,2025-03-12,9,Late,25.8,25583.0
PO002846,2025-03-22,S06,SUP04,P06,29.3,907.2,2025-03-27,2025-03-29,7,Late,21.4,26581.0
PO002847,2025-04-07,S06,SUP04,P06,30.0,910.8,2025-04-12,2025-04-12,5,On-time,30.0,27324.0
PO002848,2025-05-07,S06,SUP04,P06,25.3,914.4,2025-05-12,2025-05-14,7,Late,20.6,23134.3
PO002849,2025-05-25,S06,SUP04,P06,26.5,914.4,2025-05-30,2025-05-30,5,On-time,26.5,24231.6
PO002850,2025-06-16,S06,SUP04,P06,26.7,918.0,2025-06-21,2025-06-21,5,On-time,26.7,24510.6
PO002851,2025-07-10,S06,SUP04,P06,25.8,921.6,2025-07-15,2025-07-15,5,On-time,25.8,23777.3
PO002852,2025-08-02,S06,SUP04,P06,25.9,925.2,2025-08-07,2025-08-07,5,On-time,25.9,23962.7
PO002853,2025-08-23,S06,SUP04,P06,27.4,925.2,2025-08-28,2025-08-31,8,Late,19.6,25350.5
PO002854,2025-09-08,S06,SUP04,P06,27.3,928.8,2025-09-13,2025-09-18,10,Late,21.3,25356.2
PO002855,2025-09-27,S06,SUP04,P06,27.2,928.8,2025-10-02,2025-10-02,5,On-time,27.2,25263.4
PO002856,2025-10-20,S06,SUP04,P06,27.2,932.4,2025-10-25,2025-10-26,6,Late,27.2,25361.3
PO002857,2025-11-12,S06,SUP04,P06,27.0,936.0,2025-11-17,2025-11-17,5,On-time,27.0,25272.0
PO002858,2025-12-04,S06,SUP04,P06,27.1,939.6,2025-12-09,2025-12-08,4,Early,27.1,25463.2
PO002859,2025-12-27,S06,SUP04,P06,27.6,939.6,2026-01-01,2025-12-31,4,Early,27.6,25933.0
PO002860,2025-01-01,S06,SUP06,P07,119.2,1450.0,2025-01-07,2025-01-07,6,On-time,119.2,172840.0
PO002861,2025-01-16,S06,SUP06,P07,136.1,1450.0,2025-01-22,2025-01-22,6,On-time,136.1,197345.0
PO002862,2025-02-06,S06,SUP06,P07,139.8,1455.8,2025-02-12,2025-02-11,5,Early,139.8,203520.8
PO002863,2025-02-22,S06,SUP06,P07,166.8,1455.8,2025-02-28,2025-02-28,6,On-time,166.8,242827.4
PO002864,2025-03-16,S06,SUP06,P07,174.4,1461.6,2025-03-22,2025-03-21,5,Early,174.4,254903.0
PO002865,2025-04-12,S06,SUP06,P07,146.3,1467.4,2025-04-18,2025-04-18,6,On-time,146.3,214680.6
PO002866,2025-05-10,S06,SUP06,P07,132.8,1473.2,2025-05-16,2025-05-16,6,On-time,132.8,195641.0
PO002867,2025-06-02,S06,SUP06,P07,130.2,1479.0,2025-06-08,2025-06-09,7,Late,130.2,192565.8
PO002868,2025-06-24,S06,SUP06,P07,132.7,1479.0,2025-06-30,2025-06-30,6,On-time,132.7,196263.3
PO002869,2025-07-19,S06,SUP06,P07,131.1,1484.8,2025-07-25,2025-07-25,6,On-time,131.1,194657.3
PO002870,2025-08-12,S06,SUP06,P07,123.7,1490.6,2025-08-18,2025-08-19,7,Late,123.7,184387.2
PO002871,2025-08-31,S06,SUP06,P07,138.4,1490.6,2025-09-06,2025-09-10,10,Late,123.6,206299.0
PO002872,2025-09-21,S06,SUP06,P07,139.3,1496.4,2025-09-27,2025-09-28,7,Late,139.3,208448.5
PO002873,2025-10-16,S06,SUP06,P07,132.7,1502.2,2025-10-22,2025-10-22,6,On-time,132.7,199341.9
PO002874,2025-11-06,S06,SUP06,P07,143.4,1508.0,2025-11-12,2025-11-12,6,On-time,143.4,216247.2
PO002875,2025-11-24,S06,SUP06,P07,164.3,1508.0,2025-11-30,2025-11-30,6,On-time,164.3,247764.4
PO002876,2025-12-17,S06,SUP06,P07,167.6,1513.8,2025-12-23,2025-12-23,6,On-time,167.6,253712.9
PO002877,2025-01-01,S06,SUP06,P08,8.2,3200.0,2025-01-07,2025-01-07,6,On-time,8.2,26240.0
PO002878,2025-01-16,S06,SUP06,P08,9.6,3200.0,2025-01-22,2025-01-22,6,On-time,9.6,30720.0
PO002879,2025-02-05,S06,SUP06,P08,10.0,3212.8,2025-02-11,2025-02-11,6,On-time,10.0,32128.0
PO002880,2025-02-27,S06,SUP06,P08,10.5,3212.8,2025-03-05,2025-03-04,5,Early,10.5,33734.4
PO002881,2025-03-24,S06,SUP06,P08,10.4,3225.6,2025-03-30,2025-03-31,7,Late,10.4,33546.2
PO002882,2025-04-19,S06,SUP06,P08,9.4,3238.4,2025-04-25,2025-04-23,4,Early,9.4,30441.0
PO002883,2025-05-16,S06,SUP06,P08,8.8,3251.2,2025-05-22,2025-05-24,8,Late,6.9,28610.6
PO002884,2025-06-02,S06,SUP06,P08,9.1,3264.0,2025-06-08,2025-06-07,5,Early,9.1,29702.4
PO002885,2025-06-25,S06,SUP06,P08,9.2,3264.0,2025-07-01,2025-06-30,5,Early,9.2,30028.8
PO002886,2025-07-19,S06,SUP06,P08,9.3,3276.8,2025-07-25,2025-07-27,8,Late,6.6,30474.2
PO002887,2025-08-07,S06,SUP06,P08,8.7,3289.6,2025-08-13,2025-08-13,6,On-time,8.7,28619.5
PO002888,2025-08-29,S06,SUP06,P08,9.3,3289.6,2025-09-04,2025-09-04,6,On-time,9.3,30593.3
PO002889,2025-09-20,S06,SUP06,P08,9.7,3302.4,2025-09-26,2025-09-25,5,Early,9.7,32033.3
PO002890,2025-10-14,S06,SUP06,P08,9.3,3315.2,2025-10-20,2025-10-19,5,Early,9.3,30831.4
PO002891,2025-11-05,S06,SUP06,P08,10.0,3328.0,2025-11-11,2025-11-11,6,On-time,10.0,33280.0
PO002892,2025-11-22,S06,SUP06,P08,11.5,3328.0,2025-11-28,2025-12-02,10,Late,10.1,38272.0
PO002893,2025-12-13,S06,SUP06,P08,11.4,3340.8,2025-12-19,2025-12-19,6,On-time,11.4,38085.1
PO002894,2025-01-01,S06,SUP04,P09,27.9,350.0,2025-01-06,2025-01-07,6,Late,27.9,9765.0
PO002895,2025-01-18,S06,SUP04,P09,30.9,350.0,2025-01-23,2025-01-24,6,Late,30.9,10815.0
PO002896,2025-02-09,S06,SUP04,P09,30.4,351.4,2025-02-14,2025-02-15,6,Late,30.4,10682.6
PO002897,2025-03-02,S06,SUP04,P09,32.2,352.8,2025-03-07,2025-03-06,4,Early,32.2,11360.2
PO002898,2025-03-21,S06,SUP04,P09,35.2,352.8,2025-03-26,2025-03-29,8,Late,32.0,12418.6
PO002899,2025-04-07,S06,SUP04,P09,38.0,354.2,2025-04-12,2025-04-14,7,Late,27.1,13459.6
PO002900,2025-04-29,S06,SUP04,P09,31.2,354.2,2025-05-04,2025-05-08,9,Late,21.9,11051.0
PO002901,2025-05-15,S06,SUP04,P09,31.0,355.6,2025-05-20,2025-05-21,6,Late,31.0,11023.6
PO002902,2025-06-06,S06,SUP04,P09,30.4,357.0,2025-06-11,2025-06-11,5,On-time,30.4,10852.8
PO002903,2025-06-27,S06,SUP04,P09,31.6,357.0,2025-07-02,2025-07-02,5,On-time,31.6,11281.2
PO002904,2025-07-17,S06,SUP04,P09,32.8,358.4,2025-07-22,2025-07-22,5,On-time,32.8,11755.5
PO002905,2025-08-09,S06,SUP04,P09,32.2,359.8,2025-08-14,2025-08-13,4,Early,32.2,11585.6
PO002906,2025-08-31,S06,SUP04,P09,32.6,359.8,2025-09-05,2025-09-05,5,On-time,32.6,11729.5
PO002907,2025-09-22,S06,SUP04,P09,32.3,361.2,2025-09-27,2025-09-27,5,On-time,32.3,11666.8
PO002908,2025-10-15,S06,SUP04,P09,30.9,362.6,2025-10-20,2025-10-19,4,Early,30.9,11204.3
PO002909,2025-11-05,S06,SUP04,P09,32.1,364.0,2025-11-10,2025-11-10,5,On-time,32.1,11684.4
PO002910,2025-11-26,S06,SUP04,P09,32.4,364.0,2025-12-01,2025-12-01,5,On-time,32.4,11793.6
PO002911,2025-12-20,S06,SUP04,P09,32.5,365.4,2025-12-25,2025-12-25,5,On-time,32.5,11875.5
PO002912,2025-01-01,S06,SUP01,P10,15.4,90.0,2025-01-04,2025-01-02,1,Early,15.4,1386.0
PO002913,2025-01-18,S06,SUP01,P10,16.9,90.0,2025-01-21,2025-01-21,3,On-time,16.9,1521.0
PO002914,2025-02-10,S06,SUP01,P10,17.3,90.4,2025-02-13,2025-02-13,3,On-time,17.3,1563.9
PO002915,2025-03-06,S06,SUP01,P10,16.6,90.7,2025-03-09,2025-03-09,3,On-time,16.6,1505.6
PO002916,2025-03-26,S06,SUP01,P10,17.9,90.7,2025-03-29,2025-03-28,2,Early,17.9,1623.5
PO002917,2025-04-19,S06,SUP01,P10,17.4,91.1,2025-04-22,2025-04-25,6,Late,13.0,1585.1
PO002918,2025-05-05,S06,SUP01,P10,17.9,91.4,2025-05-08,2025-05-07,2,Early,17.9,1636.1
PO002919,2025-05-31,S06,SUP01,P10,16.9,91.4,2025-06-03,2025-06-02,2,Early,16.9,1544.7
PO002920,2025-06-21,S06,SUP01,P10,18.2,91.8,2025-06-24,2025-06-24,3,On-time,18.2,1670.8
PO002921,2025-07-14,S06,SUP01,P10,17.9,92.2,2025-07-17,2025-07-20,6,Late,14.2,1650.4
PO002922,2025-08-02,S06,SUP01,P10,17.9,92.5,2025-08-05,2025-08-05,3,On-time,17.9,1655.7
PO002923,2025-08-25,S06,SUP01,P10,18.0,92.5,2025-08-28,2025-08-28,3,On-time,18.0,1665.0
PO002924,2025-09-17,S06,SUP01,P10,17.9,92.9,2025-09-20,2025-09-21,4,Late,17.9,1662.9
PO002925,2025-10-10,S06,SUP01,P10,17.8,93.2,2025-10-13,2025-10-12,2,Early,17.8,1659.0
PO002926,2025-11-01,S06,SUP01,P10,18.6,93.6,2025-11-04,2025-11-05,4,Late,18.6,1741.0
PO002927,2025-11-24,S06,SUP01,P10,18.7,93.6,2025-11-27,2025-11-28,4,Late,18.7,1750.3
PO002928,2025-12-19,S06,SUP01,P10,17.9,94.0,2025-12-22,2025-12-22,3,On-time,17.9,1682.6
PO002929,2025-01-01,S06,SUP02,P11,23.8,1100.0,2025-01-03,2025-01-02,1,Early,23.8,26180.0
PO002930,2025-01-05,S06,SUP02,P11,27.8,1100.0,2025-01-07,2025-01-07,2,On-time,27.8,30580.0
PO002931,2025-01-11,S06,SUP02,P11,29.0,1100.0,2025-01-13,2025-01-13,2,On-time,29.0,31900.0
PO002932,2025-01-17,S06,SUP02,P11,29.7,1100.0,2025-01-19,2025-01-19,2,On-time,29.7,32670.0
PO002933,2025-01-24,S06,SUP02,P11,30.5,1100.0,2025-01-26,2025-01-29,5,Late,26.7,33550.0
PO002934,2025-01-31,S06,SUP02,P11,30.0,1100.0,2025-02-02,2025-02-01,1,Early,30.0,33000.0
PO002935,2025-02-06,S06,SUP02,P11,31.0,1104.4,2025-02-08,2025-02-08,2,On-time,31.0,34236.4
PO002936,2025-02-12,S06,SUP02,P11,33.2,1104.4,2025-02-14,2025-02-14,2,On-time,33.2,36666.1
PO002937,2025-02-17,S06,SUP02,P11,36.8,1104.4,2025-02-19,2025-02-19,2,On-time,36.8,40641.9
PO002938,2025-02-26,S06,SUP02,P11,33.7,1104.4,2025-02-28,2025-03-05,7,Late,29.6,37218.3
PO002939,2025-03-07,S06,SUP02,P11,33.5,1108.8,2025-03-09,2025-03-08,1,Early,33.5,37144.8
PO002940,2025-03-14,S06,SUP02,P11,32.8,1108.8,2025-03-16,2025-03-16,2,On-time,32.8,36368.6
PO002941,2025-03-21,S06,SUP02,P11,33.1,1108.8,2025-03-23,2025-03-23,2,On-time,33.1,36701.3
PO002942,2025-03-28,S06,SUP02,P11,33.2,1108.8,2025-03-30,2025-03-31,3,Late,33.2,36812.2
PO002943,2025-04-02,S06,SUP02,P11,38.0,1113.2,2025-04-04,2025-04-04,2,On-time,38.0,42301.6
PO002944,2025-04-12,S06,SUP02,P11,30.4,1113.2,2025-04-14,2025-04-13,1,Early,30.4,33841.3
PO002945,2025-04-21,S06,SUP02,P11,27.3,1113.2,2025-04-23,2025-04-23,2,On-time,27.3,30390.4
PO002946,2025-04-27,S06,SUP02,P11,28.2,1113.2,2025-04-29,2025-04-30,3,Late,28.2,31392.2
PO002947,2025-05-05,S06,SUP02,P11,27.6,1117.6,2025-05-07,2025-05-08,3,Late,27.6,30845.8
PO002948,2025-05-12,S06,SUP02,P11,26.9,1117.6,2025-05-14,2025-05-14,2,On-time,26.9,30063.4
PO002949,2025-05-19,S06,SUP02,P11,27.2,1117.6,2025-05-21,2025-05-22,3,Late,27.2,30398.7
PO002950,2025-05-26,S06,SUP02,P11,27.1,1117.6,2025-05-28,2025-05-29,3,Late,27.1,30287.0
PO002951,2025-06-02,S06,SUP02,P11,27.1,1122.0,2025-06-04,2025-06-04,2,On-time,27.1,30406.2
PO002952,2025-06-09,S06,SUP02,P11,28.6,1122.0,2025-06-11,2025-06-11,2,On-time,28.6,32089.2
PO002953,2025-06-17,S06,SUP02,P11,26.7,1122.0,2025-06-19,2025-06-19,2,On-time,26.7,29957.4
PO002954,2025-06-24,S06,SUP02,P11,26.2,1122.0,2025-06-26,2025-06-25,1,Early,26.2,29396.4
PO002955,2025-07-01,S06,SUP02,P11,26.2,1126.4,2025-07-03,2025-07-03,2,On-time,26.2,29511.7
PO002956,2025-07-08,S06,SUP02,P11,26.4,1126.4,2025-07-10,2025-07-10,2,On-time,26.4,29737.0
PO002957,2025-07-14,S06,SUP02,P11,28.2,1126.4,2025-07-16,2025-07-16,2,On-time,28.2,31764.5
PO002958,2025-07-22,S06,SUP02,P11,27.1,1126.4,2025-07-24,2025-07-24,2,On-time,27.1,30525.4
PO002959,2025-07-29,S06,SUP02,P11,26.6,1126.4,2025-07-31,2025-07-31,2,On-time,26.6,29962.2
PO002960,2025-08-05,S06,SUP02,P11,27.0,1130.8,2025-08-07,2025-08-07,2,On-time,27.0,30531.6
PO002961,2025-08-12,S06,SUP02,P11,26.8,1130.8,2025-08-14,2025-08-15,3,Late,26.8,30305.4
PO002962,2025-08-19,S06,SUP02,P11,26.3,1130.8,2025-08-21,2025-08-21,2,On-time,26.3,29740.0
PO002963,2025-08-26,S06,SUP02,P11,26.3,1130.8,2025-08-28,2025-08-29,3,Late,26.3,29740.0
PO002964,2025-09-02,S06,SUP02,P11,26.3,1135.2,2025-09-04,2025-09-03,1,Early,26.3,29855.8
PO002965,2025-09-08,S06,SUP02,P11,27.2,1135.2,2025-09-10,2025-09-09,1,Early,27.2,30877.4
PO002966,2025-09-15,S06,SUP02,P11,27.3,1135.2,2025-09-17,2025-09-17,2,On-time,27.3,30991.0
PO002967,2025-09-22,S06,SUP02,P11,28.0,1135.2,2025-09-24,2025-09-23,1,Early,28.0,31785.6
PO002968,2025-09-29,S06,SUP02,P11,28.2,1135.2,2025-10-01,2025-10-01,2,On-time,28.2,32012.6
PO002969,2025-10-07,S06,SUP02,P11,26.7,1139.6,2025-10-09,2025-10-09,2,On-time,26.7,30427.3
PO002970,2025-10-14,S06,SUP02,P11,26.1,1139.6,2025-10-16,2025-10-16,2,On-time,26.1,29743.6
PO002971,2025-10-21,S06,SUP02,P11,26.6,1139.6,2025-10-23,2025-10-22,1,Early,26.6,30313.4
PO002972,2025-10-28,S06,SUP02,P11,27.1,1139.6,2025-10-30,2025-10-29,1,Early,27.1,30883.2
PO002973,2025-11-03,S06,SUP02,P11,29.0,1144.0,2025-11-05,2025-11-09,6,Late,23.9,33176.0
PO002974,2025-11-09,S06,SUP02,P11,32.7,1144.0,2025-11-11,2025-11-11,2,On-time,32.7,37408.8
PO002975,2025-11-17,S06,SUP02,P11,32.7,1144.0,2025-11-19,2025-11-23,6,Late,27.6,37408.8
PO002976,2025-11-24,S06,SUP02,P11,33.9,1144.0,2025-11-26,2025-11-26,2,On-time,33.9,38781.6
PO002977,2025-12-01,S06,SUP02,P11,34.0,1148.4,2025-12-03,2025-12-07,6,Late,30.4,39045.6
PO002978,2025-12-08,S06,SUP02,P11,34.8,1148.4,2025-12-10,2025-12-09,1,Early,34.8,39964.3
PO002979,2025-12-16,S06,SUP02,P11,34.4,1148.4,2025-12-18,2025-12-18,2,On-time,34.4,39505.0
PO002980,2025-12-23,S06,SUP02,P11,34.7,1148.4,2025-12-25,2025-12-26,3,Late,34.7,39849.5
PO002981,2025-12-30,S06,SUP02,P11,34.5,1148.4,2026-01-01,2026-01-02,3,Late,34.5,39619.8
PO002982,2025-01-01,S06,SUP05,P12,7.6,520.0,2025-01-02,2025-01-03,2,Late,7.6,3952.0
PO002983,2025-01-03,S06,SUP05,P12,7.8,520.0,2025-01-04,2025-01-04,1,On-time,7.8,4056.0
PO002984,2025-01-06,S06,SUP05,P12,8.1,520.0,2025-01-07,2025-01-08,2,Late,8.1,4212.0
PO002985,2025-01-09,S06,SUP05,P12,7.7,520.0,2025-01-10,2025-01-11,2,Late,7.7,4004.0
PO002986,2025-01-12,S06,SUP05,P12,8.1,520.0,2025-01-13,2025-01-13,1,On-time,8.1,4212.0
PO002987,2025-01-15,S06,SUP05,P12,7.9,520.0,2025-01-16,2025-01-16,1,On-time,7.9,4108.0
PO002988,2025-01-18,S06,SUP05,P12,8.2,520.0,2025-01-19,2025-01-19,1,On-time,8.2,4264.0
PO002989,2025-01-21,S06,SUP05,P12,8.1,520.0,2025-01-22,2025-01-26,5,Late,6.8,4212.0
PO002990,2025-01-26,S06,SUP05,P12,8.4,520.0,2025-01-27,2025-01-27,1,On-time,8.4,4368.0
PO002991,2025-01-29,S06,SUP05,P12,8.3,520.0,2025-01-30,2025-01-30,1,On-time,8.3,4316.0
PO002992,2025-02-01,S06,SUP05,P12,8.6,520.0,2025-02-02,2025-02-03,2,Late,8.6,4472.0
PO002993,2025-02-04,S06,SUP05,P12,8.4,520.0,2025-02-05,2025-02-05,1,On-time,8.4,4368.0
PO002994,2025-02-07,S06,SUP05,P12,8.6,520.0,2025-02-08,2025-02-12,5,Late,6.1,4472.0
PO002995,2025-02-12,S06,SUP05,P12,9.0,520.0,2025-02-13,2025-02-13,1,On-time,9.0,4680.0
PO002996,2025-02-13,S06,SUP05,P12,9.7,520.0,2025-02-14,2025-02-14,1,On-time,9.7,5044.0
PO002997,2025-02-15,S06,SUP05,P12,10.9,520.0,2025-02-16,2025-02-16,1,On-time,10.9,5668.0
PO002998,2025-02-19,S06,SUP05,P12,9.8,520.0,2025-02-20,2025-02-23,4,Late,8.4,5096.0
PO002999,2025-02-23,S06,SUP05,P12,9.7,520.0,2025-02-24,2025-02-27,4,Late,8.5,5044.0
PO003000,2025-02-27,S06,SUP05,P12,9.1,520.0,2025-02-28,2025-03-01,2,Late,9.1,4732.0
PO003001,2025-03-02,S06,SUP05,P12,9.5,520.0,2025-03-03,2025-03-03,1,On-time,9.5,4940.0
PO003002,2025-03-05,S06,SUP05,P12,9.4,520.0,2025-03-06,2025-03-10,5,Late,7.3,4888.0
PO003003,2025-03-10,S06,SUP05,P12,9.8,520.0,2025-03-11,2025-03-12,2,Late,9.8,5096.0
PO003004,2025-03-13,S06,SUP05,P12,9.7,520.0,2025-03-14,2025-03-14,1,On-time,9.7,5044.0
PO003005,2025-03-16,S06,SUP05,P12,9.9,520.0,2025-03-17,2025-03-17,1,On-time,9.9,5148.0
PO003006,2025-03-19,S06,SUP05,P12,9.6,520.0,2025-03-20,2025-03-20,1,On-time,9.6,4992.0
PO003007,2025-03-22,S06,SUP05,P12,10.4,520.0,2025-03-23,2025-03-24,2,Late,10.4,5408.0
PO003008,2025-03-25,S06,SUP05,P12,10.0,520.0,2025-03-26,2025-03-27,2,Late,10.0,5200.0
PO003009,2025-03-28,S06,SUP05,P12,9.8,520.0,2025-03-29,2025-03-29,1,On-time,9.8,5096.0
PO003010,2025-03-30,S06,SUP05,P12,10.6,520.0,2025-03-31,2025-03-31,1,On-time,10.6,5512.0
PO003011,2025-04-02,S06,SUP05,P12,6.1,812.5,2025-04-03,2025-04-03,1,On-time,6.1,4956.2
PO003012,2025-04-04,S06,SUP05,P12,5.8,812.5,2025-04-05,2025-04-05,1,On-time,5.8,4712.5
PO003013,2025-04-05,S06,SUP05,P12,5.9,812.5,2025-04-06,2025-04-06,1,On-time,5.9,4793.8
PO003014,2025-04-07,S06,SUP05,P12,5.7,812.5,2025-04-08,2025-04-09,2,Late,5.7,4631.2
PO003015,2025-04-09,S06,SUP05,P12,5.5,812.5,2025-04-10,2025-04-10,1,On-time,5.5,4468.8
PO003016,2025-04-12,S06,SUP05,P12,5.3,812.5,2025-04-13,2025-04-13,1,On-time,5.3,4306.2
PO003017,2025-04-13,S06,SUP05,P12,5.3,812.5,2025-04-14,2025-04-14,1,On-time,5.3,4306.2
PO003018,2025-04-15,S06,SUP05,P12,5.0,812.5,2025-04-16,2025-04-16,1,On-time,5.0,4062.5
PO003019,2025-04-17,S06,SUP05,P12,5.0,812.5,2025-04-18,2025-04-18,1,On-time,5.0,4062.5
PO003020,2025-04-19,S06,SUP05,P12,5.1,812.5,2025-04-20,2025-04-24,5,Late,4.4,4143.8
PO003021,2025-04-24,S06,SUP05,P12,4.8,812.5,2025-04-25,2025-04-29,5,Late,3.8,3900.0
PO003022,2025-04-29,S06,SUP05,P12,4.7,812.5,2025-04-30,2025-04-30,1,On-time,4.7,3818.8
PO003023,2025-04-30,S06,SUP05,P12,4.7,812.5,2025-05-01,2025-05-02,2,Late,4.7,3818.8
PO003024,2025-05-02,S06,SUP05,P12,4.7,812.5,2025-05-03,2025-05-03,1,On-time,4.7,3818.8
PO003025,2025-05-03,S06,SUP05,P12,5.0,812.5,2025-05-04,2025-05-04,1,On-time,5.0,4062.5
PO003026,2025-05-04,S06,SUP05,P12,5.0,812.5,2025-05-05,2025-05-08,4,Late,4.4,4062.5
PO003027,2025-05-08,S06,SUP05,P12,4.7,812.5,2025-05-09,2025-05-09,1,On-time,4.7,3818.8
PO003028,2025-05-09,S06,SUP05,P12,4.7,812.5,2025-05-10,2025-05-11,2,Late,4.7,3818.8
PO003029,2025-05-11,S06,SUP05,P12,4.9,812.5,2025-05-12,2025-05-13,2,Late,4.9,3981.3
PO003030,2025-05-13,S06,SUP05,P12,4.7,812.5,2025-05-14,2025-05-15,2,Late,4.7,3818.8
PO003031,2025-05-15,S06,SUP05,P12,4.6,812.5,2025-05-16,2025-05-20,5,Late,3.7,3737.5
PO003032,2025-05-20,S06,SUP05,P12,4.5,812.5,2025-05-21,2025-05-24,4,Late,3.2,3656.2
PO003033,2025-05-24,S06,SUP05,P12,4.6,812.5,2025-05-25,2025-05-25,1,On-time,4.6,3737.5
PO003034,2025-05-25,S06,SUP05,P12,4.8,812.5,2025-05-26,2025-05-26,1,On-time,4.8,3900.0
PO003035,2025-05-26,S06,SUP05,P12,4.7,812.5,2025-05-27,2025-05-27,1,On-time,4.7,3818.8
PO003036,2025-05-28,S06,SUP05,P12,4.5,812.5,2025-05-29,2025-05-29,1,On-time,4.5,3656.2
PO003037,2025-05-29,S06,SUP05,P12,4.6,812.5,2025-05-30,2025-05-30,1,On-time,4.6,3737.5
PO003038,2025-05-31,S06,SUP05,P12,4.5,812.5,2025-06-01,2025-06-01,1,On-time,4.5,3656.2
PO003039,2025-06-02,S06,SUP05,P12,4.5,812.5,2025-06-03,2025-06-03,1,On-time,4.5,3656.2
PO003040,2025-06-03,S06,SUP05,P12,4.5,812.5,2025-06-04,2025-06-04,1,On-time,4.5,3656.2
PO003041,2025-06-05,S06,SUP05,P12,4.5,812.5,2025-06-06,2025-06-06,1,On-time,4.5,3656.2
PO003042,2025-06-07,S06,SUP05,P12,4.9,812.5,2025-06-08,2025-06-08,1,On-time,4.9,3981.3
PO003043,2025-06-08,S06,SUP05,P12,5.0,812.5,2025-06-09,2025-06-09,1,On-time,5.0,4062.5
PO003044,2025-06-09,S06,SUP05,P12,5.1,812.5,2025-06-10,2025-06-10,1,On-time,5.1,4143.8
PO003045,2025-06-11,S06,SUP05,P12,4.8,812.5,2025-06-12,2025-06-12,1,On-time,4.8,3900.0
PO003046,2025-06-13,S06,SUP05,P12,4.8,812.5,2025-06-14,2025-06-14,1,On-time,4.8,3900.0
PO003047,2025-06-14,S06,SUP05,P12,4.8,812.5,2025-06-15,2025-06-15,1,On-time,4.8,3900.0
PO003048,2025-06-16,S06,SUP05,P12,4.9,812.5,2025-06-17,2025-06-17,1,On-time,4.9,3981.3
PO003049,2025-06-18,S06,SUP05,P12,4.8,812.5,2025-06-19,2025-06-19,1,On-time,4.8,3900.0
PO003050,2025-06-19,S06,SUP05,P12,4.7,812.5,2025-06-20,2025-06-20,1,On-time,4.7,3818.8
PO003051,2025-06-21,S06,SUP05,P12,4.8,812.5,2025-06-22,2025-06-22,1,On-time,4.8,3900.0
PO003052,2025-06-22,S06,SUP05,P12,4.9,812.5,2025-06-23,2025-06-23,1,On-time,4.9,3981.3
PO003053,2025-06-24,S06,SUP05,P12,4.7,812.5,2025-06-25,2025-06-26,2,Late,4.7,3818.8
PO003054,2025-06-26,S06,SUP05,P12,4.6,812.5,2025-06-27,2025-06-30,4,Late,4.3,3737.5
PO003055,2025-06-30,S06,SUP05,P12,4.8,812.5,2025-07-01,2025-07-01,1,On-time,4.8,3900.0
PO003056,2025-07-01,S06,SUP05,P12,4.8,812.5,2025-07-02,2025-07-05,4,Late,3.7,3900.0
PO003057,2025-07-05,S06,SUP05,P12,4.8,812.5,2025-07-06,2025-07-07,2,Late,4.8,3900.0
PO003058,2025-07-07,S06,SUP05,P12,4.7,812.5,2025-07-08,2025-07-10,3,Late,3.4,3818.8
PO003059,2025-07-10,S06,SUP05,P12,4.5,812.5,2025-07-11,2025-07-12,2,Late,4.5,3656.2
PO003060,2025-07-12,S06,SUP05,P12,4.6,812.5,2025-07-13,2025-07-13,1,On-time,4.6,3737.5
PO003061,2025-07-13,S06,SUP05,P12,4.6,812.5,2025-07-14,2025-07-14,1,On-time,4.6,3737.5
PO003062,2025-07-14,S06,SUP05,P12,4.6,812.5,2025-07-15,2025-07-16,2,Late,4.6,3737.5
PO003063,2025-07-17,S06,SUP05,P12,4.3,812.5,2025-07-18,2025-07-18,1,On-time,4.3,3493.8
PO003064,2025-07-18,S06,SUP05,P12,4.5,812.5,2025-07-19,2025-07-19,1,On-time,4.5,3656.2
PO003065,2025-07-19,S06,SUP05,P12,4.5,812.5,2025-07-20,2025-07-20,1,On-time,4.5,3656.2
PO003066,2025-07-21,S06,SUP05,P12,4.7,812.5,2025-07-22,2025-07-23,2,Late,4.7,3818.8
PO003067,2025-07-23,S06,SUP05,P12,4.6,812.5,2025-07-24,2025-07-24,1,On-time,4.6,3737.5
PO003068,2025-07-24,S06,SUP05,P12,4.6,812.5,2025-07-25,2025-07-25,1,On-time,4.6,3737.5
PO003069,2025-07-26,S06,SUP05,P12,4.7,812.5,2025-07-27,2025-07-27,1,On-time,4.7,3818.8
PO003070,2025-07-27,S06,SUP05,P12,4.7,812.5,2025-07-28,2025-07-29,2,Late,4.7,3818.8
PO003071,2025-07-29,S06,SUP05,P12,4.6,812.5,2025-07-30,2025-07-31,2,Late,4.6,3737.5
PO003072,2025-07-31,S06,SUP05,P12,4.7,812.5,2025-08-01,2025-08-03,3,Late,4.3,3818.8
PO003073,2025-08-03,S06,SUP05,P12,4.7,812.5,2025-08-04,2025-08-09,6,Late,3.6,3818.8
PO003074,2025-08-09,S06,SUP05,P12,4.8,812.5,2025-08-10,2025-08-11,2,Late,4.8,3900.0
PO003075,2025-08-11,S06,SUP05,P12,4.8,812.5,2025-08-12,2025-08-12,1,On-time,4.8,3900.0
PO003076,2025-08-12,S06,SUP05,P12,4.7,812.5,2025-08-13,2025-08-13,1,On-time,4.7,3818.8
PO003077,2025-08-14,S06,SUP05,P12,4.8,812.5,2025-08-15,2025-08-15,1,On-time,4.8,3900.0
PO003078,2025-08-15,S06,SUP05,P12,4.9,812.5,2025-08-16,2025-08-16,1,On-time,4.9,3981.3
PO003079,2025-08-16,S06,SUP05,P12,5.1,812.5,2025-08-17,2025-08-17,1,On-time,5.1,4143.8
PO003080,2025-08-18,S06,SUP05,P12,5.0,812.5,2025-08-19,2025-08-22,4,Late,3.6,4062.5
PO003081,2025-08-22,S06,SUP05,P12,4.9,812.5,2025-08-23,2025-08-23,1,On-time,4.9,3981.3
PO003082,2025-08-23,S06,SUP05,P12,5.0,812.5,2025-08-24,2025-08-27,4,Late,3.9,4062.5
PO003083,2025-08-27,S06,SUP05,P12,4.8,812.5,2025-08-28,2025-08-28,1,On-time,4.8,3900.0
PO003084,2025-08-28,S06,SUP05,P12,4.8,812.5,2025-08-29,2025-09-03,6,Late,3.7,3900.0
PO003085,2025-09-03,S06,SUP05,P12,4.7,812.5,2025-09-04,2025-09-04,1,On-time,4.7,3818.8
PO003086,2025-09-04,S06,SUP05,P12,4.7,812.5,2025-09-05,2025-09-05,1,On-time,4.7,3818.8
PO003087,2025-09-05,S06,SUP05,P12,4.6,812.5,2025-09-06,2025-09-06,1,On-time,4.6,3737.5
PO003088,2025-09-07,S06,SUP05,P12,4.8,812.5,2025-09-08,2025-09-08,1,On-time,4.8,3900.0
PO003089,2025-09-08,S06,SUP05,P12,4.8,812.5,2025-09-09,2025-09-09,1,On-time,4.8,3900.0
PO003090,2025-09-10,S06,SUP05,P12,4.6,812.5,2025-09-11,2025-09-11,1,On-time,4.6,3737.5
PO003091,2025-09-12,S06,SUP05,P12,4.7,812.5,2025-09-13,2025-09-16,4,Late,4.1,3818.8
PO003092,2025-09-16,S06,SUP05,P12,4.8,812.5,2025-09-17,2025-09-17,1,On-time,4.8,3900.0
PO003093,2025-09-17,S06,SUP05,P12,4.7,812.5,2025-09-18,2025-09-18,1,On-time,4.7,3818.8
PO003094,2025-09-19,S06,SUP05,P12,4.8,812.5,2025-09-20,2025-09-20,1,On-time,4.8,3900.0
PO003095,2025-09-20,S06,SUP05,P12,4.7,812.5,2025-09-21,2025-09-21,1,On-time,4.7,3818.8
PO003096,2025-09-22,S06,SUP05,P12,4.8,812.5,2025-09-23,2025-09-24,2,Late,4.8,3900.0
PO003097,2025-09-24,S06,SUP05,P12,4.8,812.5,2025-09-25,2025-09-25,1,On-time,4.8,3900.0
PO003098,2025-09-25,S06,SUP05,P12,4.8,812.5,2025-09-26,2025-09-26,1,On-time,4.8,3900.0
PO003099,2025-09-27,S06,SUP05,P12,4.8,812.5,2025-09-28,2025-09-28,1,On-time,4.8,3900.0
PO003100,2025-09-28,S06,SUP05,P12,4.8,812.5,2025-09-29,2025-09-29,1,On-time,4.8,3900.0
PO003101,2025-09-30,S06,SUP05,P12,4.7,812.5,2025-10-01,2025-10-02,2,Late,4.7,3818.8
PO003102,2025-10-02,S06,SUP05,P12,4.7,812.5,2025-10-03,2025-10-04,2,Late,4.7,3818.8
PO003103,2025-10-04,S06,SUP05,P12,4.8,812.5,2025-10-05,2025-10-06,2,Late,4.8,3900.0
PO003104,2025-10-06,S06,SUP05,P12,4.8,812.5,2025-10-07,2025-10-07,1,On-time,4.8,3900.0
PO003105,2025-10-07,S06,SUP05,P12,4.7,812.5,2025-10-08,2025-10-09,2,Late,4.7,3818.8
PO003106,2025-10-09,S06,SUP05,P12,4.7,812.5,2025-10-10,2025-10-13,4,Late,4.2,3818.8
PO003107,2025-10-13,S06,SUP05,P12,5.0,812.5,2025-10-14,2025-10-14,1,On-time,5.0,4062.5
PO003108,2025-10-14,S06,SUP05,P12,4.8,812.5,2025-10-15,2025-10-16,2,Late,4.8,3900.0
PO003109,2025-10-16,S06,SUP05,P12,4.7,812.5,2025-10-17,2025-10-18,2,Late,4.7,3818.8
PO003110,2025-10-18,S06,SUP05,P12,4.8,812.5,2025-10-19,2025-10-19,1,On-time,4.8,3900.0
PO003111,2025-10-19,S06,SUP05,P12,4.8,812.5,2025-10-20,2025-10-20,1,On-time,4.8,3900.0
PO003112,2025-10-21,S06,SUP05,P12,4.7,812.5,2025-10-22,2025-10-22,1,On-time,4.7,3818.8
PO003113,2025-10-23,S06,SUP05,P12,4.7,812.5,2025-10-24,2025-10-25,2,Late,4.7,3818.8
PO003114,2025-10-25,S06,SUP05,P12,4.7,812.5,2025-10-26,2025-10-26,1,On-time,4.7,3818.8
PO003115,2025-10-26,S06,SUP05,P12,4.7,812.5,2025-10-27,2025-10-30,4,Late,4.1,3818.8
PO003116,2025-10-30,S06,SUP05,P12,4.9,812.5,2025-10-31,2025-10-31,1,On-time,4.9,3981.3
PO003117,2025-10-31,S06,SUP05,P12,4.9,812.5,2025-11-01,2025-11-02,2,Late,4.9,3981.3
PO003118,2025-11-02,S06,SUP05,P12,5.1,812.5,2025-11-03,2025-11-03,1,On-time,5.1,4143.8
PO003119,2025-11-03,S06,SUP05,P12,5.1,812.5,2025-11-04,2025-11-04,1,On-time,5.1,4143.8
PO003120,2025-11-05,S06,SUP05,P12,4.7,812.5,2025-11-06,2025-11-06,1,On-time,4.7,3818.8
PO003121,2025-11-07,S06,SUP05,P12,4.7,812.5,2025-11-08,2025-11-08,1,On-time,4.7,3818.8
PO003122,2025-11-08,S06,SUP05,P12,4.8,812.5,2025-11-09,2025-11-09,1,On-time,4.8,3900.0
PO003123,2025-11-10,S06,SUP05,P12,4.8,812.5,2025-11-11,2025-11-12,2,Late,4.8,3900.0
PO003124,2025-11-12,S06,SUP05,P12,4.8,812.5,2025-11-13,2025-11-15,3,Late,4.1,3900.0
PO003125,2025-11-15,S06,SUP05,P12,5.0,812.5,2025-11-16,2025-11-17,2,Late,5.0,4062.5
PO003126,2025-11-17,S06,SUP05,P12,5.0,812.5,2025-11-18,2025-11-20,3,Late,4.0,4062.5
PO003127,2025-11-20,S06,SUP05,P12,4.9,812.5,2025-11-21,2025-11-22,2,Late,4.9,3981.3
PO003128,2025-11-22,S06,SUP05,P12,5.1,812.5,2025-11-23,2025-11-24,2,Late,5.1,4143.8
PO003129,2025-11-24,S06,SUP05,P12,5.1,812.5,2025-11-25,2025-11-25,1,On-time,5.1,4143.8
PO003130,2025-11-25,S06,SUP05,P12,5.0,812.5,2025-11-26,2025-11-26,1,On-time,5.0,4062.5
PO003131,2025-11-27,S06,SUP05,P12,5.0,812.5,2025-11-28,2025-11-28,1,On-time,5.0,4062.5
PO003132,2025-11-28,S06,SUP05,P12,4.9,812.5,2025-11-29,2025-12-03,5,Late,4.4,3981.3
PO003133,2025-12-03,S06,SUP05,P12,8.8,520.0,2025-12-04,2025-12-04,1,On-time,8.8,4576.0
PO003134,2025-12-05,S06,SUP05,P12,8.9,520.0,2025-12-06,2025-12-06,1,On-time,8.9,4628.0
PO003135,2025-12-08,S06,SUP05,P12,8.9,520.0,2025-12-09,2025-12-09,1,On-time,8.9,4628.0
PO003136,2025-12-12,S06,SUP05,P12,8.5,520.0,2025-12-13,2025-12-14,2,Late,8.5,4420.0
PO003137,2025-12-14,S06,SUP05,P12,9.0,520.0,2025-12-15,2025-12-15,1,On-time,9.0,4680.0
PO003138,2025-12-18,S06,SUP05,P12,8.6,520.0,2025-12-19,2025-12-23,5,Late,6.2,4472.0
PO003139,2025-12-23,S06,SUP05,P12,8.8,520.0,2025-12-24,2025-12-24,1,On-time,8.8,4576.0
PO003140,2025-12-26,S06,SUP05,P12,8.8,520.0,2025-12-27,2025-12-31,5,Late,7.9,4576.0
PO003141,2025-12-31,S06,SUP05,P12,9.2,520.0,2026-01-01,2026-01-06,6,Late,7.5,4784.0
